datetime,Global_active_power,Global_reactive_power,Voltage,Global_intensity,Sub_metering_1,Sub_metering_2,Sub_metering_3,hour,day_of_week,is_weekend,day_of_month,week_of_year
2026-06-29 00:00:00,0.33340000000000003,0.1033,242.95683333333332,1.4533333333333334,0.0,0.0,99.0,0,0,0,29,27
2026-06-29 01:00:00,0.30256666666666665,0.13116666666666668,243.39116666666666,1.3966666666666667,0.0,42.0,40.0,1,0,0,29,27
2026-06-29 02:00:00,0.3344333333333333,0.10400000000000001,244.38383333333334,1.4433333333333331,0.0,0.0,98.0,2,0,0,29,27
2026-06-29 03:00:00,0.6910666666666666,0.1549333333333333,242.58183333333332,2.96,0.0,42.0,100.0,3,0,0,29,27
2026-06-29 04:00:00,0.3606,0.11076666666666667,241.93583333333333,1.6033333333333333,0.0,12.0,100.0,4,0,0,29,27
2026-06-29 05:00:00,0.3186333333333333,0.10803333333333334,241.19616666666667,1.4200000000000002,0.0,29.0,99.0,5,0,0,29,27
2026-06-29 06:00:00,0.3600333333333333,0.12853333333333333,241.50300000000001,1.6433333333333335,0.0,24.0,101.0,6,0,0,29,27
2026-06-29 07:00:00,0.27476666666666666,0.09403333333333334,242.36433333333335,1.25,0.0,18.0,56.0,7,0,0,29,27
2026-06-29 08:00:00,1.1188666666666667,0.12136666666666666,241.63966666666664,4.66,0.0,33.0,877.0,8,0,0,29,27
2026-06-29 09:00:00,0.2983,0.09053333333333334,242.17383333333333,1.3333333333333333,0.0,8.0,98.0,9,0,0,29,27
2026-06-29 10:00:00,0.34223333333333333,0.14780000000000001,241.6205,1.5799999999999998,0.0,41.0,96.0,10,0,0,29,27
2026-06-29 11:00:00,0.49173333333333336,0.0669,240.3615,2.26,0.0,0.0,95.0,11,0,0,29,27
2026-06-29 12:00:00,0.3921,0.12510000000000002,240.25583333333333,1.8566666666666667,0.0,41.0,38.0,12,0,0,29,27
2026-06-29 13:00:00,0.6474666666666666,0.14006666666666667,240.9325,2.8033333333333332,0.0,0.0,177.0,13,0,0,29,27
2026-06-29 14:00:00,1.5473333333333334,0.1408333333333333,240.07816666666668,6.423333333333333,0.0,40.0,1155.0,14,0,0,29,27
2026-06-29 15:00:00,2.5704,0.14026666666666668,240.33133333333333,11.110000000000001,763.0,0.0,1162.0,15,0,0,29,27
2026-06-29 16:00:00,2.1139,0.21916666666666668,241.444,8.946666666666665,345.0,42.0,1171.0,16,0,0,29,27
2026-06-29 17:00:00,1.5021333333333333,0.0803,240.32416666666668,6.206666666666666,0.0,0.0,1159.0,17,0,0,29,27
2026-06-29 18:00:00,1.4193666666666667,0.18296666666666667,240.83983333333333,5.903333333333333,0.0,41.0,938.0,18,0,0,29,27
2026-06-29 19:00:00,0.37416666666666665,0.11389999999999999,242.45983333333334,1.6700000000000002,0.0,7.0,87.0,19,0,0,29,27
2026-06-29 20:00:00,1.4337666666666666,0.20243333333333335,241.38333333333333,6.573333333333333,867.0,34.0,99.0,20,0,0,29,27
2026-06-29 21:00:00,1.1072,0.16346666666666668,241.09516666666667,4.713333333333334,2.0,16.0,427.0,21,0,0,29,27
2026-06-29 22:00:00,1.7450666666666668,0.18259999999999998,240.212,7.253333333333333,0.0,25.0,1158.0,22,0,0,29,27
2026-06-29 23:00:00,2.1989333333333336,0.10693333333333334,237.24566666666666,9.236666666666668,8.0,24.0,1072.0,23,0,0,29,27
2026-06-30 00:00:00,3.2344999999999997,0.10253333333333334,237.15716666666668,13.6,483.00000000000006,16.0,1130.0,0,1,0,30,27
2026-06-30 01:00:00,2.3159666666666667,0.14933333333333335,241.49483333333333,9.566666666666666,537.0,33.0,1168.0,1,1,0,30,27
2026-06-30 02:00:00,0.9494666666666667,0.1221,243.56016666666667,3.933333333333333,0.0,8.0,532.0,2,1,0,30,27
2026-06-30 03:00:00,0.5507333333333334,0.12346666666666666,242.4155,2.3400000000000003,0.0,40.0,39.0,3,1,0,30,27
2026-06-30 04:00:00,0.48323333333333335,0.07336666666666666,242.3665,2.04,0.0,0.0,97.0,4,1,0,30,27
2026-06-30 05:00:00,0.34113333333333334,0.15316666666666665,241.34066666666666,1.5866666666666667,0.0,41.0,93.0,5,1,0,30,27
2026-06-30 06:00:00,0.28736666666666666,0.08263333333333334,242.29533333333333,1.2966666666666666,0.0,0.0,95.0,6,1,0,30,27
2026-06-30 07:00:00,0.2851,0.13086666666666666,241.66516666666666,1.3266666666666667,0.0,39.0,39.0,7,1,0,30,27
2026-06-30 08:00:00,0.28673333333333334,0.07883333333333332,240.30766666666665,1.29,0.0,0.0,93.0,8,1,0,30,27
2026-06-30 09:00:00,0.33676666666666666,0.1482,242.52349999999998,1.55,0.0,40.0,94.0,9,1,0,30,27
2026-06-30 10:00:00,0.8905666666666666,0.07976666666666667,240.45083333333332,3.89,0.0,0.0,486.0,10,1,0,30,27
2026-06-30 11:00:00,1.4085333333333334,0.11166666666666666,238.77216666666666,5.883333333333334,0.0,40.0,1085.0,11,1,0,30,27
2026-06-30 12:00:00,1.0479,0.06703333333333333,240.11666666666667,4.38,0.0,0.0,807.0,12,1,0,30,27
2026-06-30 13:00:00,0.8792666666666666,0.14666666666666667,240.99783333333335,3.83,0.0,39.0,514.0,13,1,0,30,27
2026-06-30 14:00:00,1.5097,0.11136666666666667,241.60150000000002,6.243333333333334,0.0,0.0,1170.0,14,1,0,30,27
2026-06-30 15:00:00,1.7421333333333335,0.25926666666666665,240.111,7.33,0.0,40.0,1159.0,15,1,0,30,27
2026-06-30 16:00:00,2.218233333333333,0.09026666666666666,240.61,9.233333333333333,449.0,7.0,1161.0,16,1,0,30,27
2026-06-30 17:00:00,2.417133333333333,0.14653333333333332,240.70966666666666,10.026666666666667,491.0,32.0,1159.0,17,1,0,30,27
2026-06-30 18:00:00,1.8369,0.06513333333333333,241.23883333333333,7.596666666666667,0.0,14.0,1107.0,18,1,0,30,27
2026-06-30 19:00:00,1.6935666666666667,0.12663333333333332,240.61933333333334,7.010000000000001,0.0,26.0,1156.0,19,1,0,30,27
2026-06-30 20:00:00,0.3625,0.1181,241.60616666666667,1.6133333333333333,0.0,20.0,124.00000000000001,20,1,0,30,27
2026-06-30 21:00:00,0.3312333333333333,0.11033333333333334,242.424,1.4866666666666668,0.0,20.0,39.0,21,1,0,30,27
2026-06-30 22:00:00,1.1589,0.21823333333333333,241.32566666666668,4.933333333333334,0.0,260.0,94.0,22,1,0,30,27
2026-06-30 23:00:00,0.8696333333333333,0.128,241.57866666666666,3.6533333333333333,0.0,49.0,94.0,23,1,0,30,27
2026-07-01 00:00:00,2.242233333333333,0.17523333333333332,240.67516666666668,9.323333333333332,0.0,246.99999999999997,950.0,0,2,0,1,27
2026-07-01 01:00:00,1.1637666666666666,0.1217,243.51133333333334,4.8933333333333335,0.0,440.0,58.0,1,2,0,1,27
2026-07-01 02:00:00,0.5701,0.14446666666666666,243.72233333333332,2.4233333333333333,0.0,76.0,77.0,2,2,0,1,27
2026-07-01 03:00:00,0.4017666666666667,0.09673333333333334,243.58350000000002,1.8,0.0,9.0,93.0,3,2,0,1,27
2026-07-01 04:00:00,0.3663666666666667,0.13710000000000003,241.26633333333334,1.7133333333333334,0.0,51.0,93.0,4,2,0,1,27
2026-07-01 05:00:00,0.3196333333333333,0.09293333333333333,240.66850000000002,1.43,0.0,9.0,94.0,5,2,0,1,27
2026-07-01 06:00:00,0.2955333333333333,0.12066666666666667,240.93383333333335,1.3833333333333333,0.0,50.0,38.0,6,2,0,1,27
2026-07-01 07:00:00,1.0354333333333332,0.08726666666666666,240.362,4.34,0.0,9.0,817.0,7,2,0,1,27
2026-07-01 08:00:00,0.32880000000000004,0.1222,240.76899999999998,1.52,0.0,46.0,92.0,8,2,0,1,27
2026-07-01 09:00:00,0.24463333333333334,0.06506666666666666,240.69916666666668,1.0966666666666667,0.0,1.0,38.0,9,2,0,1,27
2026-07-01 10:00:00,0.5892,0.14393333333333336,242.94383333333332,2.746666666666667,0.0,40.0,124.00000000000001,10,2,0,1,27
2026-07-01 11:00:00,1.5327666666666666,0.07863333333333333,242.77833333333334,6.3133333333333335,0.0,8.0,1179.0,11,2,0,1,27
2026-07-01 12:00:00,1.4823666666666666,0.12743333333333334,241.24083333333334,6.376666666666667,457.0,424.0,300.0,12,2,0,1,27
2026-07-01 13:00:00,1.1666333333333334,0.08386666666666667,239.82383333333334,4.9366666666666665,513.0,16.0,51.0,13,2,0,1,27
2026-07-01 14:00:00,1.5806666666666667,0.1027,238.04916666666668,6.596666666666667,0.0,24.0,951.0,14,2,0,1,27
2026-07-01 15:00:00,1.2884666666666666,0.12456666666666667,239.64166666666668,5.4399999999999995,0.0,24.0,701.0,15,2,0,1,27
2026-07-01 16:00:00,1.0535666666666665,0.15176666666666666,238.02833333333334,4.683333333333334,180.0,174.0,94.0,16,2,0,1,27
2026-07-01 17:00:00,0.8699333333333333,0.14026666666666668,239.0836666666667,3.783333333333333,0.0,260.0,94.0,17,2,0,1,27
2026-07-01 18:00:00,0.6130333333333333,0.09206666666666667,240.85766666666666,2.5733333333333333,0.0,10.0,38.0,18,2,0,1,27
2026-07-01 19:00:00,0.7542333333333333,0.12793333333333334,242.4741666666667,3.1633333333333336,0.0,38.0,161.0,19,2,0,1,27
2026-07-01 20:00:00,1.4517333333333333,0.08526666666666666,240.748,5.996666666666667,0.0,3.0,1163.0,20,2,0,1,27
2026-07-01 21:00:00,1.7887,0.14526666666666666,240.39516666666665,8.22,281.0,446.0,473.0,21,2,0,1,27
2026-07-01 22:00:00,1.3791,0.23556666666666667,242.002,6.903333333333333,665.0,0.0,39.0,22,2,0,1,27
2026-07-01 23:00:00,1.8193666666666668,0.12386666666666667,242.78866666666667,7.513333333333334,3.0,41.0,834.0,23,2,0,1,27
2026-07-02 00:00:00,1.1395666666666666,0.08716666666666666,241.681,4.743333333333334,0.0,0.0,304.0,0,3,0,2,27
2026-07-02 01:00:00,0.6880000000000001,0.13673333333333335,243.36583333333334,2.8866666666666663,0.0,40.0,97.0,1,3,0,2,27
2026-07-02 02:00:00,0.5622666666666666,0.09866666666666667,244.43283333333332,2.3233333333333333,0.0,0.0,90.0,2,3,0,2,27
2026-07-02 03:00:00,0.37710000000000005,0.1247,242.204,1.6533333333333333,0.0,40.0,44.0,3,3,0,2,27
2026-07-02 04:00:00,0.2891333333333333,0.07693333333333334,241.41066666666666,1.3066666666666669,0.0,0.0,97.0,4,3,0,2,27
2026-07-02 05:00:00,0.3401666666666667,0.14513333333333334,242.32933333333332,1.56,0.0,39.0,95.0,5,3,0,2,27
2026-07-02 06:00:00,0.3021333333333333,0.095,243.1645,1.3433333333333333,0.0,4.0,95.0,6,3,0,2,27
2026-07-02 07:00:00,0.8031666666666667,0.10556666666666667,242.692,3.433333333333333,0.0,36.0,571.0,7,3,0,2,27
2026-07-02 08:00:00,0.3105333333333334,0.1019,242.73666666666668,1.4033333333333333,0.0,10.0,98.0,8,3,0,2,27
2026-07-02 09:00:00,0.46140000000000003,0.1257,242.49033333333333,2.13,0.0,30.0,95.0,9,3,0,2,27
2026-07-02 10:00:00,0.9840333333333333,0.08956666666666666,241.08333333333334,4.213333333333334,0.0,16.0,650.0,10,3,0,2,27
2026-07-02 11:00:00,1.4570666666666665,0.11423333333333334,239.72150000000002,6.069999999999999,0.0,23.0,1154.0,11,3,0,2,27
2026-07-02 12:00:00,0.8423666666666667,0.07160000000000001,241.99366666666668,3.5633333333333335,0.0,22.0,538.0,12,3,0,2,27
2026-07-02 13:00:00,1.9099333333333335,0.1949,240.02966666666669,8.17,476.0,246.99999999999997,766.0,13,3,0,2,27
2026-07-02 14:00:00,2.1177333333333332,0.21156666666666665,238.20083333333332,9.023333333333333,530.0,69.0,1143.0,14,3,0,2,27
2026-07-02 15:00:00,1.6747333333333332,0.15406666666666666,238.90033333333335,7.0633333333333335,0.0,9.0,1147.0,15,3,0,2,27
2026-07-02 16:00:00,1.6333,0.11313333333333334,239.2165,6.833333333333333,0.0,83.0,1154.0,16,3,0,2,27
2026-07-02 17:00:00,1.7136333333333333,0.08883333333333333,238.17283333333336,7.17,0.0,358.0,1142.0,17,3,0,2,27
2026-07-02 18:00:00,1.4292333333333334,0.1509,238.59533333333331,5.956666666666667,0.0,42.0,1142.0,18,3,0,2,27
2026-07-02 19:00:00,1.3891666666666667,0.055433333333333334,241.08916666666667,5.72,0.0,0.0,1106.0,19,3,0,2,27
2026-07-02 20:00:00,1.4856333333333334,0.12329999999999999,240.53650000000002,6.1466666666666665,0.0,42.0,1163.0,20,3,0,2,27
2026-07-02 21:00:00,0.5392333333333333,0.09406666666666667,242.11316666666664,2.3733333333333335,0.0,0.0,294.0,21,3,0,2,27
2026-07-02 22:00:00,0.5494333333333333,0.20713333333333334,242.36266666666668,2.466666666666667,0.0,41.0,98.0,22,3,0,2,27
2026-07-02 23:00:00,1.8614333333333333,0.16483333333333333,241.42716666666666,7.766666666666667,15.0,10.0,317.0,23,3,0,2,27
2026-07-03 00:00:00,2.5369,0.1259,240.0765,10.596666666666666,432.0,32.0,884.0,0,4,0,3,27
2026-07-03 01:00:00,1.1801333333333335,0.12343333333333333,244.0165,4.946666666666667,493.99999999999994,18.0,100.0,1,4,0,3,27
2026-07-03 02:00:00,0.3677,0.1451666666666667,245.745,1.6900000000000002,0.0,23.0,97.0,2,4,0,3,27
2026-07-03 03:00:00,0.3330666666666667,0.129,243.38533333333334,1.5466666666666666,0.0,26.0,96.0,3,4,0,3,27
2026-07-03 04:00:00,0.3055,0.09536666666666667,241.35216666666665,1.37,0.0,15.0,97.0,4,4,0,3,27
2026-07-03 05:00:00,0.34659999999999996,0.1429,241.01049999999998,1.6099999999999999,0.0,33.0,96.0,5,4,0,3,27
2026-07-03 06:00:00,0.2548,0.06476666666666667,240.91016666666667,1.1233333333333335,0.0,8.0,39.0,6,4,0,3,27
2026-07-03 07:00:00,0.3398333333333333,0.13986666666666667,240.986,1.5666666666666667,0.0,38.0,96.0,7,4,0,3,27
2026-07-03 08:00:00,0.30093333333333333,0.08506666666666667,240.11966666666666,1.34,0.0,3.0,98.0,8,4,0,3,27
2026-07-03 09:00:00,1.0378666666666667,0.12273333333333333,241.05333333333334,4.336666666666667,0.0,40.0,801.0,9,4,0,3,27
2026-07-03 10:00:00,0.7744333333333333,0.1104,240.07533333333333,3.453333333333333,0.0,0.0,256.0,10,4,0,3,27
2026-07-03 11:00:00,1.5999333333333332,0.09506666666666666,239.21833333333333,6.666666666666667,0.0,40.0,1141.0,11,4,0,3,27
2026-07-03 12:00:00,1.6337333333333333,0.09653333333333333,239.54616666666666,6.8133333333333335,0.0,0.0,1181.0,12,4,0,3,27
2026-07-03 13:00:00,1.7061,0.1254,239.3435,7.073333333333333,0.0,40.0,1152.0,13,4,0,3,27
2026-07-03 14:00:00,1.6545333333333334,0.06953333333333332,239.16483333333332,6.833333333333333,0.0,0.0,1089.0,14,4,0,3,27
2026-07-03 15:00:00,1.5187666666666668,0.1226,238.13516666666666,6.343333333333334,0.0,41.0,1141.0,15,4,0,3,27
2026-07-03 16:00:00,1.3599999999999999,0.07606666666666667,238.37683333333334,5.67,0.0,0.0,1148.0,16,4,0,3,27
2026-07-03 17:00:00,1.4055333333333333,0.13523333333333334,239.489,5.826666666666667,0.0,41.0,1155.0,17,4,0,3,27
2026-07-03 18:00:00,0.8876333333333334,0.08406666666666666,241.0275,3.77,0.0,0.0,661.0,18,4,0,3,27
2026-07-03 19:00:00,0.3390666666666667,0.14556666666666668,242.48183333333333,1.5966666666666667,0.0,41.0,99.0,19,4,0,3,27
2026-07-03 20:00:00,0.49420000000000003,0.08386666666666667,241.4296666666667,2.0766666666666667,0.0,0.0,39.0,20,4,0,3,27
2026-07-03 21:00:00,0.7261666666666666,0.16646666666666665,242.09083333333334,3.07,0.0,41.0,98.0,21,4,0,3,27
2026-07-03 22:00:00,0.6808666666666666,0.2293,243.82016666666667,3.036666666666667,0.0,0.0,124.00000000000001,22,4,0,3,27
2026-07-03 23:00:00,2.4065,0.1564,240.60483333333335,10.06,441.0,41.0,939.0,23,4,0,3,27
2026-07-04 00:00:00,1.5888333333333333,0.1184,240.70683333333332,6.6466666666666665,488.0,5.0,100.0,0,5,1,4,27
2026-07-04 01:00:00,0.9164333333333333,0.13496666666666668,243.386,3.8033333333333332,0.0,37.0,99.0,1,5,1,4,27
2026-07-04 02:00:00,0.5968666666666667,0.10896666666666667,244.93516666666667,2.496666666666667,0.0,10.0,40.0,2,5,1,4,27
2026-07-04 03:00:00,0.39016666666666666,0.1423,243.62033333333332,1.7566666666666668,0.0,31.000000000000004,97.0,3,5,1,4,27
2026-07-04 04:00:00,0.345,0.1035,240.64133333333334,1.5166666666666666,0.0,17.0,100.0,4,5,1,4,27
2026-07-04 05:00:00,0.3454666666666667,0.11056666666666667,239.4381666666667,1.54,0.0,24.0,101.0,5,5,1,4,27
2026-07-04 06:00:00,0.4543,0.11013333333333333,240.9561666666667,1.9866666666666668,0.0,22.0,100.0,6,5,1,4,27
2026-07-04 07:00:00,0.6939333333333334,0.1501,240.19783333333334,3.0266666666666664,0.0,19.0,261.0,7,5,1,4,27
2026-07-04 08:00:00,0.9556333333333333,0.10666666666666667,239.83133333333333,4.01,0.0,27.0,602.0,8,5,1,4,27
2026-07-04 09:00:00,0.9327666666666666,0.0869,239.17833333333334,3.9099999999999997,0.0,13.0,100.0,9,5,1,4,27
2026-07-04 10:00:00,1.1414666666666666,0.15286666666666668,241.23316666666668,4.85,0.0,33.0,394.0,10,5,1,4,27
2026-07-04 11:00:00,1.5048,0.09256666666666667,239.56966666666668,6.29,0.0,8.0,1157.0,11,5,1,4,27
2026-07-04 12:00:00,1.4632,0.10466666666666667,239.5345,6.086666666666667,0.0,38.0,1157.0,12,5,1,4,27
2026-07-04 13:00:00,1.3639333333333332,0.07933333333333333,238.0475,5.706666666666666,0.0,2.0,1141.0,13,5,1,4,27
2026-07-04 14:00:00,1.4092333333333333,0.1332,238.0225,5.903333333333333,0.0,41.0,1141.0,14,5,1,4,27
2026-07-04 15:00:00,1.6444666666666667,0.09283333333333334,238.50466666666668,6.92,0.0,0.0,1144.0,15,5,1,4,27
2026-07-04 16:00:00,0.7313666666666666,0.13006666666666666,240.0975,3.1633333333333336,0.0,41.0,398.0,16,5,1,4,27
2026-07-04 17:00:00,0.35523333333333335,0.0946,239.8325,1.6766666666666665,0.0,0.0,96.0,17,5,1,4,27
2026-07-04 18:00:00,0.41023333333333334,0.14809999999999998,240.77666666666667,1.9033333333333333,0.0,41.0,99.0,18,5,1,4,27
2026-07-04 19:00:00,0.3091333333333333,0.07903333333333333,241.23066666666668,1.3633333333333333,0.0,0.0,98.0,19,5,1,4,27
2026-07-04 20:00:00,0.34396666666666664,0.1318,241.85716666666667,1.57,0.0,41.0,95.0,20,5,1,4,27
2026-07-04 21:00:00,0.36483333333333334,0.0672,242.74533333333332,1.5599999999999998,0.0,0.0,48.0,21,5,1,4,27
2026-07-04 22:00:00,0.531,0.2102,241.13083333333333,2.42,0.0,41.0,89.0,22,5,1,4,27
2026-07-04 23:00:00,2.3058666666666667,0.09433333333333334,238.57700000000003,9.71,307.0,0.0,960.0,23,5,1,4,27
2026-07-05 00:00:00,1.8044333333333331,0.1095,240.43033333333332,7.5233333333333325,173.0,42.0,173.0,0,6,1,5,27
2026-07-05 01:00:00,1.6770333333333334,0.12333333333333334,242.7095,6.97,460.0,2.0,96.0,1,6,1,5,27
2026-07-05 02:00:00,0.9627666666666667,0.15613333333333335,244.64516666666665,4.0,0.0,40.0,100.0,2,6,1,5,27
2026-07-05 03:00:00,0.4686666666666667,0.1065,242.45366666666666,2.006666666666667,0.0,10.0,104.0,3,6,1,5,27
2026-07-05 04:00:00,0.33326666666666666,0.12506666666666666,241.86,1.5233333333333334,0.0,31.000000000000004,100.0,4,6,1,5,27
2026-07-05 05:00:00,0.2752666666666667,0.10043333333333333,241.66883333333334,1.2533333333333334,0.0,17.0,39.0,5,6,1,5,27
2026-07-05 06:00:00,0.3137666666666667,0.10149999999999999,242.96933333333334,1.3766666666666665,0.0,25.0,97.0,6,6,1,5,27
2026-07-05 07:00:00,1.0629666666666666,0.12486666666666667,241.85216666666665,4.453333333333333,0.0,23.0,822.0,7,6,1,5,27
2026-07-05 08:00:00,0.32289999999999996,0.1113,242.57416666666668,1.4200000000000002,0.0,18.0,100.0,8,6,1,5,27
2026-07-05 09:00:00,0.6717333333333334,0.10713333333333333,241.44016666666667,2.86,0.0,29.0,388.0,9,6,1,5,27
2026-07-05 10:00:00,1.9570333333333332,0.10086666666666666,240.0355,8.2,0.0,11.0,1162.0,10,6,1,5,27
2026-07-05 11:00:00,1.4460000000000002,0.12240000000000001,238.75683333333333,6.033333333333333,0.0,36.0,1147.0,11,6,1,5,27
2026-07-05 12:00:00,0.779,0.1024,241.28866666666667,3.3033333333333332,0.0,5.0,561.0,12,6,1,5,27
2026-07-05 13:00:00,0.9023666666666668,0.29923333333333335,240.95166666666668,4.083333333333333,0.0,41.0,100.0,13,6,1,5,27
2026-07-05 14:00:00,1.6402333333333334,0.10566666666666666,240.26316666666668,6.9,0.0,200.0,789.0,14,6,1,5,27
2026-07-05 15:00:00,1.3255666666666668,0.24876666666666666,242.08416666666665,6.163333333333333,526.0,62.00000000000001,101.0,15,6,1,5,27
2026-07-05 16:00:00,1.1751666666666667,0.13236666666666666,242.32166666666666,5.076666666666667,416.0,0.0,98.0,16,6,1,5,27
2026-07-05 17:00:00,2.1475999999999997,0.3065666666666667,238.1385,9.703333333333335,748.0,41.0,662.0,17,6,1,5,27
2026-07-05 18:00:00,1.7486666666666666,0.11126666666666667,240.393,7.346666666666667,407.0,0.0,1033.0,18,6,1,5,27
2026-07-05 19:00:00,0.7704666666666667,0.16893333333333332,242.42783333333333,3.3366666666666664,405.0,42.0,92.0,19,6,1,5,27
2026-07-05 20:00:00,0.5642333333333334,0.26476666666666665,242.33149999999998,2.6633333333333336,103.0,0.0,100.0,20,6,1,5,27
2026-07-05 21:00:00,1.6101999999999999,0.2842333333333333,240.93666666666667,6.766666666666667,0.0,42.0,939.0,21,6,1,5,27
2026-07-05 22:00:00,1.6162333333333334,0.15983333333333333,241.4515,6.6866666666666665,0.0,1.0,1177.0,22,6,1,5,27
2026-07-05 23:00:00,2.278833333333333,0.13756666666666667,239.88566666666665,9.506666666666666,0.0,42.0,1159.0,23,6,1,5,27
2026-07-06 00:00:00,2.5189666666666666,0.1124,239.06383333333332,10.483333333333333,0.0,9.0,1153.0,0,0,0,6,28
2026-07-06 01:00:00,2.1733666666666664,0.0966,239.45316666666668,9.020000000000001,0.0,33.0,1157.0,1,0,0,6,28
2026-07-06 02:00:00,0.9614999999999999,0.10306666666666667,241.845,3.9966666666666666,0.0,16.0,161.0,2,0,0,6,28
2026-07-06 03:00:00,0.5580999999999999,0.15533333333333335,243.62066666666666,2.4066666666666667,0.0,26.0,81.0,3,0,0,6,28
2026-07-06 04:00:00,0.4830333333333333,0.11806666666666667,242.62083333333334,2.0833333333333335,0.0,23.0,102.0,4,0,0,6,28
2026-07-06 05:00:00,0.5433,0.1293,242.87966666666668,2.316666666666667,0.0,18.0,101.0,5,0,0,6,28
2026-07-06 06:00:00,0.3478,0.1391,244.03816666666668,1.5633333333333332,0.0,30.0,100.0,6,0,0,6,28
2026-07-06 07:00:00,0.3080333333333333,0.10626666666666668,244.32999999999998,1.3833333333333333,0.0,12.0,99.0,7,0,0,6,28
2026-07-06 08:00:00,0.33823333333333333,0.14396666666666666,244.14350000000002,1.5266666666666666,0.0,36.0,98.0,8,0,0,6,28
2026-07-06 09:00:00,0.26953333333333335,0.0876,243.79483333333334,1.2033333333333334,0.0,6.0,52.0,9,0,0,6,28
2026-07-06 10:00:00,0.30996666666666667,0.11113333333333333,244.23100000000002,1.3666666666666667,0.0,41.0,86.0,10,0,0,6,28
2026-07-06 11:00:00,1.3496,0.09526666666666667,241.40016666666668,5.67,0.0,0.0,906.0,11,0,0,6,28
2026-07-06 12:00:00,0.43196666666666667,0.1149,241.2885,1.9,0.0,41.0,99.0,12,0,0,6,28
2026-07-06 13:00:00,1.256,0.07010000000000001,240.55949999999999,5.3933333333333335,0.0,0.0,756.0,13,0,0,6,28
2026-07-06 14:00:00,1.6126,0.126,240.44633333333334,6.696666666666667,0.0,44.0,1162.0,14,0,0,6,28
2026-07-06 15:00:00,0.9832,0.08416666666666667,241.02033333333333,4.23,0.0,391.0,327.0,15,0,0,6,28
2026-07-06 16:00:00,0.7988999999999999,0.14386666666666667,241.2866666666667,3.5533333333333332,233.0,100.0,64.0,16,0,0,6,28
2026-07-06 17:00:00,1.2334666666666665,0.09383333333333334,239.23566666666665,5.246666666666667,255.0,111.0,572.0,17,0,0,6,28
2026-07-06 18:00:00,2.2218333333333335,0.33859999999999996,239.83966666666666,9.696666666666665,522.0,1097.0,244.99999999999997,18,0,0,6,28
2026-07-06 19:00:00,1.0086333333333333,0.20636666666666667,242.97766666666666,4.503333333333333,0.0,583.0,100.0,19,0,0,6,28
2026-07-06 20:00:00,0.5999333333333333,0.10036666666666667,243.18666666666667,2.98,0.0,42.0,103.0,20,0,0,6,28
2026-07-06 21:00:00,0.8549,0.11333333333333333,241.99949999999998,3.6766666666666667,0.0,20.0,528.0,21,0,0,6,28
2026-07-06 22:00:00,1.3828666666666665,0.20106666666666667,241.06583333333336,6.193333333333333,598.0,24.0,210.0,22,0,0,6,28
2026-07-06 23:00:00,1.0963666666666667,0.0847,240.783,4.596666666666667,1.0,26.0,74.0,23,0,0,6,28
2026-07-07 00:00:00,2.119,0.09956666666666666,240.51333333333332,8.753333333333334,0.0,17.0,1023.0,0,1,0,7,28
2026-07-07 01:00:00,1.5342333333333333,0.13196666666666668,241.493,6.38,0.0,33.0,482.0,1,1,0,7,28
2026-07-07 02:00:00,0.4088,0.12196666666666668,244.62,1.8099999999999998,0.0,11.0,101.0,2,1,0,7,28
2026-07-07 03:00:00,0.36146666666666666,0.12326666666666666,243.44866666666667,1.6366666666666667,0.0,39.0,95.0,3,1,0,7,28
2026-07-07 04:00:00,0.33393333333333336,0.10956666666666666,243.15816666666666,1.5133333333333332,0.0,4.0,98.0,4,1,0,7,28
2026-07-07 05:00:00,0.34256666666666663,0.1461,243.178,1.5333333333333334,0.0,44.0,98.0,5,1,0,7,28
2026-07-07 06:00:00,0.28243333333333337,0.07886666666666667,243.75349999999997,1.2466666666666666,0.0,0.0,98.0,6,1,0,7,28
2026-07-07 07:00:00,0.351,0.15553333333333336,243.40316666666666,1.5966666666666667,0.0,43.0,101.0,7,1,0,7,28
2026-07-07 08:00:00,0.22310000000000002,0.06596666666666666,242.67666666666668,1.02,0.0,0.0,39.0,8,1,0,7,28
2026-07-07 09:00:00,1.5419333333333334,0.15519999999999998,241.46866666666668,6.473333333333333,0.0,43.0,920.0,9,1,0,7,28
2026-07-07 10:00:00,1.8616333333333333,0.09636666666666667,239.375,7.766666666666667,0.0,0.0,1160.0,10,1,0,7,28
2026-07-07 11:00:00,1.5826333333333333,0.1326,239.35816666666668,6.596666666666667,0.0,42.0,1155.0,11,1,0,7,28
2026-07-07 12:00:00,1.4338000000000002,0.06806666666666666,240.74699999999999,5.906666666666666,0.0,0.0,1112.0,12,1,0,7,28
2026-07-07 13:00:00,0.5483666666666667,0.11393333333333334,242.24650000000003,2.37,0.0,44.0,194.0,13,1,0,7,28
2026-07-07 14:00:00,0.3156,0.0986,242.3975,1.4033333333333333,0.0,0.0,98.0,14,1,0,7,28
2026-07-07 15:00:00,1.2417666666666667,0.1679,241.95666666666665,5.276666666666667,439.0,43.0,463.0,15,1,0,7,28
2026-07-07 16:00:00,1.3418333333333334,0.10836666666666667,242.19566666666665,5.65,511.00000000000006,0.0,530.0,16,1,0,7,28
2026-07-07 17:00:00,0.36543333333333333,0.12723333333333334,241.38916666666668,1.7066666666666668,0.0,44.0,98.0,17,1,0,7,28
2026-07-07 18:00:00,0.9581666666666667,0.09013333333333334,243.07216666666667,4.05,0.0,0.0,657.0,18,1,0,7,28
2026-07-07 19:00:00,1.4072333333333333,0.09763333333333334,240.035,5.846666666666667,0.0,43.0,1155.0,19,1,0,7,28
2026-07-07 20:00:00,2.497666666666667,0.11463333333333334,238.99566666666666,10.76,852.0,1.0,1148.0,20,1,0,7,28
2026-07-07 21:00:00,0.8907,0.13893333333333333,240.66533333333334,3.886666666666667,135.0,43.0,459.0,21,1,0,7,28
2026-07-07 22:00:00,1.2747333333333333,0.09123333333333333,240.85966666666667,5.586666666666667,333.0,3.0,100.0,22,1,0,7,28
2026-07-07 23:00:00,1.1888666666666665,0.0928,241.45983333333334,4.983333333333333,15.0,39.0,100.0,23,1,0,7,28
2026-07-08 00:00:00,1.7181666666666666,0.0614,240.9118333333333,7.13,397.0,9.0,100.0,0,2,0,8,28
2026-07-08 01:00:00,1.2335,0.14883333333333332,242.41150000000002,5.206666666666666,482.0,33.0,99.0,1,2,0,8,28
2026-07-08 02:00:00,0.41806666666666664,0.10356666666666667,245.0385,1.82,0.0,15.0,97.0,2,2,0,8,28
2026-07-08 03:00:00,0.6620666666666666,0.13833333333333334,243.4835,2.7933333333333334,0.0,28.0,378.0,3,2,0,8,28
2026-07-08 04:00:00,0.6508333333333333,0.09169999999999999,242.2686666666667,2.75,0.0,20.0,397.0,4,2,0,8,28
2026-07-08 05:00:00,0.2722,0.09493333333333333,242.40333333333334,1.23,0.0,22.0,39.0,5,2,0,8,28
2026-07-08 06:00:00,0.3152666666666667,0.12066666666666667,242.31083333333333,1.4366666666666668,0.0,25.0,100.0,6,2,0,8,28
2026-07-08 07:00:00,0.305,0.11726666666666666,242.32049999999998,1.4166666666666667,0.0,17.0,101.0,7,2,0,8,28
2026-07-08 08:00:00,0.32686666666666664,0.11286666666666667,242.31599999999997,1.46,0.0,31.000000000000004,98.0,8,2,0,8,28
2026-07-08 09:00:00,0.6378,0.08683333333333333,241.72133333333335,2.7,0.0,12.0,405.0,9,2,0,8,28
2026-07-08 10:00:00,1.8521333333333334,0.1008,239.65533333333332,7.753333333333333,0.0,34.0,1159.0,10,2,0,8,28
2026-07-08 11:00:00,1.4305333333333332,0.0645,238.81833333333333,5.993333333333334,0.0,7.0,1151.0,11,2,0,8,28
2026-07-08 12:00:00,1.4320333333333333,0.1381,241.24066666666667,5.923333333333333,0.0,39.0,1167.0,12,2,0,8,28
2026-07-08 13:00:00,0.6150333333333333,0.0803,240.46183333333335,2.69,0.0,346.0,70.0,13,2,0,8,28
2026-07-08 14:00:00,1.0950666666666666,0.25466666666666665,238.12533333333334,5.05,0.0,87.0,67.0,14,2,0,8,28
2026-07-08 15:00:00,0.4864666666666667,0.12710000000000002,240.47633333333334,2.24,0.0,0.0,100.0,15,2,0,8,28
2026-07-08 16:00:00,0.4363666666666666,0.13143333333333335,241.515,2.0,0.0,43.0,99.0,16,2,0,8,28
2026-07-08 17:00:00,0.3362,0.08923333333333333,240.32383333333334,1.5566666666666669,0.0,0.0,101.0,17,2,0,8,28
2026-07-08 18:00:00,0.3363333333333333,0.1177,241.64283333333333,1.4966666666666666,0.0,42.0,99.0,18,2,0,8,28
2026-07-08 19:00:00,0.9365000000000001,0.06473333333333334,241.29966666666667,3.893333333333333,0.0,0.0,734.0,19,2,0,8,28
2026-07-08 20:00:00,0.3335,0.11243333333333333,242.5045,1.4866666666666668,0.0,42.0,102.0,20,2,0,8,28
2026-07-08 21:00:00,1.0712666666666666,0.08633333333333333,242.14883333333333,4.496666666666667,122.0,0.0,711.0,21,2,0,8,28
2026-07-08 22:00:00,2.7609333333333335,0.2352,239.783,12.05,866.0,43.0,1163.0,22,2,0,8,28
2026-07-08 23:00:00,2.1508333333333334,0.07593333333333334,239.27666666666667,8.933333333333334,4.0,0.0,1154.0,23,2,0,8,28
2026-07-09 00:00:00,2.2494333333333336,0.1102,240.14966666666666,9.333333333333334,0.0,42.0,1162.0,0,3,0,9,28
2026-07-09 01:00:00,2.4007666666666667,0.07973333333333334,242.1281666666667,9.953333333333335,416.0,2.0,1170.0,1,3,0,9,28
2026-07-09 02:00:00,1.1041333333333334,0.16836666666666666,244.22966666666667,4.733333333333333,521.0,40.0,102.0,2,3,0,9,28
2026-07-09 03:00:00,0.36596666666666666,0.1056,241.31333333333333,1.6833333333333333,1.0,10.0,101.0,3,3,0,9,28
2026-07-09 04:00:00,0.34976666666666667,0.11063333333333333,239.84666666666666,1.57,0.0,31.000000000000004,100.0,4,3,0,9,28
2026-07-09 05:00:00,0.45790000000000003,0.1093,239.70466666666667,2.06,0.0,17.0,87.0,5,3,0,9,28
2026-07-09 06:00:00,0.3013333333333333,0.10653333333333334,239.98783333333333,1.3566666666666667,0.0,25.0,54.0,6,3,0,9,28
2026-07-09 07:00:00,0.346,0.12133333333333333,240.45766666666668,1.5533333333333335,0.0,23.0,100.0,7,3,0,9,28
2026-07-09 08:00:00,0.32243333333333335,0.0964,239.48816666666667,1.4366666666666668,0.0,19.0,101.0,8,3,0,9,28
2026-07-09 09:00:00,0.7884333333333333,0.1235,240.01133333333334,3.3833333333333333,0.0,28.0,383.0,9,3,0,9,28
2026-07-09 10:00:00,1.9181,0.12359999999999999,238.42566666666667,8.076666666666666,0.0,15.0,1150.0,10,3,0,9,28
2026-07-09 11:00:00,1.6187,0.12233333333333334,238.92516666666668,6.786666666666666,0.0,31.000000000000004,1147.0,11,3,0,9,28
2026-07-09 12:00:00,1.4468333333333334,0.10579999999999999,237.18283333333332,6.076666666666667,0.0,10.0,1137.0,12,3,0,9,28
2026-07-09 13:00:00,0.4638666666666667,0.1072,240.33966666666666,2.1333333333333333,0.0,35.0,141.0,13,3,0,9,28
2026-07-09 14:00:00,0.3372,0.1017,242.41150000000002,1.48,0.0,6.0,96.0,14,3,0,9,28
2026-07-09 15:00:00,0.6727666666666666,0.2212,242.975,3.0300000000000002,0.0,41.0,98.0,15,3,0,9,28
2026-07-09 16:00:00,0.45713333333333334,0.076,242.5656666666667,2.02,0.0,0.0,95.0,16,3,0,9,28
2026-07-09 17:00:00,0.5007,0.11826666666666667,241.19650000000001,2.24,0.0,42.0,98.0,17,3,0,9,28
2026-07-09 18:00:00,0.45720000000000005,0.09383333333333334,242.13316666666665,2.0266666666666664,0.0,0.0,58.0,18,3,0,9,28
2026-07-09 19:00:00,0.5627333333333334,0.1236,242.59883333333335,2.5566666666666666,0.0,40.0,78.0,19,3,0,9,28
2026-07-09 20:00:00,0.9294,0.13696666666666665,240.74766666666667,4.09,0.0,0.0,97.0,20,3,0,9,28
2026-07-09 21:00:00,1.6340333333333334,0.15403333333333333,241.518,6.826666666666667,0.0,41.0,841.0,21,3,0,9,28
2026-07-09 22:00:00,0.7245333333333334,0.1191,242.26416666666668,3.143333333333333,0.0,0.0,109.0,22,3,0,9,28
2026-07-09 23:00:00,1.8530000000000002,0.22383333333333333,241.18566666666666,7.826666666666667,0.0,40.0,38.0,23,3,0,9,28
2026-07-10 00:00:00,2.8006,0.08539999999999999,240.01366666666667,11.639999999999999,0.0,0.0,1038.0,0,4,0,10,28
2026-07-10 01:00:00,1.4298333333333333,0.10996666666666667,243.76016666666666,5.88,0.0,41.0,234.0,1,4,0,10,28
2026-07-10 02:00:00,0.9917333333333332,0.0569,244.5631666666667,4.053333333333333,0.0,0.0,97.0,2,4,0,10,28
2026-07-10 03:00:00,0.9049666666666667,0.0717,241.18366666666668,3.7800000000000002,0.0,40.0,44.0,3,4,0,10,28
2026-07-10 04:00:00,0.47246666666666665,0.05206666666666667,240.55983333333333,2.02,0.0,0.0,92.0,4,4,0,10,28
2026-07-10 05:00:00,0.32793333333333335,0.11963333333333333,240.37216666666666,1.4933333333333332,0.0,40.0,95.0,5,4,0,10,28
2026-07-10 06:00:00,0.2828,0.0872,241.03966666666665,1.28,0.0,0.0,99.0,6,4,0,10,28
2026-07-10 07:00:00,0.24960000000000002,0.0868,240.93283333333332,1.1266666666666665,0.0,39.0,38.0,7,4,0,10,28
2026-07-10 08:00:00,0.7349333333333334,0.0729,240.11166666666668,3.1133333333333337,0.0,1.0,539.0,8,4,0,10,28
2026-07-10 09:00:00,0.8782666666666666,0.11433333333333333,240.9305,3.73,0.0,39.0,607.0,9,4,0,10,28
2026-07-10 10:00:00,1.9045999999999998,0.08800000000000001,238.91850000000002,7.973333333333333,0.0,5.0,1149.0,10,4,0,10,28
2026-07-10 11:00:00,1.4102,0.0846,239.38299999999998,5.883333333333334,0.0,34.0,1090.0,11,4,0,10,28
2026-07-10 12:00:00,0.9942666666666666,0.07913333333333333,239.36683333333335,4.253333333333334,0.0,10.0,728.0,12,4,0,10,28
2026-07-10 13:00:00,0.4267666666666666,0.11923333333333333,239.21450000000002,1.98,0.0,29.0,95.0,13,4,0,10,28
2026-07-10 14:00:00,0.8445666666666667,0.09116666666666666,239.39733333333334,3.5733333333333333,0.0,14.0,616.0,14,4,0,10,28
2026-07-10 15:00:00,0.8244666666666667,0.15623333333333334,240.41283333333334,3.6766666666666667,0.0,26.0,219.0,15,4,0,10,28
2026-07-10 16:00:00,0.958,0.09906666666666666,239.76049999999998,4.133333333333334,462.0,18.0,95.0,16,4,0,10,28
2026-07-10 17:00:00,0.42096666666666666,0.1105,239.72983333333335,1.9566666666666668,66.0,21.0,94.0,17,4,0,10,28
2026-07-10 18:00:00,0.7772333333333333,0.09709999999999999,241.1461666666667,3.3733333333333335,504.99999999999994,23.0,38.0,18,4,0,10,28
2026-07-10 19:00:00,0.3003666666666666,0.08796666666666667,242.469,1.32,0.0,17.0,95.0,19,4,0,10,28
2026-07-10 20:00:00,0.7164666666666667,0.09723333333333334,239.31166666666667,3.1166666666666667,0.0,360.0,94.0,20,4,0,10,28
2026-07-10 21:00:00,0.47,0.17806666666666668,241.8046666666667,2.106666666666667,0.0,51.0,39.0,21,4,0,10,28
2026-07-10 22:00:00,1.5420666666666667,0.29646666666666666,242.08149999999998,6.556666666666667,0.0,953.0,98.0,22,4,0,10,28
2026-07-10 23:00:00,2.6474333333333333,0.22363333333333335,239.917,11.51,778.0,276.0,822.0,23,4,0,10,28
2026-07-11 00:00:00,1.2951666666666666,0.1134,239.18400000000003,5.4366666666666665,2.0,64.0,68.0,0,5,1,11,28
2026-07-11 01:00:00,0.8265333333333333,0.10326666666666666,242.46083333333334,3.49,0.0,20.0,67.0,1,5,1,11,28
2026-07-11 02:00:00,0.43516666666666665,0.16953333333333334,244.78866666666667,1.9566666666666668,0.0,48.0,95.0,2,5,1,11,28
2026-07-11 03:00:00,0.3246,0.09583333333333334,244.601,1.4266666666666665,0.0,13.0,94.0,3,5,1,11,28
2026-07-11 04:00:00,0.8062666666666666,0.09663333333333333,243.3538333333333,3.3633333333333337,0.0,50.0,573.0,4,5,1,11,28
2026-07-11 05:00:00,0.4391,0.09443333333333334,242.94133333333332,1.9066666666666667,0.0,10.0,242.0,5,5,1,11,28
2026-07-11 06:00:00,0.33616666666666667,0.12073333333333333,243.09033333333335,1.4933333333333332,0.0,45.0,91.0,6,5,1,11,28
2026-07-11 07:00:00,0.2793333333333334,0.09366666666666666,243.74083333333334,1.2866666666666666,0.0,0.0,94.0,7,5,1,11,28
2026-07-11 08:00:00,0.26126666666666665,0.1006,242.61266666666668,1.1866666666666668,0.0,39.0,39.0,8,5,1,11,28
2026-07-11 09:00:00,0.9106666666666666,0.08333333333333333,243.14066666666668,3.8633333333333337,0.0,0.0,395.0,9,5,1,11,28
2026-07-11 10:00:00,1.698,0.1239,239.85783333333333,7.083333333333333,0.0,39.0,1126.0,10,5,1,11,28
2026-07-11 11:00:00,0.31983333333333336,0.09906666666666666,240.7195,1.48,0.0,0.0,94.0,11,5,1,11,28
2026-07-11 12:00:00,0.30700000000000005,0.11646666666666666,241.15733333333336,1.3966666666666667,0.0,39.0,38.0,12,5,1,11,28
2026-07-11 13:00:00,0.3499333333333333,0.09263333333333333,243.51683333333332,1.5833333333333333,0.0,0.0,95.0,13,5,1,11,28
2026-07-11 14:00:00,0.46993333333333337,0.13613333333333333,242.717,2.15,0.0,39.0,92.0,14,5,1,11,28
2026-07-11 15:00:00,0.23243333333333333,0.0743,243.0618333333333,1.0666666666666667,0.0,0.0,39.0,15,5,1,11,28
2026-07-11 16:00:00,0.37426666666666664,0.1205,240.59183333333334,1.6533333333333333,0.0,39.0,93.0,16,5,1,11,28
2026-07-11 17:00:00,0.4270333333333333,0.08403333333333333,241.55683333333334,1.8866666666666667,0.0,0.0,73.0,17,5,1,11,28
2026-07-11 18:00:00,0.3281,0.10333333333333333,241.07333333333332,1.4766666666666666,0.0,39.0,100.0,18,5,1,11,28
2026-07-11 19:00:00,0.9026,0.10123333333333333,241.29433333333333,3.7733333333333334,0.0,0.0,699.0,19,5,1,11,28
2026-07-11 20:00:00,1.0888,0.3046,241.03416666666666,4.756666666666666,0.0,40.0,609.0,20,5,1,11,28
2026-07-11 21:00:00,2.1483,0.23666666666666666,239.05200000000002,9.053333333333335,438.0,4.0,1151.0,21,5,1,11,28
2026-07-11 22:00:00,1.8013000000000001,0.24556666666666666,239.28083333333333,7.569999999999999,202.0,35.0,1120.0,22,5,1,11,28
2026-07-11 23:00:00,2.3795,0.10053333333333334,239.34783333333334,9.933333333333334,326.0,70.0,1118.0,23,5,1,11,28
2026-07-12 00:00:00,2.0765000000000002,0.099,239.9741666666667,8.606666666666666,0.0,26.0,1154.0,0,6,1,12,28
2026-07-12 01:00:00,2.3522000000000003,0.18083333333333332,241.36499999999998,9.716666666666667,0.0,54.0,1167.0,1,6,1,12,28
2026-07-12 02:00:00,1.5219999999999998,0.43016666666666664,244.5555,6.403333333333333,0.0,73.0,477.0,2,6,1,12,28
2026-07-12 03:00:00,1.0361333333333334,0.3156333333333333,243.1218333333333,4.433333333333334,0.0,4.0,98.0,3,6,1,12,28
2026-07-12 04:00:00,0.461,0.2058,242.30633333333333,2.086666666666667,0.0,55.0,96.0,4,6,1,12,28
2026-07-12 05:00:00,0.345,0.13403333333333334,241.39866666666666,1.5433333333333332,0.0,24.0,96.0,5,6,1,12,28
2026-07-12 06:00:00,0.2740666666666666,0.12656666666666666,242.76466666666664,1.2600000000000002,0.0,30.0,39.0,6,6,1,12,28
2026-07-12 07:00:00,0.34280000000000005,0.15833333333333333,243.1705,1.5666666666666667,0.0,42.0,95.0,7,6,1,12,28
2026-07-12 08:00:00,0.30256666666666665,0.09973333333333333,242.697,1.3266666666666667,0.0,6.0,93.0,8,6,1,12,28
2026-07-12 09:00:00,0.7187666666666667,0.13833333333333334,241.16383333333334,3.0533333333333332,0.0,45.0,415.0,9,6,1,12,28
2026-07-12 10:00:00,1.6514,0.08733333333333333,240.1005,6.8,0.0,0.0,1160.0,10,6,1,12,28
2026-07-12 11:00:00,1.4151,0.09586666666666667,239.2035,5.92,0.0,44.0,1089.0,11,6,1,12,28
2026-07-12 12:00:00,0.8931,0.19083333333333333,242.4296666666667,3.953333333333333,0.0,13.0,471.0,12,6,1,12,28
2026-07-12 13:00:00,1.3423,0.22323333333333334,241.99066666666667,5.696666666666667,0.0,31.000000000000004,961.0,13,6,1,12,28
2026-07-12 14:00:00,0.4276666666666667,0.12563333333333335,241.26083333333332,1.8666666666666667,0.0,33.0,96.0,14,6,1,12,28
2026-07-12 15:00:00,1.0580333333333334,0.2733333333333333,239.62133333333335,4.776666666666667,0.0,518.0,38.0,15,6,1,12,28
2026-07-12 16:00:00,1.7219,0.18116666666666664,239.44666666666666,7.296666666666667,428.0,71.0,912.0,16,6,1,12,28
2026-07-12 17:00:00,1.8109,0.15793333333333334,238.90866666666668,7.553333333333333,369.0,71.0,1145.0,17,6,1,12,28
2026-07-12 18:00:00,0.9680666666666667,0.14626666666666666,242.04733333333334,4.136666666666667,133.0,70.0,442.0,18,6,1,12,28
2026-07-12 19:00:00,0.4590666666666667,0.19349999999999998,242.57416666666668,2.0833333333333335,0.0,69.0,97.0,19,6,1,12,28
2026-07-12 20:00:00,1.2209333333333334,0.14259999999999998,241.53866666666667,5.113333333333333,0.0,68.0,814.0,20,6,1,12,28
2026-07-12 21:00:00,0.7318333333333332,0.16286666666666666,241.1415,3.143333333333333,0.0,69.0,411.0,21,6,1,12,28
2026-07-12 22:00:00,0.38176666666666664,0.19313333333333335,240.06216666666666,1.8033333333333335,0.0,68.0,100.0,22,6,1,12,28
2026-07-12 23:00:00,1.0722999999999998,0.19593333333333335,239.8493333333333,4.65,0.0,67.0,96.0,23,6,1,12,28
2026-07-13 00:00:00,1.8523999999999998,0.1893,242.50716666666668,7.6,0.0,29.0,39.0,0,0,0,13,29
2026-07-13 01:00:00,1.9503333333333333,0.12293333333333334,244.67783333333333,7.930000000000001,0.0,0.0,97.0,1,0,0,13,29
2026-07-13 02:00:00,1.9510666666666665,0.06686666666666666,246.11516666666665,7.8933333333333335,0.0,0.0,96.0,2,0,0,13,29
2026-07-13 03:00:00,1.9163,0.11163333333333333,242.31866666666667,7.8933333333333335,0.0,32.0,99.0,3,0,0,13,29
2026-07-13 04:00:00,1.7626333333333333,0.1642,240.221,7.33,0.0,71.0,98.0,4,0,0,13,29
2026-07-13 05:00:00,2.2741,0.15109999999999998,240.19616666666667,9.45,1.0,68.0,925.0,5,0,0,13,29
2026-07-13 06:00:00,2.235966666666667,0.14873333333333333,241.56633333333332,9.296666666666665,477.0,38.0,884.0,6,0,0,13,29
2026-07-13 07:00:00,1.4288333333333334,0.09503333333333333,242.29316666666668,5.956666666666666,524.0,0.0,694.0,7,0,0,13,29
2026-07-13 08:00:00,0.2998,0.08923333333333333,243.30583333333334,1.4333333333333333,0.0,0.0,96.0,8,0,0,13,29
2026-07-13 09:00:00,0.2696,0.0996,242.69333333333333,1.3466666666666667,0.0,18.0,57.0,9,0,0,13,29
2026-07-13 10:00:00,0.3461,0.19390000000000002,243.60966666666667,1.72,0.0,73.0,76.0,10,0,0,13,29
2026-07-13 11:00:00,0.3628,0.19906666666666667,243.30949999999999,1.8066666666666669,0.0,69.0,97.0,11,0,0,13,29
2026-07-13 12:00:00,0.4345,0.12996666666666667,240.91416666666666,2.0533333333333332,0.0,37.0,95.0,12,0,0,13,29
2026-07-13 13:00:00,0.26186666666666664,0.06416666666666666,241.714,1.12,0.0,0.0,99.0,13,0,0,13,29
2026-07-13 14:00:00,0.8206,0.07763333333333332,241.209,3.4133333333333336,0.0,63.0,571.0,14,0,0,13,29
2026-07-13 15:00:00,1.1534333333333333,0.18316666666666667,244.4155,5.0233333333333325,325.0,244.0,127.0,15,0,0,13,29
2026-07-13 16:00:00,2.1095333333333333,0.2722333333333333,240.55116666666666,9.020000000000001,5.0,821.0,903.0,16,0,0,13,29
2026-07-13 17:00:00,1.6432,0.12263333333333333,240.12366666666668,6.826666666666667,0.0,104.0,1158.0,17,0,0,13,29
2026-07-13 18:00:00,1.5487333333333335,0.10766666666666666,240.64183333333332,6.416666666666667,0.0,78.0,1102.0,18,0,0,13,29
2026-07-13 19:00:00,1.0166,0.16146666666666668,241.36983333333333,4.38,0.0,79.0,520.0,19,0,0,13,29
2026-07-13 20:00:00,0.4826,0.1865666666666667,240.94966666666667,2.2333333333333334,0.0,77.0,96.0,20,0,0,13,29
2026-07-13 21:00:00,0.4251666666666667,0.16763333333333333,239.35433333333333,1.9633333333333334,0.0,78.0,98.0,21,0,0,13,29
2026-07-13 22:00:00,0.3076666666666667,0.1135,240.4355,1.4200000000000002,0.0,51.0,39.0,22,0,0,13,29
2026-07-13 23:00:00,1.3974,0.16526666666666667,240.58083333333335,5.883333333333334,0.0,1.0,329.0,23,0,0,13,29
2026-07-14 00:00:00,1.5438333333333332,0.0596,241.12716666666665,6.386666666666667,0.0,0.0,538.0,0,1,0,14,29
2026-07-14 01:00:00,1.5374333333333332,0.08943333333333332,242.1585,6.346666666666667,161.0,2.0,92.0,1,1,0,14,29
2026-07-14 02:00:00,1.2895,0.20253333333333334,243.8145,5.416666666666667,312.0,76.0,98.0,2,1,0,14,29
2026-07-14 03:00:00,0.7721333333333333,0.19993333333333335,244.96483333333333,3.336666666666667,484.0,70.0,40.0,3,1,0,14,29
2026-07-14 04:00:00,0.3366,0.1992,243.4296666666667,1.62,0.0,68.0,97.0,4,1,0,14,29
2026-07-14 05:00:00,0.9683333333333334,0.1784,241.5368333333333,4.093333333333333,0.0,68.0,733.0,5,1,0,14,29
2026-07-14 06:00:00,0.3106666666666667,0.13883333333333334,242.08983333333333,1.4366666666666668,0.0,31.000000000000004,103.0,6,1,0,14,29
2026-07-14 07:00:00,0.2142,0.07056666666666667,242.14283333333333,0.9266666666666666,0.0,0.0,39.0,7,1,0,14,29
2026-07-14 08:00:00,0.2632,0.07893333333333333,240.876,1.1333333333333333,0.0,0.0,95.0,8,1,0,14,29
2026-07-14 09:00:00,0.6192333333333333,0.08693333333333333,241.10649999999998,2.606666666666667,0.0,0.0,371.0,9,1,0,14,29
2026-07-14 10:00:00,1.9085666666666665,0.08786666666666668,238.84866666666667,7.996666666666667,0.0,8.0,1148.0,10,1,0,14,29
2026-07-14 11:00:00,1.4395666666666667,0.13696666666666665,238.33033333333333,6.056666666666667,0.0,74.0,1096.0,11,1,0,14,29
2026-07-14 12:00:00,0.5902333333333334,0.1821,240.13766666666666,2.5866666666666664,0.0,69.0,313.0,12,1,0,14,29
2026-07-14 13:00:00,0.3597666666666666,0.18503333333333333,239.0615,1.6900000000000002,0.0,67.0,95.0,13,1,0,14,29
2026-07-14 14:00:00,0.3375666666666667,0.1396,240.0295,1.54,0.0,52.0,94.0,14,1,0,14,29
2026-07-14 15:00:00,0.26786666666666664,0.07913333333333333,241.47316666666666,1.2266666666666666,0.0,0.0,38.0,15,1,0,14,29
2026-07-14 16:00:00,1.2969000000000002,0.08026666666666667,241.4225,5.38,0.0,0.0,1038.0,16,1,0,14,29
2026-07-14 17:00:00,0.3499666666666667,0.08293333333333333,240.9415,1.5466666666666666,0.0,0.0,95.0,17,1,0,14,29
2026-07-14 18:00:00,0.24180000000000001,0.06883333333333333,242.84466666666668,1.0466666666666666,0.0,0.0,39.0,18,1,0,14,29
2026-07-14 19:00:00,0.3480666666666667,0.16226666666666667,243.16616666666667,1.5833333333333333,0.0,66.0,93.0,19,1,0,14,29
2026-07-14 20:00:00,0.34590000000000004,0.16993333333333333,241.22716666666665,1.6166666666666667,0.0,69.0,95.0,20,1,0,14,29
2026-07-14 21:00:00,0.7102666666666667,0.16966666666666666,241.12683333333334,3.1966666666666668,353.0,69.0,95.0,21,1,0,14,29
2026-07-14 22:00:00,1.2278333333333333,0.31753333333333333,239.05683333333334,6.003333333333333,462.0,68.0,38.0,22,1,0,14,29
2026-07-14 23:00:00,1.4990999999999999,0.09670000000000001,238.65216666666666,6.303333333333333,2.0,19.0,93.0,23,1,0,14,29
2026-07-15 00:00:00,1.7951000000000001,0.08020000000000001,238.35766666666666,7.52,0.0,0.0,326.0,0,2,0,15,29
2026-07-15 01:00:00,1.4222333333333335,0.08786666666666668,241.7445,5.913333333333333,0.0,0.0,495.0,1,2,0,15,29
2026-07-15 02:00:00,0.31356666666666666,0.0836,245.15916666666666,1.4266666666666665,0.0,0.0,41.0,2,2,0,15,29
2026-07-15 03:00:00,0.3368333333333334,0.1591,243.84183333333334,1.5633333333333332,0.0,58.0,92.0,3,2,0,15,29
2026-07-15 04:00:00,0.3358,0.17833333333333332,243.2015,1.5766666666666667,0.0,70.0,93.0,4,2,0,15,29
2026-07-15 05:00:00,0.3402,0.183,241.832,1.5933333333333333,0.0,69.0,94.0,5,2,0,15,29
2026-07-15 06:00:00,0.27923333333333333,0.15856666666666666,242.69750000000002,1.3099999999999998,0.0,63.0,39.0,6,2,0,15,29
2026-07-15 07:00:00,0.25666666666666665,0.08036666666666667,242.44716666666667,1.0966666666666667,0.0,0.0,93.0,7,2,0,15,29
2026-07-15 08:00:00,0.2604,0.0812,240.92749999999998,1.12,0.0,0.0,94.0,8,2,0,15,29
2026-07-15 09:00:00,0.6287,0.08376666666666667,240.19966666666667,2.6366666666666663,0.0,0.0,399.0,9,2,0,15,29
2026-07-15 10:00:00,1.7493333333333334,0.07553333333333333,239.37716666666665,7.3100000000000005,0.0,0.0,1150.0,10,2,0,15,29
2026-07-15 11:00:00,1.4405000000000001,0.1448,239.451,5.993333333333334,0.0,74.0,1092.0,11,2,0,15,29
2026-07-15 12:00:00,2.193433333333333,0.14026666666666668,237.88166666666666,9.273333333333333,370.0,642.0,981.0000000000001,12,2,0,15,29
2026-07-15 13:00:00,0.9704666666666667,0.19916666666666666,237.33266666666665,4.253333333333333,134.0,513.0,97.0,13,2,0,15,29
2026-07-15 14:00:00,1.7899,0.2942,238.8815,7.806666666666667,465.0,890.0,95.0,14,2,0,15,29
2026-07-15 15:00:00,0.5667666666666666,0.13643333333333332,241.81816666666666,2.4233333333333333,0.0,59.0,39.0,15,2,0,15,29
2026-07-15 16:00:00,0.5091666666666667,0.09686666666666667,241.25133333333332,2.31,0.0,0.0,127.0,16,2,0,15,29
2026-07-15 17:00:00,0.9451666666666667,0.06563333333333334,240.03583333333333,3.9833333333333334,0.0,0.0,756.0,17,2,0,15,29
2026-07-15 18:00:00,0.3289666666666667,0.10263333333333333,241.3961666666667,1.56,0.0,0.0,96.0,18,2,0,15,29
2026-07-15 19:00:00,0.3869666666666667,0.10433333333333333,241.046,1.7533333333333334,0.0,41.0,39.0,19,2,0,15,29
2026-07-15 20:00:00,0.5251666666666667,0.18489999999999998,241.03466666666665,2.42,0.0,70.0,156.0,20,2,0,15,29
2026-07-15 21:00:00,1.5987,0.22076666666666667,239.8718333333333,6.6899999999999995,0.0,68.0,1157.0,21,2,0,15,29
2026-07-15 22:00:00,1.9842333333333333,0.23353333333333334,240.21116666666666,8.316666666666666,0.0,67.0,1162.0,22,2,0,15,29
2026-07-15 23:00:00,2.0944333333333334,0.0856,240.46383333333333,8.71,0.0,21.0,1159.0,23,2,0,15,29
2026-07-16 00:00:00,2.1402666666666668,0.06653333333333333,239.76783333333333,8.893333333333334,21.0,0.0,1124.0,0,3,0,16,29
2026-07-16 01:00:00,1.3248333333333333,0.10496666666666667,243.45266666666666,5.486666666666666,425.0,0.0,97.0,1,3,0,16,29
2026-07-16 02:00:00,0.8584999999999999,0.1029,244.171,3.6166666666666667,459.0,0.0,39.0,2,3,0,16,29
2026-07-16 03:00:00,0.3932,0.21336666666666665,243.01083333333332,1.82,0.0,72.0,99.0,3,3,0,16,29
2026-07-16 04:00:00,0.40836666666666666,0.1897666666666667,242.58616666666666,1.8299999999999998,0.0,69.0,97.0,4,3,0,16,29
2026-07-16 05:00:00,0.38073333333333337,0.19463333333333335,241.82316666666665,1.7833333333333334,0.0,68.0,98.0,5,3,0,16,29
2026-07-16 06:00:00,0.351,0.1655,241.8275,1.59,0.0,49.0,98.0,6,3,0,16,29
2026-07-16 07:00:00,0.23933333333333331,0.06186666666666667,241.63416666666666,1.0633333333333332,0.0,0.0,39.0,7,3,0,16,29
2026-07-16 08:00:00,0.305,0.09286666666666667,242.359,1.3566666666666667,0.0,0.0,98.0,8,3,0,16,29
2026-07-16 09:00:00,0.8122666666666667,0.0983,242.54483333333334,3.4066666666666667,0.0,0.0,538.0,9,3,0,16,29
2026-07-16 10:00:00,2.0184,0.16699999999999998,238.4561666666667,8.483333333333333,0.0,45.0,1148.0,10,3,0,16,29
2026-07-16 11:00:00,1.5053666666666667,0.16319999999999998,237.77483333333333,6.3133333333333335,0.0,69.0,1141.0,11,3,0,16,29
2026-07-16 12:00:00,1.1082333333333334,0.1635,237.8131666666667,4.7,0.0,67.0,866.0,12,3,0,16,29
2026-07-16 13:00:00,0.31056666666666666,0.15476666666666666,241.86083333333332,1.4400000000000002,0.0,58.0,82.0,13,3,0,16,29
2026-07-16 14:00:00,0.22896666666666665,0.07383333333333333,242.82116666666667,0.9833333333333333,0.0,0.0,54.0,14,3,0,16,29
2026-07-16 15:00:00,0.3728666666666667,0.11126666666666667,243.87833333333336,1.7066666666666668,0.0,0.0,94.0,15,3,0,16,29
2026-07-16 16:00:00,0.27376666666666666,0.09646666666666667,242.46016666666668,1.1866666666666668,0.0,0.0,95.0,16,3,0,16,29
2026-07-16 17:00:00,0.3443333333333333,0.13936666666666667,241.96933333333334,1.6066666666666667,0.0,36.0,96.0,17,3,0,16,29
2026-07-16 18:00:00,0.35886666666666667,0.1675,241.08616666666666,1.7533333333333334,0.0,70.0,38.0,18,3,0,16,29
2026-07-16 19:00:00,0.4031333333333333,0.1743,240.56516666666667,1.9033333333333333,0.0,68.0,97.0,19,3,0,16,29
2026-07-16 20:00:00,0.3624,0.1836,241.77149999999997,1.6833333333333333,0.0,68.0,98.0,20,3,0,16,29
2026-07-16 21:00:00,0.9830333333333333,0.12916666666666668,240.61816666666667,4.156666666666667,0.0,29.0,777.0,21,3,0,16,29
2026-07-16 22:00:00,0.20803333333333332,0.061233333333333334,239.453,0.8833333333333333,0.0,0.0,38.0,22,3,0,16,29
2026-07-16 23:00:00,0.7553,0.11396666666666667,238.59133333333332,3.2733333333333334,0.0,0.0,97.0,23,3,0,16,29
2026-07-17 00:00:00,1.5866666666666667,0.19126666666666664,239.3635,6.616666666666666,0.0,0.0,97.0,0,4,0,17,29
2026-07-17 01:00:00,1.7083666666666666,0.3360666666666667,242.6281666666667,7.116666666666666,0.0,60.0,94.0,1,4,0,17,29
2026-07-17 02:00:00,1.0167,0.2165,244.226,4.22,0.0,70.0,39.0,2,4,0,17,29
2026-07-17 03:00:00,0.4185666666666667,0.18636666666666668,241.90166666666667,1.9433333333333336,0.0,68.0,95.0,3,4,0,17,29
2026-07-17 04:00:00,0.3141333333333333,0.13013333333333332,241.15783333333331,1.41,0.0,31.000000000000004,95.0,4,4,0,17,29
2026-07-17 05:00:00,0.26486666666666664,0.07863333333333333,240.512,1.1466666666666667,0.0,0.0,94.0,5,4,0,17,29
2026-07-17 06:00:00,0.9834999999999999,0.05233333333333333,240.2375,4.076666666666667,0.0,0.0,812.0,6,4,0,17,29
2026-07-17 07:00:00,0.2645,0.08163333333333332,240.60033333333334,1.15,0.0,0.0,96.0,7,4,0,17,29
2026-07-17 08:00:00,0.31039999999999995,0.13943333333333333,240.33166666666665,1.4333333333333333,0.0,58.0,95.0,8,4,0,17,29
2026-07-17 09:00:00,0.6315666666666666,0.16786666666666666,240.27183333333332,2.7866666666666666,0.0,69.0,326.0,9,4,0,17,29
2026-07-17 10:00:00,1.9140666666666666,0.16570000000000001,241.17716666666666,7.943333333333333,0.0,68.0,1130.0,10,4,0,17,29
2026-07-17 11:00:00,1.4490333333333334,0.13103333333333333,240.3145,6.036666666666666,0.0,34.0,1157.0,11,4,0,17,29
2026-07-17 12:00:00,0.5514666666666667,0.12493333333333334,240.60466666666667,2.4433333333333334,0.0,0.0,289.0,12,4,0,17,29
2026-07-17 13:00:00,0.5208333333333334,0.08196666666666667,240.10016666666667,2.26,0.0,0.0,323.0,13,4,0,17,29
2026-07-17 14:00:00,1.34,0.07896666666666666,239.44416666666666,5.5600000000000005,0.0,0.0,1154.0,14,4,0,17,29
2026-07-17 15:00:00,1.4146666666666665,0.15933333333333335,240.00050000000002,5.866666666666666,0.0,75.0,1099.0,15,4,0,17,29
2026-07-17 16:00:00,1.4808333333333332,0.155,240.99033333333333,6.116666666666666,0.0,68.0,1160.0,16,4,0,17,29
2026-07-17 17:00:00,0.5958666666666667,0.16646666666666665,240.75683333333333,2.65,0.0,67.0,344.0,17,4,0,17,29
2026-07-17 18:00:00,0.2752666666666667,0.0763,242.12366666666668,1.16,0.0,0.0,95.0,18,4,0,17,29
2026-07-17 19:00:00,0.2105,0.0613,242.08066666666667,0.91,0.0,0.0,39.0,19,4,0,17,29
2026-07-17 20:00:00,0.2618333333333333,0.06336666666666667,240.99633333333335,1.1266666666666665,0.0,0.0,95.0,20,4,0,17,29
2026-07-17 21:00:00,0.7915333333333333,0.14496666666666666,240.11566666666667,3.3266666666666667,0.0,41.0,95.0,21,4,0,17,29
2026-07-17 22:00:00,1.3970333333333333,0.22416666666666665,238.263,5.953333333333333,0.0,69.0,340.0,22,4,0,17,29
2026-07-17 23:00:00,2.9842999999999997,0.1341,236.512,12.643333333333334,465.0,67.0,1122.0,23,4,0,17,29
2026-07-18 00:00:00,1.7319333333333333,0.10923333333333334,237.90233333333333,7.276666666666667,218.0,24.0,122.99999999999999,0,5,1,18,29
2026-07-18 01:00:00,1.4389,0.0616,241.06483333333333,5.983333333333333,355.0,0.0,38.0,1,5,1,18,29
2026-07-18 02:00:00,0.7833666666666667,0.081,242.42283333333336,3.2133333333333334,0.0,0.0,94.0,2,5,1,18,29
2026-07-18 03:00:00,0.4765666666666667,0.11346666666666666,242.66400000000002,2.06,0.0,12.0,95.0,3,5,1,18,29
2026-07-18 04:00:00,0.2953,0.15923333333333334,241.9935,1.3833333333333333,0.0,74.0,39.0,4,5,1,18,29
2026-07-18 05:00:00,0.5791000000000001,0.1563,241.4365,2.5266666666666664,0.0,68.0,350.0,5,5,1,18,29
2026-07-18 06:00:00,0.6627333333333334,0.1293,241.47916666666666,2.8133333333333335,0.0,42.0,455.0,6,5,1,18,29
2026-07-18 07:00:00,0.19949999999999998,0.04396666666666667,241.5395,0.8433333333333334,0.0,0.0,39.0,7,5,1,18,29
2026-07-18 08:00:00,0.26236666666666664,0.076,241.45200000000003,1.1266666666666665,0.0,0.0,88.0,8,5,1,18,29
2026-07-18 09:00:00,0.6324333333333333,0.0862,240.85,2.6733333333333333,0.0,0.0,360.0,9,5,1,18,29
2026-07-18 10:00:00,1.9198,0.14676666666666668,238.26916666666665,8.043333333333333,0.0,65.0,1108.0,10,5,1,18,29
2026-07-18 11:00:00,1.3942666666666665,0.13776666666666668,234.36633333333333,5.96,0.0,68.0,1078.0,11,5,1,18,29
2026-07-18 12:00:00,0.8596,0.13736666666666666,237.49266666666665,3.69,0.0,49.0,644.0,12,5,1,18,29
2026-07-18 13:00:00,0.1999,0.05296666666666667,237.8493333333333,0.86,0.0,0.0,38.0,13,5,1,18,29
2026-07-18 14:00:00,0.28723333333333334,0.06866666666666667,241.03033333333332,1.24,0.0,0.0,91.0,14,5,1,18,29
2026-07-18 15:00:00,0.5261666666666667,0.10383333333333332,242.88183333333333,2.283333333333333,0.0,0.0,94.0,15,5,1,18,29
2026-07-18 16:00:00,0.3563,0.12556666666666666,242.63483333333335,1.5799999999999998,0.0,60.0,39.0,16,5,1,18,29
2026-07-18 17:00:00,0.7945666666666666,0.17616666666666667,241.8898333333333,3.5,0.0,323.0,273.0,17,5,1,18,29
2026-07-18 18:00:00,1.6732333333333334,0.15483333333333332,242.05866666666668,6.923333333333333,0.0,188.0,1174.0,18,5,1,18,29
2026-07-18 19:00:00,2.9641666666666664,0.17353333333333332,239.61616666666666,12.483333333333333,0.0,1480.0,1153.0,19,5,1,18,29
2026-07-18 20:00:00,1.5464666666666667,0.07016666666666667,239.92633333333333,6.416666666666667,0.0,119.0,1096.0,20,5,1,18,29
2026-07-18 21:00:00,1.9456333333333333,0.24659999999999999,239.429,8.423333333333334,1020.0,244.0,369.0,21,5,1,18,29
2026-07-18 22:00:00,2.9272,0.24726666666666666,239.069,12.370000000000001,455.0,1138.0,880.0,22,5,1,18,29
2026-07-18 23:00:00,2.8731333333333335,0.1896,238.91516666666666,12.17,479.0,1372.0,38.0,23,5,1,18,29
2026-07-19 00:00:00,0.5738333333333333,0.1962,242.0836666666667,2.506666666666667,0.0,85.0,95.0,0,6,1,19,29
2026-07-19 01:00:00,0.5266333333333334,0.20356666666666667,244.46349999999998,2.316666666666667,0.0,98.0,91.0,1,6,1,19,29
2026-07-19 02:00:00,0.484,0.08203333333333333,246.16649999999998,2.0733333333333333,0.0,11.0,40.0,2,6,1,19,29
2026-07-19 03:00:00,0.2914333333333333,0.09040000000000001,245.74116666666666,1.2733333333333334,0.0,10.0,94.0,3,6,1,19,29
2026-07-19 04:00:00,0.2673666666666667,0.07293333333333334,243.2595,1.1566666666666667,0.0,9.0,94.0,4,6,1,19,29
2026-07-19 05:00:00,0.8251666666666666,0.1052,241.82466666666667,3.433333333333333,0.0,46.0,610.0,5,6,1,19,29
2026-07-19 06:00:00,0.3550333333333333,0.18676666666666666,243.49633333333335,1.6433333333333333,0.0,81.0,96.0,6,6,1,19,29
2026-07-19 07:00:00,0.331,0.17003333333333334,242.76899999999998,1.5433333333333332,0.0,70.0,92.0,7,6,1,19,29
2026-07-19 08:00:00,0.20823333333333333,0.0693,242.5546666666667,0.88,0.0,7.0,39.0,8,6,1,19,29
2026-07-19 09:00:00,0.6108666666666667,0.0864,241.24583333333334,2.566666666666667,0.0,0.0,381.0,9,6,1,19,29
2026-07-19 10:00:00,1.8039999999999998,0.07093333333333333,240.18449999999999,7.52,0.0,0.0,1158.0,10,6,1,19,29
2026-07-19 11:00:00,1.3785999999999998,0.1245,239.87233333333333,5.703333333333333,0.0,33.0,1149.0,11,6,1,19,29
2026-07-19 12:00:00,0.8287,0.19446666666666665,240.4945,3.5766666666666667,0.0,71.0,409.0,12,6,1,19,29
2026-07-19 13:00:00,0.5166333333333334,0.10693333333333334,240.30249999999998,2.2633333333333336,0.0,68.0,91.0,13,6,1,19,29
2026-07-19 14:00:00,0.3648666666666667,0.05043333333333333,241.16616666666667,1.57,0.0,2.0,39.0,14,6,1,19,29
2026-07-19 15:00:00,0.3004,0.1011,241.86033333333333,1.4066666666666667,0.0,0.0,89.0,15,6,1,19,29
2026-07-19 16:00:00,0.8346333333333333,0.07566666666666667,241.71816666666666,3.6133333333333337,442.0,0.0,39.0,16,6,1,19,29
2026-07-19 17:00:00,1.0549333333333333,0.1308,239.93833333333333,4.433333333333334,68.0,45.0,734.0,17,6,1,19,29
2026-07-19 18:00:00,0.8408666666666667,0.17539999999999997,240.96433333333334,3.71,472.0,69.0,89.0,18,6,1,19,29
2026-07-19 19:00:00,0.9072666666666667,0.14936666666666668,242.10333333333335,3.82,0.0,59.0,647.0,19,6,1,19,29
2026-07-19 20:00:00,1.3213666666666666,0.061599999999999995,240.12083333333334,5.46,0.0,0.0,1154.0,20,6,1,19,29
2026-07-19 21:00:00,0.7356333333333333,0.1164,241.422,3.21,0.0,0.0,297.0,21,6,1,19,29
2026-07-19 22:00:00,1.5119,0.08943333333333332,239.1038333333333,6.333333333333333,0.0,0.0,906.0,22,6,1,19,29
2026-07-19 23:00:00,1.7384666666666666,0.14316666666666666,239.09633333333335,7.260000000000001,0.0,59.0,1142.0,23,6,1,19,29
2026-07-20 00:00:00,1.5982333333333334,0.09543333333333333,241.65583333333333,6.59,0.0,70.0,1112.0,0,0,0,20,30
2026-07-20 01:00:00,1.6708,0.14936666666666668,242.26000000000002,6.87,0.0,55.0,1169.0,1,0,0,20,30
2026-07-20 02:00:00,0.5027,0.0836,244.26333333333332,2.06,0.0,0.0,149.0,2,0,0,20,30
2026-07-20 03:00:00,0.3826,0.07266666666666667,242.28933333333333,1.5599999999999998,0.0,0.0,39.0,3,0,0,20,30
2026-07-20 04:00:00,0.40396666666666664,0.06970000000000001,239.7125,1.6733333333333333,0.0,0.0,91.0,4,0,0,20,30
2026-07-20 05:00:00,0.414,0.11933333333333333,239.27916666666667,1.7766666666666668,0.0,55.0,38.0,5,0,0,20,30
2026-07-20 06:00:00,0.48569999999999997,0.166,241.86499999999998,2.1233333333333335,0.0,69.0,90.0,6,0,0,20,30
2026-07-20 07:00:00,0.28163333333333335,0.10769999999999999,242.68833333333333,1.2366666666666668,0.0,24.0,88.0,7,0,0,20,30
2026-07-20 08:00:00,0.1971,0.0687,241.96599999999998,0.8433333333333334,0.0,0.0,39.0,8,0,0,20,30
2026-07-20 09:00:00,0.23706666666666668,0.0827,240.85133333333334,1.04,0.0,0.0,90.0,9,0,0,20,30
2026-07-20 10:00:00,0.5294333333333333,0.09749999999999999,240.948,2.353333333333333,0.0,23.0,234.0,10,0,0,20,30
2026-07-20 11:00:00,0.9478333333333333,0.15993333333333334,238.5945,4.026666666666666,0.0,71.0,544.0,11,0,0,20,30
2026-07-20 12:00:00,0.8190666666666666,0.10363333333333333,239.26433333333335,3.4266666666666667,0.0,53.0,474.0,12,0,0,20,30
2026-07-20 13:00:00,0.5698333333333333,0.07443333333333334,239.882,2.39,0.0,0.0,371.0,13,0,0,20,30
2026-07-20 14:00:00,0.2659,0.0552,242.197,1.1366666666666667,0.0,0.0,90.0,14,0,0,20,30
2026-07-20 15:00:00,0.21293333333333334,0.06696666666666666,245.39399999999998,0.91,0.0,0.0,40.0,15,0,0,20,30
2026-07-20 16:00:00,0.4809333333333334,0.13726666666666668,244.1455,2.1033333333333335,0.0,69.0,90.0,16,0,0,20,30
2026-07-20 17:00:00,0.3187333333333333,0.11776666666666666,242.8415,1.4200000000000002,0.0,69.0,39.0,17,0,0,20,30
2026-07-20 18:00:00,0.2951,0.1246,243.826,1.3466666666666667,0.0,30.0,93.0,18,0,0,20,30
2026-07-20 19:00:00,0.25279999999999997,0.057699999999999994,243.68666666666667,1.12,0.0,0.0,40.0,19,0,0,20,30
2026-07-20 20:00:00,0.3328,0.08383333333333334,241.3865,1.5166666666666666,0.0,0.0,94.0,20,0,0,20,30
2026-07-20 21:00:00,1.6387333333333334,0.089,238.74099999999999,6.95,0.0,538.0,713.0,21,0,0,20,30
2026-07-20 22:00:00,1.0944666666666667,0.255,240.43216666666666,4.716666666666667,0.0,233.0,96.0,22,0,0,20,30
2026-07-20 23:00:00,2.343566666666667,0.1202,241.16833333333335,9.723333333333333,0.0,68.0,850.0,23,0,0,20,30
2026-07-21 00:00:00,1.8975666666666666,0.07143333333333332,241.2995,7.819999999999999,0.0,5.0,777.0,0,1,0,21,30
2026-07-21 01:00:00,0.7172333333333333,0.0979,243.82116666666667,3.0,0.0,0.0,96.0,1,1,0,21,30
2026-07-21 02:00:00,0.2076666666666667,0.0576,244.79149999999998,0.8633333333333333,0.0,0.0,40.0,2,1,0,21,30
2026-07-21 03:00:00,0.3577666666666667,0.15289999999999998,244.5025,1.6233333333333335,0.0,54.0,97.0,3,1,0,21,30
2026-07-21 04:00:00,0.3307333333333334,0.18333333333333332,244.17299999999997,1.5599999999999998,0.0,70.0,95.0,4,1,0,21,30
2026-07-21 05:00:00,0.8504666666666666,0.10673333333333333,243.09133333333332,3.5366666666666666,0.0,33.0,649.0,5,1,0,21,30
2026-07-21 06:00:00,0.2718666666666667,0.08243333333333333,244.08416666666665,1.1666666666666667,0.0,0.0,96.0,6,1,0,21,30
2026-07-21 07:00:00,0.1951,0.04343333333333333,244.01783333333333,0.81,0.0,0.0,40.0,7,1,0,21,30
2026-07-21 08:00:00,0.2795333333333333,0.09666666666666666,242.751,1.23,0.0,20.0,93.0,8,1,0,21,30
2026-07-21 09:00:00,0.6302,0.15246666666666667,243.49866666666668,2.7266666666666666,0.0,72.0,329.0,9,1,0,21,30
2026-07-21 10:00:00,2.116966666666667,0.1875,241.281,8.786666666666667,0.0,55.0,1158.0,10,1,0,21,30
2026-07-21 11:00:00,1.4034333333333333,0.07963333333333332,239.86166666666668,5.816666666666666,0.0,0.0,1155.0,11,1,0,21,30
2026-07-21 12:00:00,1.3784666666666667,0.0749,240.326,5.693333333333333,0.0,0.0,1157.0,12,1,0,21,30
2026-07-21 13:00:00,1.4202666666666666,0.0649,242.0315,5.89,0.0,0.0,1115.0,13,1,0,21,30
2026-07-21 14:00:00,0.8689,0.22546666666666668,241.504,3.9,17.0,69.0,376.0,14,1,0,21,30
2026-07-21 15:00:00,2.172266666666667,0.30263333333333337,238.89066666666668,9.25,515.0,68.0,1087.0,15,1,0,21,30
2026-07-21 16:00:00,1.1652666666666667,0.0924,239.82433333333333,5.003333333333333,519.0,30.0,315.0,16,1,0,21,30
2026-07-21 17:00:00,0.9749333333333333,0.08026666666666667,240.632,4.676666666666667,0.0,0.0,537.0,17,1,0,21,30
2026-07-21 18:00:00,1.3373333333333333,0.06856666666666666,241.11433333333335,5.503333333333333,0.0,0.0,1152.0,18,1,0,21,30
2026-07-21 19:00:00,1.3558999999999999,0.1134,241.93566666666666,5.583333333333333,0.0,26.0,1127.0,19,1,0,21,30
2026-07-21 20:00:00,1.4825333333333333,0.16623333333333334,238.30533333333332,6.2266666666666675,0.0,71.0,1139.0,20,1,0,21,30
2026-07-21 21:00:00,1.1808666666666667,0.2126333333333333,239.56116666666668,5.416666666666667,671.0,68.0,88.0,21,1,0,21,30
2026-07-21 22:00:00,1.3009,0.23573333333333332,238.2045,6.223333333333333,645.0,0.0,98.0,22,1,0,21,30
2026-07-21 23:00:00,2.063066666666667,0.07956666666666666,240.89033333333333,8.54,131.0,0.0,587.0,23,1,0,21,30
2026-07-22 00:00:00,2.5983666666666663,0.0953,240.57866666666666,10.803333333333335,344.0,0.0,634.0,0,2,0,22,30
2026-07-22 01:00:00,1.6893666666666667,0.201,241.208,7.1,481.00000000000006,61.0,98.0,1,2,0,22,30
2026-07-22 02:00:00,0.6227,0.15546666666666667,243.582,2.5966666666666667,0.0,69.0,40.0,2,2,0,22,30
2026-07-22 03:00:00,0.4720333333333333,0.12793333333333334,242.11616666666666,2.0433333333333334,0.0,44.0,96.0,3,2,0,22,30
2026-07-22 04:00:00,0.30283333333333334,0.09516666666666666,241.76366666666667,1.3966666666666667,0.0,0.0,95.0,4,2,0,22,30
2026-07-22 05:00:00,0.20446666666666669,0.05363333333333333,240.44916666666668,0.8866666666666667,0.0,0.0,38.0,5,2,0,22,30
2026-07-22 06:00:00,0.26890000000000003,0.08286666666666666,241.32816666666668,1.1733333333333333,0.0,5.0,97.0,6,2,0,22,30
2026-07-22 07:00:00,0.27230000000000004,0.13376666666666667,241.31816666666666,1.23,0.0,74.0,39.0,7,2,0,22,30
2026-07-22 08:00:00,0.9105000000000001,0.15123333333333333,239.48,3.86,0.0,69.0,676.0,8,2,0,22,30
2026-07-22 09:00:00,0.6151666666666668,0.09236666666666667,241.19033333333334,2.5633333333333335,0.0,0.0,377.0,9,2,0,22,30
2026-07-22 10:00:00,1.8787333333333334,0.059133333333333336,238.60333333333335,7.876666666666667,0.0,0.0,1087.0,10,2,0,22,30
2026-07-22 11:00:00,1.3339666666666665,0.0735,238.30133333333333,5.573333333333333,0.0,0.0,1143.0,11,2,0,22,30
2026-07-22 12:00:00,1.3714666666666666,0.13663333333333333,237.60983333333334,5.733333333333333,0.0,57.0,1136.0,12,2,0,22,30
2026-07-22 13:00:00,1.0264,0.2304,239.36883333333333,4.516666666666667,0.0,69.0,418.0,13,2,0,22,30
2026-07-22 14:00:00,0.7342333333333334,0.3114,238.71216666666666,3.5766666666666667,0.0,25.0,99.0,14,2,0,22,30
2026-07-22 15:00:00,0.8323666666666667,0.08566666666666665,240.08333333333334,3.55,0.0,0.0,488.0,15,2,0,22,30
2026-07-22 16:00:00,0.5928666666666668,0.07326666666666666,240.858,2.5166666666666666,0.0,0.0,379.0,16,2,0,22,30
2026-07-22 17:00:00,0.3046333333333333,0.1169,241.73083333333335,1.41,0.0,38.0,38.0,17,2,0,22,30
2026-07-22 18:00:00,0.4209333333333333,0.17626666666666668,241.24883333333335,1.9966666666666666,0.0,70.0,97.0,18,2,0,22,30
2026-07-22 19:00:00,0.4111333333333333,0.1671,242.01033333333334,1.91,0.0,59.0,97.0,19,2,0,22,30
2026-07-22 20:00:00,0.24773333333333333,0.04989999999999999,242.90716666666668,1.14,0.0,0.0,39.0,20,2,0,22,30
2026-07-22 21:00:00,0.3106333333333334,0.08603333333333334,242.44866666666667,1.4266666666666665,0.0,0.0,98.0,21,2,0,22,30
2026-07-22 22:00:00,0.5627666666666666,0.15953333333333333,242.41133333333335,2.4699999999999998,0.0,0.0,39.0,22,2,0,22,30
2026-07-22 23:00:00,2.0710333333333333,0.174,240.93066666666667,8.6,0.0,74.0,835.0,23,2,0,22,30
2026-07-23 00:00:00,2.0067666666666666,0.16226666666666667,239.7365,8.363333333333333,0.0,68.0,418.0,0,3,0,23,30
2026-07-23 01:00:00,1.0306666666666666,0.1042,244.3505,4.203333333333334,0.0,27.0,39.0,1,3,0,23,30
2026-07-23 02:00:00,0.3404,0.09206666666666667,243.09016666666668,1.46,0.0,0.0,101.0,2,3,0,23,30
2026-07-23 03:00:00,0.28543333333333337,0.0611,240.40633333333332,1.25,0.0,0.0,44.0,3,3,0,23,30
2026-07-23 04:00:00,0.3053666666666667,0.12203333333333334,241.11683333333335,1.37,0.0,33.0,89.0,4,3,0,23,30
2026-07-23 05:00:00,0.32706666666666667,0.15330000000000002,240.0366666666667,1.5066666666666666,0.0,70.0,99.0,5,3,0,23,30
2026-07-23 06:00:00,0.26043333333333335,0.12716666666666668,241.05883333333335,1.2233333333333334,0.0,53.0,38.0,6,3,0,23,30
2026-07-23 07:00:00,0.7687,0.07143333333333333,240.64716666666666,3.203333333333333,0.0,0.0,608.0,7,3,0,23,30
2026-07-23 08:00:00,0.3939666666666667,0.06513333333333333,240.40683333333334,1.6633333333333333,0.0,0.0,221.0,8,3,0,23,30
2026-07-23 09:00:00,0.5784,0.10490000000000001,241.78133333333332,2.4466666666666668,0.0,5.0,337.0,9,3,0,23,30
2026-07-23 10:00:00,2.0355333333333334,0.16943333333333335,240.96016666666668,8.456666666666667,0.0,74.0,1166.0,10,3,0,23,30
2026-07-23 11:00:00,1.8892,0.21253333333333335,239.03466666666665,7.95,20.0,425.0,1151.0,11,3,0,23,30
2026-07-23 12:00:00,1.8499333333333332,0.07913333333333333,238.51000000000002,7.77,504.99999999999994,3.0,1145.0,12,3,0,23,30
2026-07-23 13:00:00,1.5564,0.051533333333333334,239.59983333333332,6.536666666666666,527.0,0.0,823.0,13,3,0,23,30
2026-07-23 14:00:00,0.3938333333333333,0.16723333333333334,240.788,1.8,0.0,0.0,98.0,14,3,0,23,30
2026-07-23 15:00:00,0.7272666666666667,0.21736666666666665,240.75799999999998,3.2366666666666664,0.0,70.0,246.99999999999997,15,3,0,23,30
2026-07-23 16:00:00,1.4374666666666667,0.16636666666666666,239.39466666666667,6.03,0.0,68.0,1108.0,16,3,0,23,30
2026-07-23 17:00:00,0.3046333333333333,0.11389999999999999,242.19716666666667,1.4166666666666667,0.0,37.0,39.0,17,3,0,23,30
2026-07-23 18:00:00,0.9953000000000001,0.09519999999999999,242.20766666666665,4.133333333333334,0.0,0.0,744.0,18,3,0,23,30
2026-07-23 19:00:00,1.3890333333333333,0.0949,242.24883333333335,5.6899999999999995,0.0,0.0,1182.0,19,3,0,23,30
2026-07-23 20:00:00,1.4524333333333332,0.17223333333333332,240.18083333333334,6.05,0.0,73.0,1160.0,20,3,0,23,30
2026-07-23 21:00:00,1.643,0.27453333333333335,240.34433333333334,7.653333333333333,1065.0,70.0,143.0,21,3,0,23,30
2026-07-23 22:00:00,1.6807,0.2567,238.80483333333333,7.406666666666666,355.0,67.0,330.0,22,3,0,23,30
2026-07-23 23:00:00,2.1387,0.0977,239.20316666666668,8.926666666666668,0.0,68.0,754.0,23,3,0,23,30
2026-07-24 00:00:00,1.5795666666666668,0.09240000000000001,239.66283333333334,6.553333333333333,0.0,51.0,81.0,0,4,0,24,30
2026-07-24 01:00:00,0.8024,0.0959,243.20583333333335,3.283333333333333,0.0,0.0,60.0,1,4,0,24,30
2026-07-24 02:00:00,0.3784666666666666,0.0767,243.16583333333335,1.6766666666666665,0.0,0.0,101.0,2,4,0,24,30
2026-07-24 03:00:00,0.3320666666666667,0.1048,242.65466666666669,1.4833333333333334,0.0,22.0,101.0,3,4,0,24,30
2026-07-24 04:00:00,0.4959,0.14946666666666666,239.9735,2.1933333333333334,0.0,71.0,232.0,4,4,0,24,30
2026-07-24 05:00:00,0.7034,0.1642,238.44183333333334,3.0366666666666666,0.0,68.0,454.0,5,4,0,24,30
2026-07-24 06:00:00,0.29883333333333334,0.1279,240.36966666666666,1.34,0.0,32.0,101.0,6,4,0,24,30
2026-07-24 07:00:00,0.2033333333333333,0.055466666666666664,240.652,0.8566666666666667,0.0,0.0,39.0,7,4,0,24,30
2026-07-24 08:00:00,0.2656,0.09580000000000001,239.65883333333335,1.1566666666666665,0.0,0.0,99.0,8,4,0,24,30
2026-07-24 09:00:00,0.7313666666666666,0.10206666666666667,239.11216666666667,3.103333333333333,0.0,29.0,381.0,9,4,0,24,30
2026-07-24 10:00:00,2.5547,0.161,238.53416666666666,10.723333333333333,0.0,70.0,1134.0,10,4,0,24,30
2026-07-24 11:00:00,1.9102333333333334,0.14286666666666664,237.7995,8.06,461.0,66.0,1089.0,11,4,0,24,30
2026-07-24 12:00:00,1.4231666666666667,0.09376666666666668,241.08149999999998,5.833333333333333,69.0,0.0,1170.0,12,4,0,24,30
2026-07-24 13:00:00,1.8184666666666667,0.0929,239.67866666666666,7.566666666666666,491.0,0.0,1153.0,13,4,0,24,30
2026-07-24 14:00:00,0.8200666666666667,0.08916666666666666,240.42816666666667,3.4166666666666665,0.0,0.0,572.0,14,4,0,24,30
2026-07-24 15:00:00,1.5701,0.16796666666666665,239.66383333333334,6.553333333333333,0.0,72.0,1156.0,15,4,0,24,30
2026-07-24 16:00:00,1.4990999999999999,0.12366666666666666,240.06583333333336,6.1866666666666665,0.0,68.0,1097.0,16,4,0,24,30
2026-07-24 17:00:00,1.401166666666667,0.14323333333333332,238.56199999999998,5.86,0.0,54.0,1147.0,17,4,0,24,30
2026-07-24 18:00:00,0.6156666666666666,0.09706666666666666,240.99949999999998,2.6533333333333333,0.0,0.0,422.0,18,4,0,24,30
2026-07-24 19:00:00,0.3339,0.10369999999999999,243.1881666666667,1.5133333333333332,0.0,0.0,99.0,19,4,0,24,30
2026-07-24 20:00:00,0.36843333333333333,0.06546666666666666,243.18616666666668,1.5866666666666667,0.0,4.0,40.0,20,4,0,24,30
2026-07-24 21:00:00,0.6257333333333333,0.16366666666666668,242.78883333333334,2.6666666666666665,0.0,75.0,100.0,21,4,0,24,30
2026-07-24 22:00:00,1.2010333333333334,0.14953333333333332,240.92166666666665,5.069999999999999,0.0,69.0,100.0,22,4,0,24,30
2026-07-24 23:00:00,0.9679333333333333,0.1075,242.54716666666667,4.0200000000000005,0.0,53.0,46.0,23,4,0,24,30
2026-07-25 00:00:00,2.0422333333333333,0.08376666666666667,240.5405,8.45,0.0,0.0,1073.0,0,5,1,25,30
2026-07-25 01:00:00,1.0331,0.06333333333333332,243.11783333333332,4.223333333333334,0.0,0.0,99.0,1,5,1,25,30
2026-07-25 02:00:00,0.9488333333333333,0.10066666666666667,243.42183333333332,3.9133333333333336,0.0,2.0,98.0,2,5,1,25,30
2026-07-25 03:00:00,0.4999333333333333,0.17763333333333334,243.64416666666665,2.1599999999999997,0.0,75.0,60.0,3,5,1,25,30
2026-07-25 04:00:00,0.3203,0.17316666666666666,241.20316666666668,1.4733333333333334,0.0,68.0,79.0,4,5,1,25,30
2026-07-25 05:00:00,0.31416666666666665,0.14096666666666666,239.88066666666666,1.3933333333333333,0.0,51.0,97.0,5,5,1,25,30
2026-07-25 06:00:00,0.26683333333333337,0.09046666666666667,239.02316666666667,1.1700000000000002,0.0,0.0,99.0,6,5,1,25,30
2026-07-25 07:00:00,0.2029,0.06613333333333334,239.2585,0.8733333333333333,0.0,0.0,37.0,7,5,1,25,30
2026-07-25 08:00:00,0.7952666666666667,0.07756666666666666,239.4188333333333,3.3433333333333333,0.0,0.0,632.0,8,5,1,25,30
2026-07-25 09:00:00,0.7827666666666667,0.16820000000000002,240.13866666666667,3.3800000000000003,0.0,70.0,497.0,9,5,1,25,30
2026-07-25 10:00:00,2.1366666666666663,0.17763333333333334,238.79033333333334,8.979999999999999,0.0,68.0,1150.0,10,5,1,25,30
2026-07-25 11:00:00,1.4683333333333333,0.1456,239.99249999999998,6.123333333333333,0.0,39.0,1162.0,11,5,1,25,30
2026-07-25 12:00:00,1.3575333333333333,0.062433333333333334,239.33350000000002,5.61,0.0,0.0,1150.0,12,5,1,25,30
2026-07-25 13:00:00,1.2882,0.07856666666666667,238.977,5.333333333333333,0.0,0.0,1076.0,13,5,1,25,30
2026-07-25 14:00:00,0.39576666666666666,0.05156666666666666,240.37983333333335,1.6866666666666668,0.0,13.0,97.0,14,5,1,25,30
2026-07-25 15:00:00,0.5886666666666667,0.18596666666666667,242.183,2.6233333333333335,0.0,73.0,96.0,15,5,1,25,30
2026-07-25 16:00:00,0.8107,0.19133333333333333,242.04016666666666,3.5033333333333334,470.0,68.0,98.0,16,5,1,25,30
2026-07-25 17:00:00,0.9828333333333333,0.16276666666666667,240.25366666666665,4.303333333333333,508.0,39.0,38.0,17,5,1,25,30
2026-07-25 18:00:00,0.26486666666666664,0.07766666666666668,242.07866666666666,1.13,0.0,0.0,96.0,18,5,1,25,30
2026-07-25 19:00:00,0.6632,0.11190000000000001,241.904,2.856666666666667,0.0,0.0,435.0,19,5,1,25,30
2026-07-25 20:00:00,0.7355333333333333,0.061000000000000006,241.60133333333334,3.063333333333333,0.0,13.0,511.00000000000006,20,5,1,25,30
2026-07-25 21:00:00,0.8364666666666667,0.22943333333333332,239.83616666666666,3.7933333333333334,400.0,73.0,96.0,21,5,1,25,30
2026-07-25 22:00:00,2.0984,0.2321,238.208,9.146666666666667,361.0,75.0,401.0,22,5,1,25,30
2026-07-25 23:00:00,2.2476,0.13636666666666666,238.89083333333335,9.366666666666667,0.0,32.0,475.0,23,5,1,25,30
2026-07-26 00:00:00,1.5723666666666667,0.09643333333333333,239.57016666666667,6.553333333333333,0.0,0.0,94.0,0,6,1,26,30
2026-07-26 01:00:00,1.0881666666666667,0.0824,242.87383333333335,4.45,0.0,0.0,95.0,1,6,1,26,30
2026-07-26 02:00:00,0.41573333333333334,0.11030000000000001,244.64916666666667,1.85,0.0,16.0,95.0,2,6,1,26,30
2026-07-26 03:00:00,0.35550000000000004,0.1605,243.96116666666666,1.6266666666666665,0.0,73.0,50.0,3,6,1,26,30
2026-07-26 04:00:00,0.9487333333333333,0.14720000000000003,238.89816666666667,3.993333333333333,0.0,68.0,717.0,4,6,1,26,30
2026-07-26 05:00:00,0.2379666666666667,0.09346666666666666,239.82000000000002,1.05,0.0,9.0,64.0,5,6,1,26,30
2026-07-26 06:00:00,0.24060714285714285,0.07953571428571428,240.39589285714285,1.0392857142857141,0.0,0.0,69.64285714285715,6,6,1,26,30
2026-07-26 07:00:00,2.1969787234042553,0.08319148936170213,236.07659574468087,9.306382978723406,3.829787234042553,0.0,744.2553191489361,7,6,1,26,30
2026-07-26 08:00:00,1.9826333333333332,0.10016666666666667,238.398,8.326666666666666,485.00000000000006,59.0,92.0,8,6,1,26,30
2026-07-26 09:00:00,2.0791666666666666,0.10353333333333332,239.648,8.703333333333335,456.0,69.0,65.0,9,6,1,26,30
2026-07-26 10:00:00,1.0864333333333334,0.08373333333333334,243.44416666666666,4.453333333333333,0.0,53.0,68.0,10,6,1,26,30
2026-07-26 11:00:00,0.9712333333333334,0.07806666666666667,242.75816666666665,4.003333333333333,0.0,0.0,94.0,11,6,1,26,30
2026-07-26 12:00:00,0.9060333333333334,0.07123333333333333,241.35600000000002,3.743333333333333,0.0,0.0,39.0,12,6,1,26,30
2026-07-26 13:00:00,0.7261666666666666,0.07170000000000001,241.72,2.9799999999999995,0.0,0.0,95.0,13,6,1,26,30
2026-07-26 14:00:00,0.8463999999999999,0.09863333333333334,242.52783333333335,3.503333333333333,0.0,39.0,536.0,14,6,1,26,30
2026-07-26 15:00:00,0.5398333333333334,0.13933333333333334,242.784,2.26,0.0,70.0,213.0,15,6,1,26,30
2026-07-26 16:00:00,0.3545666666666667,0.12406666666666667,241.388,1.5066666666666668,0.0,49.0,39.0,16,6,1,26,30
2026-07-26 17:00:00,0.3657666666666667,0.07553333333333333,241.16066666666666,1.5266666666666666,0.0,0.0,92.0,17,6,1,26,30
2026-07-26 18:00:00,0.7652333333333333,0.06383333333333334,240.459,3.2266666666666666,0.0,0.0,282.0,18,6,1,26,30
2026-07-26 19:00:00,2.4926000000000004,0.0679,239.52,10.356666666666666,0.0,0.0,1146.0,19,6,1,26,30
2026-07-26 20:00:00,1.5998666666666668,0.10993333333333334,238.9845,6.6866666666666665,0.0,54.0,1148.0,20,6,1,26,30
2026-07-26 21:00:00,1.5772666666666666,0.11230000000000001,239.381,6.5633333333333335,0.0,69.0,1146.0,21,6,1,26,30
2026-07-26 22:00:00,1.4527,0.06393333333333333,238.75233333333333,6.093333333333334,0.0,48.0,994.9999999999999,22,6,1,26,30
2026-07-26 23:00:00,1.4236666666666666,0.05773333333333333,239.15683333333334,5.96,0.0,0.0,1024.0,23,6,1,26,30
2026-07-27 00:00:00,1.0519666666666667,0.13913333333333336,241.35966666666667,4.766666666666667,574.0,0.0,95.0,0,0,0,27,31
2026-07-27 01:00:00,0.39596666666666663,0.06336666666666667,244.08133333333333,1.72,5.0,4.0,40.0,1,0,0,27,31
2026-07-27 02:00:00,1.1739333333333333,0.12326666666666666,242.33633333333333,4.9,0.0,74.0,743.0,2,0,0,27,31
2026-07-27 03:00:00,1.6014333333333333,0.12913333333333335,241.9255,6.616666666666666,0.0,69.0,1173.0,3,0,0,27,31
2026-07-27 04:00:00,1.4675333333333331,0.0882,241.78166666666667,5.98,0.0,24.0,1153.0,4,0,0,27,31
2026-07-27 05:00:00,1.4179666666666668,0.07206666666666667,241.65216666666666,5.793333333333334,0.0,0.0,1127.0,5,0,0,27,31
2026-07-27 06:00:00,1.231,0.08193333333333334,241.52866666666665,5.086666666666667,0.0,0.0,854.0,6,0,0,27,31
2026-07-27 07:00:00,0.9260666666666667,0.1315,239.715,3.94,0.0,27.0,38.0,7,0,0,27,31
2026-07-27 08:00:00,1.7860666666666667,0.155,239.05083333333332,7.496666666666667,385.0,70.0,95.0,8,0,0,27,31
2026-07-27 09:00:00,1.5102666666666666,0.14593333333333333,240.61766666666665,6.33,113.0,51.0,96.0,9,0,0,27,31
2026-07-27 10:00:00,1.3882,0.08386666666666667,242.947,5.709999999999999,502.0,0.0,278.0,10,0,0,27,31
2026-07-27 11:00:00,1.0732666666666666,0.05396666666666667,245.17583333333332,4.3533333333333335,0.0,0.0,600.0,11,0,0,27,31
2026-07-27 12:00:00,0.4951,0.0673,244.4921666666667,2.026666666666667,0.0,2.0,39.0,12,0,0,27,31
2026-07-27 13:00:00,0.6155666666666666,0.1446,241.964,2.6,0.0,74.0,96.0,13,0,0,27,31
2026-07-27 14:00:00,0.6082,0.14893333333333333,242.833,2.533333333333333,0.0,66.0,95.0,14,0,0,27,31
2026-07-27 15:00:00,0.49779999999999996,0.08186666666666667,243.85266666666666,2.06,0.0,0.0,39.0,15,0,0,27,31
2026-07-27 16:00:00,0.5483,0.05196666666666667,243.38666666666668,2.2233333333333336,0.0,0.0,99.0,16,0,0,27,31
2026-07-27 17:00:00,0.4808,0.08299999999999999,242.7765,2.0033333333333334,0.0,0.0,39.0,17,0,0,27,31
2026-07-27 18:00:00,0.9968333333333333,0.1325,244.16716666666667,4.1,0.0,64.0,401.0,18,0,0,27,31
2026-07-27 19:00:00,2.6383666666666667,0.12286666666666667,239.32683333333335,10.986666666666668,0.0,69.0,1154.0,19,0,0,27,31
2026-07-27 20:00:00,1.6083,0.0954,239.32616666666667,6.693333333333333,0.0,23.0,1151.0,20,0,0,27,31
2026-07-27 21:00:00,1.3473333333333335,0.05553333333333334,239.03933333333333,5.6033333333333335,0.0,0.0,1088.0,21,0,0,27,31
2026-07-27 22:00:00,1.4476333333333333,0.09383333333333334,242.08466666666666,5.92,0.0,0.0,1174.0,22,0,0,27,31
2026-07-27 23:00:00,1.1480333333333335,0.0927,243.53900000000002,4.7,0.0,31.000000000000004,858.0,23,0,0,27,31
2026-07-28 00:00:00,0.5352,0.19856666666666667,243.97366666666667,2.3333333333333335,0.0,71.0,39.0,0,1,0,28,31
2026-07-28 01:00:00,0.5711333333333334,0.10023333333333334,241.70383333333334,2.3666666666666667,0.0,50.0,99.0,1,1,0,28,31
2026-07-28 02:00:00,0.6650666666666666,0.059533333333333334,242.88,2.7,0.0,0.0,39.0,2,1,0,28,31
2026-07-28 03:00:00,0.6374333333333334,0.057100000000000005,242.32333333333332,2.6300000000000003,0.0,0.0,99.0,3,1,0,28,31
2026-07-28 04:00:00,0.45386666666666664,0.0971,242.27316666666667,1.8966666666666667,0.0,16.0,39.0,4,1,0,28,31
2026-07-28 05:00:00,0.6844,0.11873333333333333,242.23316666666668,2.853333333333333,0.0,73.0,97.0,5,1,0,28,31
2026-07-28 06:00:00,2.0233333333333334,0.20763333333333334,240.038,8.516666666666667,0.0,69.0,1009.9999999999999,6,1,0,28,31
2026-07-28 07:00:00,0.7304333333333334,0.16083333333333333,239.659,3.146666666666667,0.0,68.0,56.0,7,1,0,28,31
2026-07-28 08:00:00,0.44453333333333334,0.13763333333333333,242.28983333333332,1.9200000000000002,0.0,68.0,99.0,8,1,0,28,31
2026-07-28 09:00:00,0.3501666666666667,0.10963333333333332,242.22283333333334,1.4833333333333334,0.0,27.0,39.0,9,1,0,28,31
2026-07-28 10:00:00,0.45716666666666667,0.0762,244.324,1.87,0.0,0.0,99.0,10,1,0,28,31
2026-07-28 11:00:00,0.8196333333333333,0.06023333333333333,244.678,3.3333333333333335,0.0,0.0,40.0,11,1,0,28,31
2026-07-28 12:00:00,0.46653333333333336,0.11976666666666666,241.74783333333335,2.0166666666666666,0.0,37.0,97.0,12,1,0,28,31
2026-07-28 13:00:00,0.4644666666666667,0.15133333333333335,240.81483333333333,1.96,0.0,70.0,74.0,13,1,0,28,31
2026-07-28 14:00:00,0.39353333333333335,0.13443333333333335,241.66,1.6566666666666667,0.0,66.0,63.0,14,1,0,28,31
2026-07-28 15:00:00,1.1539666666666666,0.08736666666666666,239.71450000000002,4.806666666666667,0.0,0.0,890.0,15,1,0,28,31
2026-07-28 16:00:00,0.29843333333333333,0.0455,240.61616666666666,1.23,0.0,0.0,39.0,16,1,0,28,31
2026-07-28 17:00:00,0.34769999999999995,0.08086666666666667,240.49833333333333,1.4833333333333334,0.0,0.0,96.0,17,1,0,28,31
2026-07-28 18:00:00,0.7348666666666667,0.10613333333333334,242.19650000000001,3.07,0.0,55.0,318.0,18,1,0,28,31
2026-07-28 19:00:00,2.3709,0.15356666666666668,240.01083333333332,9.863333333333333,0.0,69.0,1158.0,19,1,0,28,31
2026-07-28 20:00:00,1.4533999999999998,0.09153333333333333,240.17116666666666,6.010000000000001,0.0,32.0,1157.0,20,1,0,28,31
2026-07-28 21:00:00,0.46159999999999995,0.08,241.704,1.9200000000000002,0.0,0.0,198.0,21,1,0,28,31
2026-07-28 22:00:00,0.4330666666666667,0.07023333333333334,241.4118333333333,1.8099999999999998,0.0,0.0,158.0,22,1,0,28,31
2026-07-28 23:00:00,1.5200666666666665,0.07993333333333334,239.60183333333333,6.293333333333334,0.0,15.0,1157.0,23,1,0,28,31
2026-07-29 00:00:00,2.4493666666666667,0.13166666666666668,240.172,10.553333333333335,735.0,72.0,1098.0,0,2,0,29,31
2026-07-29 01:00:00,1.7681666666666667,0.2034,240.55949999999999,7.366666666666666,1.0,68.0,1161.0,1,2,0,29,31
2026-07-29 02:00:00,1.4742666666666666,0.10196666666666668,243.67666666666668,5.989999999999999,0.0,12.0,1188.0,2,2,0,29,31
2026-07-29 03:00:00,1.0447666666666666,0.145,241.38016666666667,4.45,0.0,0.0,234.0,3,2,0,29,31
2026-07-29 04:00:00,1.7117666666666667,0.08853333333333334,240.7475,7.056666666666667,0.0,0.0,986.0,4,2,0,29,31
2026-07-29 05:00:00,0.3544333333333334,0.0911,242.51066666666665,1.4833333333333334,0.0,37.0,39.0,5,2,0,29,31
2026-07-29 06:00:00,0.5629000000000001,0.13649999999999998,238.14849999999998,2.4166666666666665,0.0,69.0,97.0,6,2,0,29,31
2026-07-29 07:00:00,1.1308333333333331,0.20783333333333334,238.8105,4.84,0.0,68.0,98.0,7,2,0,29,31
2026-07-29 08:00:00,0.7974666666666667,0.06803333333333333,241.70200000000003,3.26,0.0,18.0,39.0,8,2,0,29,31
2026-07-29 09:00:00,2.1828333333333334,0.06319999999999999,238.721,9.129999999999999,253.0,0.0,827.0,9,2,0,29,31
2026-07-29 10:00:00,0.6092,0.07446666666666667,240.04166666666666,2.5233333333333334,270.0,0.0,38.0,10,2,0,29,31
2026-07-29 11:00:00,0.8957999999999999,0.11736666666666666,242.6295,3.753333333333333,493.0,36.0,97.0,11,2,0,29,31
2026-07-29 12:00:00,0.36519999999999997,0.12073333333333333,241.39766666666668,1.5266666666666666,0.0,70.0,38.0,12,2,0,29,31
2026-07-29 13:00:00,0.8989666666666667,0.12506666666666666,240.61866666666668,3.8,0.0,21.0,97.0,13,2,0,29,31
2026-07-29 14:00:00,0.3085333333333333,0.0487,241.02366666666666,1.2666666666666666,0.0,0.0,39.0,14,2,0,29,31
2026-07-29 15:00:00,0.9448000000000001,0.09006666666666667,239.82716666666664,3.95,0.0,0.0,683.0,15,2,0,29,31
2026-07-29 16:00:00,0.36136666666666667,0.1258,240.741,1.54,0.0,45.0,48.0,16,2,0,29,31
2026-07-29 17:00:00,0.42223333333333335,0.1475,240.50866666666667,1.8033333333333335,0.0,69.0,87.0,17,2,0,29,31
2026-07-29 18:00:00,0.8281666666666666,0.10163333333333333,241.35150000000002,3.433333333333333,0.0,30.0,418.0,18,2,0,29,31
2026-07-29 19:00:00,2.1751666666666667,0.0359,239.56733333333332,9.033333333333333,0.0,0.0,1093.0,19,2,0,29,31
2026-07-29 20:00:00,1.8114666666666668,0.09603333333333335,238.85833333333332,7.59,0.0,0.0,1148.0,20,2,0,29,31
2026-07-29 21:00:00,0.4921333333333333,0.11359999999999999,240.529,2.1266666666666665,0.0,35.0,153.0,21,2,0,29,31
2026-07-29 22:00:00,0.417,0.14,240.65933333333334,1.8366666666666667,0.0,70.0,39.0,22,2,0,29,31
2026-07-29 23:00:00,0.8097,0.12396666666666666,241.84383333333332,3.386666666666667,0.0,41.0,450.0,23,2,0,29,31
2026-07-30 00:00:00,0.5983,0.07840000000000001,241.47266666666667,2.51,0.0,0.0,280.0,0,3,0,30,31
2026-07-30 01:00:00,0.7486333333333334,0.10186666666666667,241.5765,3.17,0.0,0.0,95.0,1,3,0,30,31
2026-07-30 02:00:00,1.8700666666666665,0.12736666666666668,241.01366666666667,7.73,16.0,26.0,1103.0,2,3,0,30,31
2026-07-30 03:00:00,2.1852333333333336,0.1312,240.92783333333333,9.06,433.0,71.0,1148.0,3,3,0,30,31
2026-07-30 04:00:00,1.9975666666666667,0.09963333333333332,239.90383333333332,8.32,488.0,68.0,1111.0,4,3,0,30,31
2026-07-30 05:00:00,1.5547666666666666,0.116,240.34099999999998,6.45,0.0,8.0,1157.0,5,3,0,30,31
2026-07-30 06:00:00,0.7696666666666666,0.04663333333333333,241.09633333333335,3.17,0.0,0.0,49.0,6,3,0,30,31
2026-07-30 07:00:00,1.5142666666666666,0.11283333333333334,239.11366666666666,6.326666666666667,0.0,0.0,97.0,7,3,0,30,31
2026-07-30 08:00:00,3.9403,0.20133333333333334,239.333,16.633333333333333,1722.0,55.0,860.0,8,3,0,30,31
2026-07-30 09:00:00,3.7497333333333334,0.19083333333333333,238.67416666666668,15.896666666666667,1297.0,69.0,1040.0,9,3,0,30,31
2026-07-30 10:00:00,1.6859,0.20153333333333334,243.19866666666667,6.92,16.0,63.0,1173.0,10,3,0,30,31
2026-07-30 11:00:00,1.6050666666666666,0.09146666666666665,243.3055,6.543333333333334,0.0,0.0,1126.0,11,3,0,30,31
2026-07-30 12:00:00,0.3721,0.095,244.6595,1.55,0.0,0.0,97.0,12,3,0,30,31
2026-07-30 13:00:00,0.3647,0.03786666666666667,241.42483333333334,1.4766666666666668,0.0,0.0,39.0,13,3,0,30,31
2026-07-30 14:00:00,0.44966666666666666,0.14303333333333335,243.5375,1.9266666666666665,0.0,63.0,96.0,14,3,0,30,31
2026-07-30 15:00:00,0.4408,0.15226666666666666,242.0836666666667,1.91,0.0,69.0,97.0,15,3,0,30,31
2026-07-30 16:00:00,0.3455333333333333,0.1076,242.37783333333334,1.4366666666666668,0.0,35.0,38.0,16,3,0,30,31
2026-07-30 17:00:00,0.38326666666666664,0.09333333333333332,242.27916666666667,1.6099999999999999,0.0,0.0,98.0,17,3,0,30,31
2026-07-30 18:00:00,0.3012333333333333,0.04636666666666667,242.36683333333335,1.2166666666666666,0.0,0.0,38.0,18,3,0,30,31
2026-07-30 19:00:00,0.6125333333333334,0.12723333333333334,241.656,2.6866666666666665,0.0,27.0,97.0,19,3,0,30,31
2026-07-30 20:00:00,1.1061,0.17303333333333332,241.40133333333333,4.66,0.0,70.0,679.0,20,3,0,30,31
2026-07-30 21:00:00,2.2386,0.13563333333333333,240.27599999999998,9.406666666666666,651.0,510.0,761.0,21,3,0,30,31
2026-07-30 22:00:00,2.4140333333333337,0.224,238.79233333333335,10.889999999999999,998.0,56.0,875.0,22,3,0,30,31
2026-07-30 23:00:00,3.395,0.2753333333333333,241.15866666666668,14.860000000000001,1199.0,498.00000000000006,1030.0,23,3,0,30,31
2026-07-31 00:00:00,0.9115666666666667,0.16143333333333335,243.3625,4.116666666666666,342.0,0.0,46.0,0,4,0,31,31
2026-07-31 01:00:00,0.49683333333333335,0.20133333333333334,244.4615,2.2,0.0,66.0,88.0,1,4,0,31,31
2026-07-31 02:00:00,1.9401000000000002,0.17003333333333334,243.86933333333334,8.003333333333334,398.0,71.0,1150.0,2,4,0,31,31
2026-07-31 03:00:00,1.2537999999999998,0.17956666666666665,243.02716666666666,5.216666666666667,120.0,64.0,776.0,3,4,0,31,31
2026-07-31 04:00:00,0.9990666666666667,0.14316666666666666,242.4215,4.2733333333333325,422.0,148.0,43.0,4,4,0,31,31
2026-07-31 05:00:00,0.4815666666666667,0.04646666666666667,242.19116666666665,2.0166666666666666,0.0,0.0,98.0,5,4,0,31,31
2026-07-31 06:00:00,0.6803333333333333,0.07233333333333333,242.23100000000002,2.8433333333333333,0.0,7.0,97.0,6,4,0,31,31
2026-07-31 07:00:00,2.3235666666666663,0.24109999999999998,237.82333333333332,9.826666666666666,0.0,73.0,690.0,7,4,0,31,31
2026-07-31 08:00:00,3.3895333333333335,0.15296666666666667,238.1688333333333,14.266666666666667,356.0,669.0,111.0,8,4,0,31,31
2026-07-31 09:00:00,2.5301666666666667,0.1537,240.31166666666667,10.51,227.0,100.0,99.0,9,4,0,31,31
2026-07-31 10:00:00,1.6654000000000002,0.1485,242.7125,6.89,287.0,38.0,67.0,10,4,0,31,31
2026-07-31 11:00:00,1.4159,0.09893333333333333,243.79399999999998,5.77,0.0,0.0,528.0,11,4,0,31,31
2026-07-31 12:00:00,0.9609333333333333,0.06916666666666667,243.41316666666668,3.9133333333333336,0.0,0.0,174.0,12,4,0,31,31
2026-07-31 13:00:00,0.8805999999999999,0.08486666666666666,243.108,3.58,0.0,21.0,99.0,13,4,0,31,31
2026-07-31 14:00:00,0.8617,0.13743333333333335,241.42466666666667,3.5533333333333337,0.0,72.0,38.0,14,4,0,31,31
2026-07-31 15:00:00,0.9168000000000001,0.15923333333333334,240.12616666666665,3.816666666666667,0.0,67.0,98.0,15,4,0,31,31
2026-07-31 16:00:00,0.8580666666666666,0.08953333333333333,239.57716666666664,3.5533333333333332,0.0,14.0,97.0,16,4,0,31,31
2026-07-31 17:00:00,0.8383,0.08403333333333333,240.10150000000002,3.4833333333333334,0.0,0.0,99.0,17,4,0,31,31
2026-07-31 18:00:00,1.1786666666666668,0.0737,242.535,4.833333333333333,0.0,0.0,334.0,18,4,0,31,31
2026-07-31 19:00:00,2.6861,0.1628,240.31116666666668,11.196666666666665,0.0,57.0,1163.0,19,4,0,31,31
2026-07-31 20:00:00,2.0932666666666666,0.16283333333333333,238.10649999999998,8.763333333333332,0.0,68.0,1148.0,20,4,0,31,31
2026-07-31 21:00:00,2.0266,0.15686666666666668,238.04866666666666,8.483333333333333,0.0,57.0,1138.0,21,4,0,31,31
2026-07-31 22:00:00,1.3338999999999999,0.08503333333333334,242.1725,5.516666666666667,0.0,0.0,585.0,22,4,0,31,31
2026-07-31 23:00:00,0.7101666666666666,0.21543333333333334,242.42533333333333,3.1533333333333333,1.0,0.0,39.0,23,4,0,31,31
2026-08-01 00:00:00,2.3162666666666665,0.22953333333333334,238.28966666666665,10.166666666666666,708.0,14.0,911.0,0,5,1,1,31
2026-08-01 01:00:00,0.7096,0.14766666666666667,239.933,3.0233333333333334,0.0,72.0,97.0,1,5,1,1,31
2026-08-01 02:00:00,0.5258333333333334,0.1421666666666667,242.382,2.3066666666666666,0.0,69.0,92.0,2,5,1,1,31
2026-08-01 03:00:00,0.3916,0.09313333333333333,242.78333333333333,1.7033333333333334,0.0,29.0,43.0,3,5,1,1,31
2026-08-01 04:00:00,0.39926666666666666,0.06836666666666667,241.89600000000002,1.6966666666666665,0.0,0.0,99.0,4,5,1,1,31
2026-08-01 05:00:00,0.4111,0.10006666666666668,242.704,1.7766666666666666,0.0,0.0,95.0,5,5,1,1,31
2026-08-01 06:00:00,1.7182,0.2454,240.1725,7.266666666666667,0.0,39.0,683.0,6,5,1,1,31
2026-08-01 07:00:00,1.9817,0.20956666666666665,235.94683333333333,8.48,19.0,69.0,438.0,7,5,1,1,31
2026-08-01 08:00:00,3.039833333333333,0.18206666666666665,237.08583333333334,12.860000000000001,472.0,53.0,548.0,8,5,1,1,31
2026-08-01 09:00:00,1.7196666666666665,0.06043333333333333,238.33133333333333,7.2266666666666675,508.99999999999994,0.0,38.0,9,5,1,1,31
2026-08-01 10:00:00,0.5482,0.0641,240.8455,2.3233333333333333,0.0,0.0,99.0,10,5,1,1,31
2026-08-01 11:00:00,0.49296666666666666,0.10296666666666666,243.19516666666667,2.0733333333333333,0.0,21.0,97.0,11,5,1,1,31
2026-08-01 12:00:00,0.8594333333333334,0.13246666666666668,242.65900000000002,3.5933333333333333,0.0,72.0,483.00000000000006,12,5,1,1,31
2026-08-01 13:00:00,0.5624,0.14986666666666665,240.8203333333333,2.393333333333333,0.0,66.0,227.0,13,5,1,1,31
2026-08-01 14:00:00,0.358,0.08643333333333333,242.89433333333332,1.4933333333333332,0.0,0.0,96.0,14,5,1,1,31
2026-08-01 15:00:00,0.30883333333333335,0.08023333333333334,241.55816666666666,1.3,0.0,0.0,38.0,15,5,1,1,31
2026-08-01 16:00:00,0.3718,0.07906666666666666,241.76749999999998,1.55,0.0,3.0,95.0,16,5,1,1,31
2026-08-01 17:00:00,0.43066666666666664,0.1499,240.775,1.8333333333333333,0.0,75.0,95.0,17,5,1,1,31
2026-08-01 18:00:00,0.7420333333333333,0.13466666666666666,239.7235,3.1266666666666665,0.0,68.0,320.0,18,5,1,1,31
2026-08-01 19:00:00,2.0004,0.08083333333333334,237.42633333333333,8.403333333333332,0.0,3.0,1137.0,19,5,1,1,31
2026-08-01 20:00:00,1.517,0.09376666666666668,238.66400000000002,6.326666666666667,0.0,0.0,1146.0,20,5,1,1,31
2026-08-01 21:00:00,1.8257,0.08473333333333333,237.50216666666665,7.6466666666666665,0.0,0.0,1139.0,21,5,1,1,31
2026-08-01 22:00:00,1.846,0.1698,237.60233333333332,7.776666666666667,0.0,74.0,1137.0,22,5,1,1,31
2026-08-01 23:00:00,1.7279333333333333,0.0972,239.193,7.196666666666667,0.0,59.0,1089.0,23,5,1,1,31
2026-08-02 00:00:00,1.7133666666666665,0.0915,240.12983333333335,7.323333333333333,0.0,0.0,1156.0,0,6,1,2,31
2026-08-02 01:00:00,1.4542666666666666,0.09580000000000001,239.71683333333334,6.033333333333333,0.0,0.0,1152.0,1,6,1,2,31
2026-08-02 02:00:00,2.089933333333333,0.11190000000000001,239.168,8.79,0.0,508.99999999999994,1065.0,2,6,1,2,31
2026-08-02 03:00:00,1.9053333333333335,0.3671666666666667,238.09533333333331,8.27,0.0,1238.0,97.0,3,6,1,2,31
2026-08-02 04:00:00,1.0108666666666666,0.2527666666666667,240.141,4.456666666666666,0.0,555.0,42.0,4,6,1,2,31
2026-08-02 05:00:00,0.6083666666666667,0.09936666666666666,239.24316666666667,2.5366666666666666,0.0,35.0,93.0,5,6,1,2,31
2026-08-02 06:00:00,0.7721666666666667,0.10633333333333334,237.67316666666665,3.243333333333333,0.0,9.0,96.0,6,6,1,2,31
2026-08-02 07:00:00,1.6627,0.20213333333333333,237.564,7.069999999999999,0.0,75.0,38.0,7,6,1,2,31
2026-08-02 08:00:00,2.654733333333333,0.34173333333333333,238.44233333333335,11.186666666666667,0.0,80.0,977.0000000000001,8,6,1,2,31
2026-08-02 09:00:00,2.0591666666666666,0.3715333333333334,240.83516666666668,8.639999999999999,0.0,76.0,186.0,9,6,1,2,31
2026-08-02 10:00:00,1.4242,0.07023333333333333,243.28016666666664,5.8133333333333335,0.0,10.0,39.0,10,6,1,2,31
2026-08-02 11:00:00,1.0050999999999999,0.0946,243.18133333333333,4.126666666666667,0.0,5.0,94.0,11,6,1,2,31
2026-08-02 12:00:00,0.8750666666666667,0.08173333333333334,240.8265,3.5833333333333335,0.0,0.0,97.0,12,6,1,2,31
2026-08-02 13:00:00,0.6805666666666668,0.14903333333333332,240.42083333333332,2.853333333333333,0.0,65.0,38.0,13,6,1,2,31
2026-08-02 14:00:00,0.9842333333333334,0.12596666666666667,243.0335,4.053333333333333,0.0,34.0,673.0,14,6,1,2,31
2026-08-02 15:00:00,0.4594,0.052733333333333327,242.13516666666666,1.8699999999999999,0.0,0.0,181.0,15,6,1,2,31
2026-08-02 16:00:00,0.37279999999999996,0.09946666666666666,242.64350000000002,1.5666666666666667,0.0,0.0,95.0,16,6,1,2,31
2026-08-02 17:00:00,0.3991,0.12283333333333334,242.08166666666665,1.7066666666666666,0.0,39.0,93.0,17,6,1,2,31
2026-08-02 18:00:00,0.7513333333333333,0.13133333333333333,242.09016666666668,3.146666666666667,0.0,51.0,309.0,18,6,1,2,31
2026-08-02 19:00:00,2.597066666666667,0.09823333333333334,238.78416666666666,10.860000000000001,0.0,0.0,1145.0,19,6,1,2,31
2026-08-02 20:00:00,1.6357333333333335,0.06046666666666667,237.60399999999998,6.8533333333333335,0.0,0.0,1137.0,20,6,1,2,31
2026-08-02 21:00:00,1.5241333333333336,0.09243333333333334,238.20066666666668,6.39,0.0,30.0,1138.0,21,6,1,2,31
2026-08-02 22:00:00,1.1807,0.10033333333333333,240.3203333333333,4.87,0.0,59.0,835.0,22,6,1,2,31
2026-08-02 23:00:00,0.5537333333333333,0.08033333333333334,239.96533333333335,2.3766666666666665,0.0,0.0,95.0,23,6,1,2,31
2026-08-03 00:00:00,0.8956999999999999,0.0487,240.45566666666667,3.796666666666667,464.0,0.0,95.0,0,0,0,3,32
2026-08-03 01:00:00,0.5153333333333333,0.0901,241.83016666666666,2.203333333333333,119.0,22.0,39.0,1,0,0,3,32
2026-08-03 02:00:00,0.8986666666666667,0.15940000000000001,241.178,3.8633333333333337,433.0,65.0,95.0,2,0,0,3,32
2026-08-03 03:00:00,0.33549999999999996,0.050833333333333335,242.7468333333333,1.41,0.0,0.0,39.0,3,0,0,3,32
2026-08-03 04:00:00,1.0196666666666667,0.07853333333333333,243.61483333333334,4.216666666666667,0.0,0.0,637.0,4,0,0,3,32
2026-08-03 05:00:00,0.6263000000000001,0.13603333333333334,242.85983333333334,2.69,0.0,27.0,199.0,5,0,0,3,32
2026-08-03 06:00:00,0.8464666666666667,0.14586666666666667,241.65900000000002,3.56,0.0,60.0,39.0,6,0,0,3,32
2026-08-03 07:00:00,0.5906,0.0822,239.26000000000002,2.493333333333333,0.0,0.0,95.0,7,0,0,3,32
2026-08-03 08:00:00,0.32639999999999997,0.05483333333333333,241.31916666666666,1.3366666666666667,0.0,0.0,39.0,8,0,0,3,32
2026-08-03 09:00:00,0.6318333333333332,0.1322,241.36516666666665,2.6566666666666667,0.0,36.0,96.0,9,0,0,3,32
2026-08-03 10:00:00,2.0092,0.13479999999999998,242.01183333333333,8.273333333333333,0.0,39.0,632.0,10,0,0,3,32
2026-08-03 11:00:00,1.2147333333333334,0.0344,244.22366666666667,4.943333333333333,0.0,0.0,214.0,11,0,0,3,32
2026-08-03 12:00:00,1.0243666666666666,0.0863,242.96183333333332,4.236666666666666,0.0,0.0,95.0,12,0,0,3,32
2026-08-03 13:00:00,0.38563333333333333,0.11703333333333334,242.3635,1.6700000000000002,0.0,59.0,39.0,13,0,0,3,32
2026-08-03 14:00:00,0.38966666666666666,0.09323333333333333,243.5805,1.6700000000000002,0.0,9.0,94.0,14,0,0,3,32
2026-08-03 15:00:00,0.35553333333333337,0.08,242.19549999999998,1.4766666666666666,0.0,0.0,92.0,15,0,0,3,32
2026-08-03 16:00:00,0.3215,0.08313333333333332,241.74616666666668,1.3533333333333333,0.0,20.0,39.0,16,0,0,3,32
2026-08-03 17:00:00,0.4098,0.1333,241.14766666666668,1.74,0.0,51.0,94.0,17,0,0,3,32
2026-08-03 18:00:00,1.0831666666666668,0.10176666666666666,240.5315,4.576666666666667,0.0,0.0,478.0,18,0,0,3,32
2026-08-03 19:00:00,1.9995333333333332,0.0839,240.96483333333333,8.256666666666666,0.0,0.0,1115.0,19,0,0,3,32
2026-08-03 20:00:00,1.6685333333333332,0.13006666666666666,240.6635,6.91,0.0,54.0,1161.0,20,0,0,3,32
2026-08-03 21:00:00,1.3728333333333333,0.09926666666666666,241.77599999999998,5.6466666666666665,0.0,13.0,1101.0,21,0,0,3,32
2026-08-03 22:00:00,0.3074333333333333,0.0843,242.9945,1.29,0.0,0.0,39.0,22,0,0,3,32
2026-08-03 23:00:00,2.0634666666666663,0.2377,240.56733333333335,8.84,708.0,20.0,660.0,23,0,0,3,32
2026-08-04 00:00:00,2.740333333333333,0.3096333333333333,240.35150000000002,11.996666666666666,775.0,62.00000000000001,1160.0,0,1,0,4,32
2026-08-04 01:00:00,1.7775,0.10663333333333333,241.92000000000002,7.383333333333334,2.0,0.0,1171.0,1,1,0,4,32
2026-08-04 02:00:00,1.4842333333333333,0.06293333333333334,242.0775,6.13,0.0,0.0,1114.0,2,1,0,4,32
2026-08-04 03:00:00,1.5586,0.1031,242.22,6.4399999999999995,0.0,43.0,1171.0,3,1,0,4,32
2026-08-04 04:00:00,0.8323333333333333,0.13163333333333332,241.318,3.57,0.0,41.0,478.0,4,1,0,4,32
2026-08-04 05:00:00,0.35850000000000004,0.055,241.82150000000001,1.6033333333333333,0.0,0.0,39.0,5,1,0,4,32
2026-08-04 06:00:00,1.3071,0.14103333333333332,239.5825,5.663333333333333,674.0,0.0,97.0,6,1,0,4,32
2026-08-04 07:00:00,1.5182333333333333,0.2831,237.9365,6.53,0.0,65.0,98.0,7,1,0,4,32
2026-08-04 08:00:00,2.6653333333333333,0.1053,240.57216666666667,11.07,0.0,12.0,1064.0,8,1,0,4,32
2026-08-04 09:00:00,2.6905666666666668,0.0774,240.66516666666666,11.156666666666666,0.0,0.0,1132.0,9,1,0,4,32
2026-08-04 10:00:00,1.0739333333333334,0.14283333333333334,244.68966666666665,4.443333333333333,0.0,25.0,95.0,10,1,0,4,32
2026-08-04 11:00:00,0.7777666666666667,0.153,243.87833333333336,3.25,0.0,69.0,40.0,11,1,0,4,32
2026-08-04 12:00:00,0.6089333333333333,0.07496666666666667,241.98833333333332,2.503333333333333,0.0,0.0,96.0,12,1,0,4,32
2026-08-04 13:00:00,0.37006666666666665,0.06586666666666667,241.00866666666667,1.55,0.0,0.0,96.0,13,1,0,4,32
2026-08-04 14:00:00,0.3442,0.11326666666666667,241.31533333333334,1.4733333333333334,0.0,35.0,38.0,14,1,0,4,32
2026-08-04 15:00:00,0.39343333333333336,0.1125,240.61450000000002,1.6666666666666667,0.0,33.0,96.0,15,1,0,4,32
2026-08-04 16:00:00,0.36926666666666663,0.1004,242.28866666666667,1.5666666666666667,0.0,0.0,95.0,16,1,0,4,32
2026-08-04 17:00:00,0.9103333333333333,0.051133333333333336,239.99583333333334,3.7933333333333334,0.0,0.0,648.0,17,1,0,4,32
2026-08-04 18:00:00,1.2194333333333334,0.18083333333333332,240.81433333333334,5.196666666666667,0.0,74.0,377.0,18,1,0,4,32
2026-08-04 19:00:00,2.505133333333333,0.07486666666666666,239.033,10.446666666666665,0.0,0.0,1150.0,19,1,0,4,32
2026-08-04 20:00:00,1.4521666666666666,0.09996666666666668,238.75900000000001,6.073333333333333,0.0,0.0,1146.0,20,1,0,4,32
2026-08-04 21:00:00,1.4495333333333333,0.0941,239.6725,6.02,0.0,40.0,1094.0,21,1,0,4,32
2026-08-04 22:00:00,1.1779000000000002,0.13193333333333335,241.75033333333334,4.930000000000001,0.0,41.0,828.0,22,1,0,4,32
2026-08-04 23:00:00,0.8395666666666666,0.063,239.88500000000002,3.58,0.0,0.0,498.00000000000006,23,1,0,4,32
2026-08-05 00:00:00,1.4639,0.09163333333333333,240.25516666666667,6.066666666666666,0.0,0.0,1158.0,0,2,0,5,32
2026-08-05 01:00:00,0.8123333333333334,0.1341,241.6295,3.46,0.0,69.0,370.0,1,2,0,5,32
2026-08-05 02:00:00,0.5837333333333333,0.1436,242.13466666666667,2.566666666666667,0.0,1.0,97.0,2,2,0,5,32
2026-08-05 03:00:00,0.538,0.14376666666666665,242.689,2.4233333333333333,0.0,0.0,98.0,3,2,0,5,32
2026-08-05 04:00:00,0.45840000000000003,0.11383333333333333,242.17299999999997,1.96,0.0,44.0,39.0,4,2,0,5,32
2026-08-05 05:00:00,1.0036,0.10486666666666666,240.6985,4.3100000000000005,0.0,24.0,594.0,5,2,0,5,32
2026-08-05 06:00:00,1.0515333333333332,0.23183333333333334,239.51833333333335,4.566666666666666,0.0,0.0,180.0,6,2,0,5,32
2026-08-05 07:00:00,1.6870666666666665,0.31189999999999996,237.76450000000003,7.223333333333333,21.0,72.0,38.0,7,2,0,5,32
2026-08-05 08:00:00,2.4364333333333335,0.28563333333333335,239.64266666666666,10.2,459.0,70.0,97.0,8,2,0,5,32
2026-08-05 09:00:00,2.3099333333333334,0.2595,240.60150000000002,9.673333333333334,484.0,69.0,789.0,9,2,0,5,32
2026-08-05 10:00:00,0.6566333333333334,0.17629999999999998,244.83950000000002,2.8333333333333335,0.0,69.0,207.0,10,2,0,5,32
2026-08-05 11:00:00,0.5327333333333333,0.18380000000000002,244.50083333333333,2.3200000000000003,0.0,69.0,98.0,11,2,0,5,32
2026-08-05 12:00:00,0.5206333333333333,0.16406666666666667,241.059,2.2800000000000002,0.0,68.0,96.0,12,2,0,5,32
2026-08-05 13:00:00,0.46199999999999997,0.13836666666666667,240.76566666666668,2.0100000000000002,0.0,67.0,40.0,13,2,0,5,32
2026-08-05 14:00:00,0.44806666666666667,0.1562,240.056,1.9466666666666665,0.0,67.0,95.0,14,2,0,5,32
2026-08-05 15:00:00,0.4321,0.14263333333333333,239.89883333333333,1.8666666666666667,0.0,67.0,96.0,15,2,0,5,32
2026-08-05 16:00:00,0.3716666666666667,0.12576666666666667,240.30450000000002,1.5833333333333333,0.0,67.0,38.0,16,2,0,5,32
2026-08-05 17:00:00,0.43496666666666667,0.15513333333333332,240.91899999999998,1.8766666666666667,0.0,67.0,97.0,17,2,0,5,32
2026-08-05 18:00:00,0.9831333333333333,0.1358,239.28366666666668,4.133333333333334,0.0,66.0,506.0,18,2,0,5,32
2026-08-05 19:00:00,2.269966666666667,0.12966666666666668,237.20816666666667,9.586666666666668,0.0,65.0,1133.0,19,2,0,5,32
2026-08-05 20:00:00,1.6211666666666666,0.1446,238.68883333333332,6.760000000000001,0.0,66.0,1136.0,20,2,0,5,32
2026-08-05 21:00:00,1.1513666666666666,0.11699999999999999,241.1095,4.760000000000001,0.0,66.0,817.0,21,2,0,5,32
2026-08-05 22:00:00,0.4325333333333334,0.14056666666666665,240.32883333333334,1.85,0.0,66.0,98.0,22,2,0,5,32
2026-08-05 23:00:00,0.6496666666666666,0.22840000000000002,241.18233333333333,3.1566666666666667,0.0,66.0,98.0,23,2,0,5,32
2026-08-06 00:00:00,0.457,0.1983,243.89933333333332,1.99,0.0,67.0,39.0,0,3,0,6,32
2026-08-06 01:00:00,1.6798333333333335,0.24676666666666666,242.55233333333334,6.966666666666667,0.0,66.0,1007.0000000000001,1,3,0,6,32
2026-08-06 02:00:00,1.0910333333333333,0.4444666666666667,240.99816666666666,4.8966666666666665,0.0,66.0,382.0,2,3,0,6,32
2026-08-06 03:00:00,1.7415666666666667,0.34456666666666663,237.5115,7.453333333333333,0.0,65.0,812.0,3,3,0,6,32
2026-08-06 04:00:00,2.0009,0.18883333333333333,238.1165,8.406666666666666,428.0,65.0,1079.0,4,3,0,6,32
2026-08-06 05:00:00,1.1672666666666667,0.19696666666666665,239.93383333333335,4.989999999999999,326.0,66.0,397.0,5,3,0,6,32
2026-08-06 06:00:00,1.4580666666666666,0.12400000000000001,238.7225,6.2,205.0,65.0,589.0,6,3,0,6,32
2026-08-06 07:00:00,1.998,0.14416666666666667,237.43666666666667,8.376666666666667,0.0,65.0,1219.0,7,3,0,6,32
2026-08-06 08:00:00,1.6389333333333334,0.12523333333333334,240.16683333333333,6.756666666666666,0.0,65.0,1097.0,8,3,0,6,32
2026-08-06 09:00:00,1.7664666666666666,0.16293333333333332,240.24166666666667,7.3100000000000005,0.0,66.0,1228.0,9,3,0,6,32
2026-08-06 10:00:00,1.3904333333333334,0.10769999999999999,241.183,5.723333333333333,0.0,65.0,865.0,10,3,0,6,32
2026-08-06 11:00:00,0.6962333333333334,0.17153333333333334,243.19583333333333,2.9033333333333333,0.0,66.0,168.0,11,3,0,6,32
2026-08-06 12:00:00,0.8864,0.1555,243.33733333333333,3.6633333333333336,0.0,66.0,39.0,12,3,0,6,32
2026-08-06 13:00:00,0.4669666666666667,0.20536666666666667,240.21216666666666,2.04,0.0,65.0,39.0,13,3,0,6,32
2026-08-06 14:00:00,0.5641333333333333,0.246,240.3756666666667,2.5033333333333334,0.0,66.0,166.0,14,3,0,6,32
2026-08-06 15:00:00,0.44109999999999994,0.21223333333333333,240.44133333333332,1.9600000000000002,0.0,65.0,39.0,15,3,0,6,32
2026-08-06 16:00:00,0.6176666666666667,0.2574666666666667,240.41049999999998,2.7266666666666666,0.0,65.0,164.0,16,3,0,6,32
2026-08-06 17:00:00,0.4273666666666667,0.19906666666666664,240.25716666666668,1.9066666666666667,0.0,65.0,38.0,17,3,0,6,32
2026-08-06 18:00:00,0.4357666666666667,0.19443333333333335,240.0515,1.95,0.0,58.0,54.0,18,3,0,6,32
2026-08-06 19:00:00,0.7048666666666666,0.11843333333333333,239.51366666666667,2.9633333333333334,0.0,0.0,377.0,19,3,0,6,32
2026-08-06 20:00:00,0.9307,0.07666666666666666,239.61133333333333,3.913333333333333,0.0,0.0,482.0,20,3,0,6,32
2026-08-06 21:00:00,0.9249333333333334,0.1013,239.465,3.9133333333333336,0.0,0.0,163.0,21,3,0,6,32
2026-08-06 22:00:00,0.8739,0.09106666666666667,240.42633333333333,3.72,0.0,0.0,391.0,22,3,0,6,32
2026-08-06 23:00:00,2.3828666666666667,0.20929999999999999,238.6135,10.056666666666667,417.0,0.0,1212.0,23,3,0,6,32
2026-08-07 00:00:00,2.1923000000000004,0.2711,240.08666666666667,9.526666666666667,365.0,0.0,1097.0,0,4,0,7,32
2026-08-07 01:00:00,1.5573666666666666,0.12656666666666666,242.03783333333334,6.413333333333333,0.0,0.0,1129.0,1,4,0,7,32
2026-08-07 02:00:00,1.1002333333333332,0.14213333333333333,243.451,4.513333333333334,0.0,0.0,751.0,2,4,0,7,32
2026-08-07 03:00:00,0.5263,0.15793333333333334,243.34633333333335,2.253333333333333,0.0,0.0,39.0,3,4,0,7,32
2026-08-07 04:00:00,0.9970333333333333,0.3359,241.6005,4.4366666666666665,0.0,0.0,164.0,4,4,0,7,32
2026-08-07 05:00:00,1.6078666666666666,0.10756666666666667,239.60750000000002,6.709999999999999,0.0,0.0,38.0,5,4,0,7,32
2026-08-07 06:00:00,1.8290666666666666,0.24983333333333332,239.08783333333335,7.7733333333333325,141.0,0.0,118.0,6,4,0,7,32
2026-08-07 07:00:00,3.4918,0.3733,236.5631666666667,14.84,501.0,52.0,1193.0,7,4,0,7,32
2026-08-07 08:00:00,3.3115,0.24703333333333333,237.5935,14.110000000000001,704.0,69.0,1075.0,8,4,0,7,32
2026-08-07 09:00:00,3.9012666666666664,0.45376666666666665,238.11566666666667,16.556666666666665,699.0,67.0,1205.0,9,4,0,7,32
2026-08-07 10:00:00,1.9866,0.6192333333333334,241.23583333333332,8.673333333333334,498.00000000000006,68.0,158.0,10,4,0,7,32
2026-08-07 11:00:00,1.1570666666666667,0.3062333333333333,242.775,4.913333333333333,0.0,67.0,166.0,11,4,0,7,32
2026-08-07 12:00:00,0.5145333333333333,0.21423333333333333,241.54616666666666,2.2633333333333336,0.0,67.0,39.0,12,4,0,7,32
2026-08-07 13:00:00,0.4487333333333333,0.22396666666666665,240.31683333333334,2.01,0.0,67.0,38.0,13,4,0,7,32
2026-08-07 14:00:00,0.5646666666666668,0.2615,238.68449999999999,2.5266666666666664,0.0,66.0,160.0,14,4,0,7,32
2026-08-07 15:00:00,0.44289999999999996,0.2195,239.64083333333335,1.9933333333333332,0.0,66.0,39.0,15,4,0,7,32
2026-08-07 16:00:00,0.5548666666666667,0.25393333333333334,239.84566666666666,2.4833333333333334,0.0,66.0,159.0,16,4,0,7,32
2026-08-07 17:00:00,0.8806999999999999,0.20733333333333331,238.906,3.76,0.0,65.0,480.0,17,4,0,7,32
2026-08-07 18:00:00,0.9417333333333333,0.22326666666666667,241.5078333333333,4.013333333333334,0.0,66.0,451.0,18,4,0,7,32
2026-08-07 19:00:00,2.378833333333333,0.2703,239.83583333333334,9.96,0.0,66.0,1229.0,19,4,0,7,32
2026-08-07 20:00:00,1.6553,0.17313333333333333,240.77633333333333,6.8533333333333335,0.0,66.0,1103.0,20,4,0,7,32
2026-08-07 21:00:00,1.6319666666666668,0.20570000000000002,240.96416666666667,6.783333333333333,0.0,65.0,1229.0,21,4,0,7,32
2026-08-07 22:00:00,1.0574333333333332,0.18756666666666666,242.4395,4.466666666666667,0.0,66.0,672.0,22,4,0,7,32
2026-08-07 23:00:00,0.4408333333333333,0.18173333333333333,241.80283333333333,1.98,0.0,66.0,83.0,23,4,0,7,32
2026-08-08 00:00:00,0.6579666666666667,0.14963333333333334,238.39133333333334,2.8966666666666665,0.0,65.0,113.0,0,5,1,8,32
2026-08-08 01:00:00,0.5452333333333333,0.12936666666666669,238.31516666666667,2.45,0.0,66.0,38.0,1,5,1,8,32
2026-08-08 02:00:00,1.0426666666666666,0.1802666666666667,237.55900000000003,4.58,0.0,504.99999999999994,37.0,2,5,1,8,32
2026-08-08 03:00:00,0.6156666666666666,0.20433333333333334,238.60683333333333,2.786666666666667,0.0,106.0,160.0,3,5,1,8,32
2026-08-08 04:00:00,0.4349,0.17693333333333333,240.81266666666667,1.98,0.0,67.0,39.0,4,5,1,8,32
2026-08-08 05:00:00,0.9638666666666666,0.0634,239.79266666666666,4.01,0.0,15.0,636.0,5,5,1,8,32
2026-08-08 06:00:00,0.7316,0.13843333333333335,239.3065,3.1133333333333337,0.0,1.0,163.0,6,5,1,8,32
2026-08-08 07:00:00,3.093166666666667,0.21276666666666666,235.693,13.343333333333334,0.0,1718.0,37.0,7,5,1,8,32
2026-08-08 08:00:00,2.285566666666667,0.04906666666666667,239.844,9.563333333333333,0.0,453.0,773.0,8,5,1,8,32
2026-08-08 09:00:00,3.043,0.1343,239.04316666666668,12.823333333333332,461.0,955.0,515.0,9,5,1,8,32
2026-08-08 10:00:00,1.514,0.1725,241.746,6.35,525.0,158.0,374.0,10,5,1,8,32
2026-08-08 11:00:00,0.6030333333333334,0.24233333333333332,242.85183333333333,2.7,21.0,105.0,167.0,11,5,1,8,32
2026-08-08 12:00:00,0.39453333333333335,0.12646666666666667,242.325,1.72,0.0,47.0,39.0,12,5,1,8,32
2026-08-08 13:00:00,0.39763333333333334,0.0553,240.96266666666668,1.7,0.0,10.0,39.0,13,5,1,8,32
2026-08-08 14:00:00,0.4686333333333333,0.09973333333333333,240.20733333333334,2.0166666666666666,0.0,9.0,162.0,14,5,1,8,32
2026-08-08 15:00:00,0.3374666666666667,0.08610000000000001,240.19683333333333,1.4766666666666666,0.0,9.0,38.0,15,5,1,8,32
2026-08-08 16:00:00,0.33383333333333337,0.057666666666666665,240.10666666666665,1.4366666666666668,0.0,10.0,38.0,16,5,1,8,32
2026-08-08 17:00:00,0.45113333333333333,0.10866666666666668,239.207,1.95,0.0,2.0,160.0,17,5,1,8,32
2026-08-08 18:00:00,1.1301666666666668,0.07703333333333333,239.21083333333334,4.756666666666666,0.0,38.0,653.0,18,5,1,8,32
2026-08-08 19:00:00,2.5198666666666667,0.15513333333333332,237.953,10.636666666666667,0.0,70.0,1204.0,19,5,1,8,32
2026-08-08 20:00:00,1.7209333333333334,0.1149,238.69383333333332,7.216666666666667,0.0,163.0,1085.0,20,5,1,8,32
2026-08-08 21:00:00,1.7519333333333333,0.15753333333333333,238.95116666666667,7.363333333333333,0.0,19.0,1210.0,21,5,1,8,32
2026-08-08 22:00:00,1.8285666666666667,0.045000000000000005,239.13299999999998,8.056666666666667,0.0,0.0,1088.0,22,5,1,8,32
2026-08-08 23:00:00,0.9488666666666667,0.18793333333333334,239.25900000000001,4.223333333333334,7.0,0.0,370.0,23,5,1,8,32
2026-08-09 00:00:00,1.8454000000000002,0.14126666666666668,238.82816666666668,7.786666666666666,170.0,0.0,1212.0,0,6,1,9,32
2026-08-09 01:00:00,0.8567,0.10906666666666667,239.56883333333332,3.6266666666666665,0.0,62.00000000000001,467.0,1,6,1,9,32
2026-08-09 02:00:00,0.4580666666666667,0.14413333333333334,240.699,2.033333333333333,0.0,69.0,39.0,2,6,1,9,32
2026-08-09 03:00:00,0.5882333333333333,0.1875,241.4741666666667,2.65,0.0,68.0,161.0,3,6,1,9,32
2026-08-09 04:00:00,0.41600000000000004,0.11426666666666667,242.63533333333334,1.8466666666666667,0.0,15.0,39.0,4,6,1,9,32
2026-08-09 05:00:00,0.41026666666666667,0.056433333333333335,242.53533333333334,1.7466666666666666,0.0,0.0,39.0,5,6,1,9,32
2026-08-09 06:00:00,2.1127333333333334,0.19096666666666667,240.47016666666667,9.096666666666666,626.0,0.0,613.0,6,6,1,9,32
2026-08-09 07:00:00,2.1564666666666668,0.2149333333333333,237.15416666666667,9.406666666666666,301.0,0.0,150.0,7,6,1,9,32
2026-08-09 08:00:00,1.9102,0.06726666666666667,239.43233333333333,7.92,0.0,33.0,496.00000000000006,8,6,1,9,32
2026-08-09 09:00:00,1.3085666666666667,0.09933333333333333,239.80249999999998,5.4766666666666675,0.0,70.0,307.0,9,6,1,9,32
2026-08-09 10:00:00,1.2893000000000001,0.16683333333333333,244.083,5.316666666666666,0.0,69.0,164.0,10,6,1,9,32
2026-08-09 11:00:00,0.6927,0.07433333333333333,243.36683333333335,2.893333333333333,0.0,17.0,39.0,11,6,1,9,32
2026-08-09 12:00:00,0.38376666666666664,0.05116666666666667,242.33283333333333,1.6366666666666667,0.0,0.0,39.0,12,6,1,9,32
2026-08-09 13:00:00,0.45859999999999995,0.09963333333333332,242.19983333333332,1.97,0.0,0.0,161.0,13,6,1,9,32
2026-08-09 14:00:00,0.3169666666666667,0.07386666666666666,242.29733333333334,1.2866666666666666,0.0,0.0,39.0,14,6,1,9,32
2026-08-09 15:00:00,0.36466666666666664,0.11806666666666667,242.01916666666665,1.5799999999999998,0.0,47.0,39.0,15,6,1,9,32
2026-08-09 16:00:00,0.9848,0.12503333333333333,241.26083333333332,4.13,0.0,69.0,644.0,16,6,1,9,32
2026-08-09 17:00:00,0.4641,0.12916666666666668,241.32483333333332,1.9666666666666666,0.0,31.000000000000004,160.0,17,6,1,9,32
2026-08-09 18:00:00,0.9301333333333334,0.084,241.834,3.8833333333333333,0.0,0.0,288.0,18,6,1,9,32
2026-08-09 19:00:00,2.844266666666667,0.1156,239.44166666666666,11.846666666666666,0.0,0.0,1225.0,19,6,1,9,32
2026-08-09 20:00:00,2.3646666666666665,0.036566666666666664,237.58066666666667,9.9,326.0,0.0,1075.0,20,6,1,9,32
2026-08-09 21:00:00,1.6671,0.11706666666666667,240.03016666666664,6.933333333333334,210.0,58.0,1097.0,21,6,1,9,32
2026-08-09 22:00:00,2.0778666666666665,0.11483333333333334,236.69083333333336,8.776666666666667,530.0,63.0,1128.0,22,6,1,9,32
2026-08-09 23:00:00,1.5266,0.09303333333333333,237.61983333333333,6.413333333333333,0.0,0.0,1146.0,23,6,1,9,32
2026-08-10 00:00:00,1.6007666666666667,0.09980000000000001,239.72383333333335,6.65,0.0,0.0,1094.0,0,0,0,10,33
2026-08-10 01:00:00,1.5731666666666666,0.09359999999999999,240.851,6.5233333333333325,0.0,0.0,1227.0,1,0,0,10,33
2026-08-10 02:00:00,1.9104999999999999,0.11716666666666667,242.54966666666667,7.8566666666666665,392.0,54.0,1119.0,2,0,0,10,33
2026-08-10 03:00:00,1.9113,0.15373333333333333,243.9826666666667,7.836666666666667,383.0,70.0,1133.0,3,0,0,10,33
2026-08-10 04:00:00,1.6611,0.11903333333333334,242.0991666666667,6.843333333333334,147.0,55.0,1115.0,4,0,0,10,33
2026-08-10 05:00:00,1.5491,0.07916666666666666,241.63166666666666,6.37,0.0,0.0,1234.0,5,0,0,10,33
2026-08-10 06:00:00,0.9845666666666666,0.2048,241.26833333333335,4.1866666666666665,0.0,0.0,287.0,6,0,0,10,33
2026-08-10 07:00:00,2.0344,0.19143333333333334,237.5,8.620000000000001,0.0,0.0,654.0,7,0,0,10,33
2026-08-10 08:00:00,2.3770000000000002,0.1245,237.6495,9.979999999999999,0.0,24.0,601.0,8,0,0,10,33
2026-08-10 09:00:00,2.1648666666666667,0.20453333333333334,238.89433333333332,9.06,0.0,71.0,281.0,9,0,0,10,33
2026-08-10 10:00:00,2.0436,0.2483,242.94750000000002,8.47,0.0,68.0,767.0,10,0,0,10,33
2026-08-10 11:00:00,0.3708666666666666,0.0833,245.454,1.66,0.0,1.0,40.0,11,0,0,10,33
2026-08-10 12:00:00,0.37043333333333334,0.058333333333333334,243.40900000000002,1.6133333333333333,0.0,0.0,40.0,12,0,0,10,33
2026-08-10 13:00:00,0.47763333333333335,0.11333333333333333,241.81266666666667,2.1133333333333333,0.0,0.0,161.0,13,0,0,10,33
2026-08-10 14:00:00,0.3412,0.07083333333333333,241.54233333333335,1.4966666666666666,0.0,13.0,39.0,14,0,0,10,33
2026-08-10 15:00:00,0.3867333333333333,0.1219,240.29816666666665,1.6933333333333331,0.0,73.0,39.0,15,0,0,10,33
2026-08-10 16:00:00,0.3780333333333334,0.128,239.5795,1.6733333333333331,0.0,60.0,38.0,16,0,0,10,33
2026-08-10 17:00:00,0.4393333333333333,0.09183333333333334,241.09333333333333,1.8933333333333333,0.0,0.0,161.0,17,0,0,10,33
2026-08-10 18:00:00,1.1876,0.06716666666666667,242.4155,4.91,0.0,0.0,838.0,18,0,0,10,33
2026-08-10 19:00:00,2.9720999999999997,0.10210000000000001,239.9385,12.360000000000001,0.0,0.0,1219.0,19,0,0,10,33
2026-08-10 20:00:00,1.7274,0.18346666666666664,239.99733333333333,7.239999999999999,0.0,177.0,1097.0,20,0,0,10,33
2026-08-10 21:00:00,3.2096,0.2741,236.397,13.666666666666666,0.0,1464.0,1065.0,21,0,0,10,33
2026-08-10 22:00:00,1.8472666666666666,0.2549,239.47299999999998,7.743333333333334,0.0,317.0,1091.0,22,0,0,10,33
2026-08-10 23:00:00,0.9929333333333333,0.1219,240.87,4.153333333333333,0.0,50.0,624.0,23,0,0,10,33
2026-08-11 00:00:00,0.9460666666666667,0.1149,240.93166666666667,3.96,0.0,9.0,486.0,0,1,0,11,33
2026-08-11 01:00:00,1.2267666666666666,0.13686666666666666,242.1,5.096666666666667,200.0,10.0,401.0,1,1,0,11,33
2026-08-11 02:00:00,1.9145,0.22666666666666666,241.8336666666667,7.96,331.0,30.0,954.0,2,1,0,11,33
2026-08-11 03:00:00,0.9038,0.23070000000000002,242.01183333333333,3.933333333333333,1.0,71.0,410.0,3,1,0,11,33
2026-08-11 04:00:00,0.9570333333333333,0.13773333333333332,241.9595,4.006666666666667,0.0,52.0,533.0,4,1,0,11,33
2026-08-11 05:00:00,0.41783333333333333,0.05806666666666667,242.45016666666666,1.7833333333333334,0.0,0.0,39.0,5,1,0,11,33
2026-08-11 06:00:00,1.7473333333333334,0.134,239.6281666666667,7.5633333333333335,606.0,0.0,266.0,6,1,0,11,33
2026-08-11 07:00:00,4.117766666666666,0.28073333333333333,236.34433333333334,17.78666666666667,446.0,11.0,1187.0,7,1,0,11,33
2026-08-11 08:00:00,2.9112999999999998,0.25803333333333334,239.67183333333332,12.163333333333332,0.0,73.0,1094.0,8,1,0,11,33
2026-08-11 09:00:00,3.2242,0.1698,239.53216666666668,13.483333333333333,455.0,31.000000000000004,1093.0,9,1,0,11,33
2026-08-11 10:00:00,2.3347333333333333,0.1772,243.05016666666668,9.629999999999999,543.0,0.0,1249.0,10,1,0,11,33
2026-08-11 11:00:00,0.5537666666666666,0.08650000000000001,245.33733333333333,2.3433333333333333,1.0,0.0,115.0,11,1,0,11,33
2026-08-11 12:00:00,0.4012333333333334,0.10813333333333333,242.55383333333333,1.7833333333333334,0.0,40.0,39.0,12,1,0,11,33
2026-08-11 13:00:00,0.41296666666666665,0.14326666666666668,242.1328333333333,1.8066666666666669,0.0,70.0,47.0,13,1,0,11,33
2026-08-11 14:00:00,0.4409666666666667,0.10653333333333333,242.36983333333333,1.9033333333333333,0.0,0.0,154.0,14,1,0,11,33
2026-08-11 15:00:00,0.32880000000000004,0.08293333333333333,242.038,1.4466666666666665,0.0,0.0,39.0,15,1,0,11,33
2026-08-11 16:00:00,0.3322333333333333,0.06633333333333333,241.67666666666668,1.4566666666666668,0.0,2.0,39.0,16,1,0,11,33
2026-08-11 17:00:00,0.43626666666666664,0.1436666666666667,241.42700000000002,1.8933333333333333,0.0,75.0,80.0,17,1,0,11,33
2026-08-11 18:00:00,1.1134666666666668,0.17653333333333335,241.946,4.743333333333334,0.0,58.0,442.0,18,1,0,11,33
2026-08-11 19:00:00,2.0124,0.07780000000000001,240.22083333333333,8.333333333333334,0.0,0.0,1099.0,19,1,0,11,33
2026-08-11 20:00:00,1.8972,0.09433333333333334,238.0405,7.926666666666667,0.0,0.0,1203.0,20,1,0,11,33
2026-08-11 21:00:00,1.5839666666666665,0.053766666666666664,237.7475,6.626666666666667,0.0,9.0,1076.0,21,1,0,11,33
2026-08-11 22:00:00,1.6329333333333333,0.1813,236.9968333333333,6.893333333333333,0.0,74.0,1192.0,22,1,0,11,33
2026-08-11 23:00:00,1.8261,0.3172666666666667,237.97866666666667,7.763333333333334,0.0,69.0,1079.0,23,1,0,11,33
2026-08-12 00:00:00,2.0656666666666665,0.18883333333333333,239.05983333333333,8.993333333333334,709.0,67.0,711.0,0,2,0,12,33
2026-08-12 01:00:00,1.5737666666666668,0.15323333333333336,239.91033333333334,6.58,3.0,9.0,1030.0,1,2,0,12,33
2026-08-12 02:00:00,1.4675333333333331,0.05856666666666667,240.8601666666667,5.98,0.0,0.0,1104.0,2,2,0,12,33
2026-08-12 03:00:00,0.5948666666666667,0.07733333333333332,241.66033333333334,2.45,0.0,0.0,217.0,3,2,0,12,33
2026-08-12 04:00:00,0.5592,0.17329999999999998,242.25433333333334,2.396666666666667,0.0,70.0,110.0,4,2,0,12,33
2026-08-12 05:00:00,0.5644333333333333,0.17606666666666668,244.06116666666668,2.4,0.0,69.0,93.0,5,2,0,12,33
2026-08-12 06:00:00,1.4324666666666666,0.16546666666666668,239.2686666666667,6.076666666666667,0.0,34.0,38.0,6,2,0,12,33
2026-08-12 07:00:00,1.8231666666666666,0.1482,237.55450000000002,7.746666666666667,0.0,0.0,38.0,7,2,0,12,33
2026-08-12 08:00:00,1.4465333333333334,0.1296,241.2125,6.046666666666667,0.0,0.0,154.0,8,2,0,12,33
2026-08-12 09:00:00,1.1575,0.1286,240.0855,4.843333333333334,0.0,44.0,318.0,9,2,0,12,33
2026-08-12 10:00:00,1.0036333333333334,0.17643333333333333,242.565,4.2,0.0,69.0,326.0,10,2,0,12,33
2026-08-12 11:00:00,0.4981,0.2315,245.45783333333333,2.2299999999999995,0.0,68.0,158.0,11,2,0,12,33
2026-08-12 12:00:00,0.32736666666666664,0.09103333333333333,244.28483333333332,1.38,0.0,9.0,40.0,12,2,0,12,33
2026-08-12 13:00:00,0.3091333333333333,0.05816666666666667,243.65,1.26,0.0,0.0,39.0,13,2,0,12,33
2026-08-12 14:00:00,0.4311666666666667,0.11573333333333333,244.06716666666668,1.8,0.0,0.0,156.0,14,2,0,12,33
2026-08-12 15:00:00,0.3812,0.16469999999999999,243.9695,1.6866666666666668,0.0,64.0,40.0,15,2,0,12,33
2026-08-12 16:00:00,0.3765,0.17066666666666666,244.27416666666667,1.7,0.0,68.0,39.0,16,2,0,12,33
2026-08-12 17:00:00,0.3411666666666667,0.10953333333333333,244.25583333333333,1.4666666666666666,0.0,24.0,40.0,17,2,0,12,33
2026-08-12 18:00:00,0.7945333333333333,0.10873333333333333,243.02933333333334,3.31,0.0,0.0,449.0,18,2,0,12,33
2026-08-12 19:00:00,2.1443999999999996,0.08143333333333333,239.96633333333332,8.879999999999999,0.0,0.0,1097.0,19,2,0,12,33
2026-08-12 20:00:00,1.9714333333333334,0.14996666666666666,238.35649999999998,8.223333333333333,0.0,50.0,1197.0,20,2,0,12,33
2026-08-12 21:00:00,0.9703999999999999,0.16593333333333332,239.5025,4.17,0.0,68.0,469.0,21,2,0,12,33
2026-08-12 22:00:00,1.8662333333333334,0.15593333333333334,238.48250000000002,7.883333333333334,0.0,34.0,1201.0,22,2,0,12,33
2026-08-12 23:00:00,1.3443666666666667,0.0703,237.36766666666665,5.626666666666667,0.0,0.0,1074.0,23,2,0,12,33
2026-08-13 00:00:00,0.7357,0.059866666666666665,242.358,3.01,0.0,0.0,468.0,0,3,0,13,33
2026-08-13 01:00:00,0.35850000000000004,0.12653333333333333,241.98916666666668,1.5666666666666667,0.0,42.0,39.0,1,3,0,13,33
2026-08-13 02:00:00,0.4908,0.21580000000000002,242.92950000000002,2.21,0.0,69.0,154.0,2,3,0,13,33
2026-08-13 03:00:00,0.37156666666666666,0.15766666666666668,243.82233333333335,1.6433333333333333,0.0,54.0,40.0,3,3,0,13,33
2026-08-13 04:00:00,0.317,0.07289999999999999,243.57250000000002,1.32,0.0,0.0,39.0,4,3,0,13,33
2026-08-13 05:00:00,0.41803333333333337,0.0966,242.01316666666668,1.75,0.0,0.0,154.0,5,3,0,13,33
2026-08-13 06:00:00,0.3341333333333333,0.09143333333333332,241.15533333333332,1.43,0.0,18.0,39.0,6,3,0,13,33
2026-08-13 07:00:00,0.373,0.14889999999999998,239.16616666666667,1.6866666666666668,0.0,71.0,38.0,7,3,0,13,33
2026-08-13 08:00:00,0.8722333333333333,0.12663333333333332,241.70766666666668,3.69,0.0,44.0,548.0,8,3,0,13,33
2026-08-13 09:00:00,0.38303333333333334,0.06206666666666667,240.89683333333332,1.6,0.0,0.0,112.0,9,3,0,13,33
2026-08-13 10:00:00,0.41023333333333334,0.09376666666666668,241.7945,1.71,0.0,0.0,144.0,10,3,0,13,33
2026-08-13 11:00:00,0.34476666666666667,0.10466666666666667,243.40833333333333,1.4633333333333334,0.0,30.0,40.0,11,3,0,13,33
2026-08-13 12:00:00,0.3717333333333333,0.15913333333333332,242.0495,1.6733333333333331,0.0,70.0,39.0,12,3,0,13,33
2026-08-13 13:00:00,0.33290000000000003,0.09516666666666666,241.15366666666665,1.4166666666666667,0.0,24.0,39.0,13,3,0,13,33
2026-08-13 14:00:00,0.4126,0.10016666666666667,242.83166666666665,1.7466666666666666,0.0,0.0,149.0,14,3,0,13,33
2026-08-13 15:00:00,0.31310000000000004,0.06596666666666667,243.84333333333333,1.29,0.0,0.0,40.0,15,3,0,13,33
2026-08-13 16:00:00,0.3627666666666666,0.1357,243.2023333333333,1.5833333333333333,0.0,53.0,39.0,16,3,0,13,33
2026-08-13 17:00:00,0.3623333333333333,0.14726666666666668,243.09566666666666,1.62,0.0,57.0,40.0,17,3,0,13,33
2026-08-13 18:00:00,1.0407333333333333,0.0504,243.6655,4.21,0.0,0.0,766.0,18,3,0,13,33
2026-08-13 19:00:00,0.3727,0.07970000000000001,242.75683333333333,1.5466666666666666,0.0,0.0,109.0,19,3,0,13,33
2026-08-13 20:00:00,0.3803,0.1066,243.04733333333334,1.6,0.0,20.0,86.0,20,3,0,13,33
2026-08-13 21:00:00,0.37629999999999997,0.1643,242.8725,1.6966666666666665,0.0,72.0,39.0,21,3,0,13,33
2026-08-13 22:00:00,0.3289666666666667,0.09040000000000001,241.359,1.4233333333333331,0.0,17.0,39.0,22,3,0,13,33
2026-08-13 23:00:00,0.3000666666666667,0.0506,240.8735,1.23,0.0,0.0,39.0,23,3,0,13,33
2026-08-14 00:00:00,0.31323333333333336,0.06753333333333332,242.21099999999998,1.3099999999999998,0.0,0.0,39.0,0,4,0,14,33
2026-08-14 01:00:00,0.3651666666666667,0.14100000000000001,242.92816666666667,1.6033333333333333,0.0,57.0,40.0,1,4,0,14,33
2026-08-14 02:00:00,0.4966,0.2305,244.89566666666667,2.23,0.0,63.0,153.0,2,4,0,14,33
2026-08-14 03:00:00,0.37656666666666666,0.05736666666666667,244.5665,1.53,0.0,0.0,40.0,3,4,0,14,33
2026-08-14 04:00:00,1.1914333333333333,0.06503333333333333,243.64416666666665,4.826666666666667,0.0,0.0,839.0,4,4,0,14,33
2026-08-14 05:00:00,0.49260000000000004,0.0765,242.03016666666664,2.04,0.0,6.0,154.0,5,4,0,14,33
2026-08-14 06:00:00,0.5668333333333333,0.16033333333333333,240.95966666666666,2.433333333333333,0.0,73.0,39.0,6,4,0,14,33
2026-08-14 07:00:00,2.0301,0.3441666666666666,238.33216666666667,8.656666666666666,496.00000000000006,41.0,150.0,7,4,0,14,33
2026-08-14 08:00:00,2.4540333333333333,0.11963333333333333,239.79399999999998,10.216666666666667,499.0,0.0,225.0,8,4,0,14,33
2026-08-14 09:00:00,2.1380666666666666,0.12263333333333333,238.61916666666667,8.92,0.0,0.0,785.0,9,4,0,14,33
2026-08-14 10:00:00,0.9011,0.188,241.98416666666665,3.7766666666666664,0.0,44.0,39.0,10,4,0,14,33
2026-08-14 11:00:00,1.1761333333333333,0.2734666666666667,243.90416666666667,4.956666666666666,0.0,69.0,754.0,11,4,0,14,33
2026-08-14 12:00:00,0.5301333333333333,0.22926666666666667,244.127,2.3699999999999997,0.0,69.0,148.0,12,4,0,14,33
2026-08-14 13:00:00,0.3841,0.16573333333333334,241.6868333333333,1.72,0.0,55.0,39.0,13,4,0,14,33
2026-08-14 14:00:00,0.3213666666666667,0.06943333333333333,242.25633333333334,1.3166666666666667,0.0,0.0,39.0,14,4,0,14,33
2026-08-14 15:00:00,0.3314333333333333,0.0742,244.20716666666667,1.3599999999999999,0.0,0.0,40.0,15,4,0,14,33
2026-08-14 16:00:00,0.43443333333333334,0.11536666666666666,243.9586666666667,1.8166666666666667,0.0,0.0,153.0,16,4,0,14,33
2026-08-14 17:00:00,0.3197,0.062233333333333335,245.34116666666665,1.2899999999999998,0.0,0.0,40.0,17,4,0,14,33
2026-08-14 18:00:00,0.7896,0.16356666666666667,243.36733333333333,3.3366666666666664,0.0,70.0,353.0,18,4,0,14,33
2026-08-14 19:00:00,2.4543000000000004,0.209,240.48,10.223333333333333,0.0,68.0,1216.0,19,4,0,14,33
2026-08-14 20:00:00,2.4651,0.18243333333333334,240.52216666666666,10.246666666666666,0.0,482.0,1102.0,20,4,0,14,33
2026-08-14 21:00:00,3.6570666666666667,0.2319,237.97033333333331,15.453333333333335,0.0,1791.0,1179.0,21,4,0,14,33
2026-08-14 22:00:00,2.6036,0.15696666666666664,240.24733333333333,10.896666666666667,0.0,1174.0,1123.0,22,4,0,14,33
2026-08-14 23:00:00,2.8090333333333333,0.27423333333333333,241.21933333333334,11.72,626.0,721.0,1107.0,23,4,0,14,33
2026-08-15 00:00:00,3.8364333333333334,0.34636666666666666,240.43699999999998,16.136666666666667,308.0,1999.0000000000002,1101.0,0,5,1,15,33
2026-08-15 01:00:00,3.2431,0.2006,239.55816666666666,13.620000000000001,284.0,1409.0,1093.0,1,5,1,15,33
2026-08-15 02:00:00,1.9637,0.2584,243.20433333333332,8.156666666666666,0.0,380.0,1230.0,2,5,1,15,33
2026-08-15 03:00:00,0.5180666666666667,0.19776666666666667,244.07866666666666,2.2733333333333334,0.0,105.0,40.0,3,5,1,15,33
2026-08-15 04:00:00,0.46040000000000003,0.19313333333333335,244.79016666666666,2.0533333333333332,0.0,80.0,40.0,4,5,1,15,33
2026-08-15 05:00:00,0.6647333333333333,0.1868,242.495,2.83,0.0,79.0,51.0,5,5,1,15,33
2026-08-15 06:00:00,3.3914666666666666,0.3516666666666667,239.26833333333335,14.413333333333332,0.0,1034.0,640.0,6,5,1,15,33
2026-08-15 07:00:00,3.7569666666666666,0.2986333333333333,237.85816666666668,15.879999999999999,0.0,564.0,1078.0,7,5,1,15,33
2026-08-15 08:00:00,2.67,0.13626666666666667,242.5405,11.013333333333332,280.0,102.0,1120.0,8,5,1,15,33
2026-08-15 09:00:00,3.3769,0.12686666666666666,239.751,14.106666666666666,735.0,30.0,1219.0,9,5,1,15,33
2026-08-15 10:00:00,2.5095,0.042699999999999995,241.58233333333334,10.33,1.0,6.0,1111.0,10,5,1,15,33
2026-08-15 11:00:00,1.7402666666666666,0.07953333333333333,242.64100000000002,7.116666666666666,0.0,0.0,1120.0,11,5,1,15,33
2026-08-15 12:00:00,1.5425666666666666,0.10803333333333334,241.72366666666667,6.326666666666666,0.0,0.0,1236.0,12,5,1,15,33
2026-08-15 13:00:00,0.6851,0.0619,241.47033333333331,2.8066666666666666,0.0,0.0,397.0,13,5,1,15,33
2026-08-15 14:00:00,0.31743333333333335,0.07803333333333334,242.58733333333333,1.2933333333333332,0.0,0.0,40.0,14,5,1,15,33
2026-08-15 15:00:00,0.3078,0.05596666666666667,242.12883333333332,1.2566666666666666,0.0,0.0,39.0,15,5,1,15,33
2026-08-15 16:00:00,0.4394666666666667,0.12746666666666667,241.80683333333334,1.8633333333333333,0.0,0.0,162.0,16,5,1,15,33
2026-08-15 17:00:00,0.3994666666666667,0.16963333333333336,244.67183333333332,1.77,0.0,70.0,40.0,17,5,1,15,33
2026-08-15 18:00:00,1.0450333333333333,0.15096666666666667,241.59866666666667,4.466666666666667,0.0,69.0,325.0,18,5,1,15,33
2026-08-15 19:00:00,2.9890333333333334,0.2037,238.72966666666667,12.53,0.0,67.0,1215.0,19,5,1,15,33
2026-08-15 20:00:00,2.1062,0.13620000000000002,240.04466666666667,8.79,0.0,453.0,1097.0,20,5,1,15,33
2026-08-15 21:00:00,1.7980333333333334,0.191,240.06033333333335,7.516666666666667,0.0,89.0,1098.0,21,5,1,15,33
2026-08-15 22:00:00,0.5930333333333333,0.16219999999999998,242.31166666666667,2.55,0.0,42.0,195.0,22,5,1,15,33
2026-08-15 23:00:00,1.8148000000000002,0.1252,240.676,7.663333333333333,0.0,0.0,1097.0,23,5,1,15,33
2026-08-16 00:00:00,1.1293,0.08053333333333333,241.18266666666665,5.53,0.0,0.0,376.0,0,6,1,16,33
2026-08-16 01:00:00,0.5172333333333333,0.11866666666666667,243.06866666666667,2.243333333333333,0.0,0.0,140.0,1,6,1,16,33
2026-08-16 02:00:00,0.4046,0.07073333333333333,245.50799999999998,1.6900000000000002,0.0,0.0,62.00000000000001,2,6,1,16,33
2026-08-16 03:00:00,0.4017666666666667,0.07959999999999999,245.95200000000003,1.6433333333333335,0.0,0.0,40.0,3,6,1,16,33
2026-08-16 04:00:00,0.4735,0.0878,244.95516666666666,1.9033333333333333,0.0,0.0,40.0,4,6,1,16,33
2026-08-16 05:00:00,1.1286666666666667,0.15,241.41316666666668,4.793333333333334,0.0,405.0,201.0,5,6,1,16,33
2026-08-16 06:00:00,3.5383333333333336,0.4549,236.023,15.203333333333335,0.0,1451.0,560.0,6,6,1,16,33
2026-08-16 07:00:00,2.9301000000000004,0.21163333333333334,238.6555,12.4,19.0,1122.0,352.0,7,6,1,16,33
2026-08-16 08:00:00,2.9603333333333333,0.16976666666666668,240.80583333333334,12.333333333333334,499.0,84.0,517.0,8,6,1,16,33
2026-08-16 09:00:00,2.530066666666667,0.22566666666666665,241.48366666666666,10.5,506.99999999999994,102.0,56.0,9,6,1,16,33
2026-08-16 10:00:00,1.3266333333333333,0.2138,244.093,5.493333333333334,0.0,78.0,40.0,10,6,1,16,33
2026-08-16 11:00:00,0.7211333333333333,0.22610000000000002,244.95633333333336,3.106666666666667,0.0,78.0,136.0,11,6,1,16,33
2026-08-16 12:00:00,1.0303333333333333,0.18409999999999999,244.21166666666667,4.306666666666667,0.0,77.0,660.0,12,6,1,16,33
2026-08-16 13:00:00,0.39339999999999997,0.15893333333333332,243.08516666666668,1.7233333333333334,0.0,76.0,39.0,13,6,1,16,33
2026-08-16 14:00:00,0.32939999999999997,0.05946666666666667,243.86483333333334,1.3766666666666665,0.0,9.0,40.0,14,6,1,16,33
2026-08-16 15:00:00,0.4425666666666667,0.1082,242.09666666666666,1.8666666666666667,0.0,1.0,160.0,15,6,1,16,33
2026-08-16 16:00:00,0.31930000000000003,0.04986666666666666,242.06883333333334,1.3,0.0,0.0,39.0,16,6,1,16,33
2026-08-16 17:00:00,0.3124333333333333,0.048100000000000004,243.44916666666668,1.27,0.0,0.0,40.0,17,6,1,16,33
2026-08-16 18:00:00,0.9232333333333334,0.06533333333333333,242.90166666666667,3.8866666666666663,0.0,0.0,332.0,18,6,1,16,33
2026-08-16 19:00:00,2.8661000000000003,0.10136666666666666,240.53416666666666,11.9,0.0,0.0,1228.0,19,6,1,16,33
2026-08-16 20:00:00,1.8684666666666667,0.06793333333333333,240.87466666666666,7.706666666666666,0.0,0.0,1105.0,20,6,1,16,33
2026-08-16 21:00:00,1.8460666666666665,0.07986666666666667,240.27016666666665,7.626666666666667,0.0,0.0,1099.0,21,6,1,16,33
2026-08-16 22:00:00,2.010866666666667,0.15,240.35583333333335,8.306666666666667,0.0,48.0,1217.0,22,6,1,16,33
2026-08-16 23:00:00,1.8959333333333332,0.12480000000000001,239.44366666666667,7.85,0.0,70.0,1092.0,23,6,1,16,33
2026-08-17 00:00:00,1.3926666666666667,0.17453333333333332,241.3115,5.8533333333333335,0.0,68.0,618.0,0,0,0,17,34
2026-08-17 01:00:00,0.40853333333333336,0.16643333333333335,243.3585,1.8133333333333332,0.0,69.0,40.0,1,0,0,17,34
2026-08-17 02:00:00,0.5300666666666667,0.1429,244.20733333333334,2.3333333333333335,0.0,68.0,39.0,2,0,0,17,34
2026-08-17 03:00:00,0.5278333333333333,0.10146666666666666,245.42683333333335,2.216666666666667,0.0,22.0,161.0,3,0,0,17,34
2026-08-17 04:00:00,0.33186666666666664,0.059333333333333335,245.59816666666666,1.3599999999999999,0.0,0.0,40.0,4,0,0,17,34
2026-08-17 05:00:00,0.33213333333333334,0.0636,244.02866666666665,1.37,0.0,0.0,40.0,5,0,0,17,34
2026-08-17 06:00:00,1.3226666666666667,0.0931,240.85033333333334,5.783333333333333,551.0,19.0,39.0,6,0,0,17,34
2026-08-17 07:00:00,2.1848,0.2526333333333333,239.47133333333335,9.533333333333333,585.0,46.0,38.0,7,0,0,17,34
2026-08-17 08:00:00,2.2927666666666666,0.16023333333333334,239.39283333333333,9.636666666666667,19.0,29.0,985.0000000000001,8,0,0,17,34
2026-08-17 09:00:00,2.804333333333333,0.05676666666666667,238.8135,11.74,489.0,0.0,1087.0,9,0,0,17,34
2026-08-17 10:00:00,1.6536333333333333,0.08823333333333333,243.80916666666664,6.816666666666666,510.0,15.0,153.0,10,0,0,17,34
2026-08-17 11:00:00,0.7799999999999999,0.1522,244.53033333333332,3.23,0.0,73.0,39.0,11,0,0,17,34
2026-08-17 12:00:00,0.4468,0.1575666666666667,242.82983333333334,1.9666666666666666,0.0,69.0,40.0,12,0,0,17,34
2026-08-17 13:00:00,0.6637666666666667,0.20413333333333333,242.14683333333332,2.98,0.0,68.0,157.0,13,0,0,17,34
2026-08-17 14:00:00,0.4378666666666666,0.17903333333333335,243.71533333333335,1.9166666666666667,0.0,67.0,40.0,14,0,0,17,34
2026-08-17 15:00:00,0.3406333333333333,0.04936666666666667,244.73100000000002,1.4333333333333333,0.0,3.0,40.0,15,0,0,17,34
2026-08-17 16:00:00,0.341,0.058333333333333334,243.83883333333333,1.4466666666666665,0.0,0.0,40.0,16,0,0,17,34
2026-08-17 17:00:00,1.0228666666666666,0.059133333333333336,244.99483333333333,4.163333333333333,0.0,0.0,713.0,17,0,0,17,34
2026-08-17 18:00:00,1.2183666666666668,0.0511,242.9118333333333,5.096666666666667,0.0,0.0,335.0,18,0,0,17,34
2026-08-17 19:00:00,2.4748666666666663,0.10163333333333333,240.99466666666666,10.236666666666668,0.0,0.0,1227.0,19,0,0,17,34
2026-08-17 20:00:00,1.2261666666666668,0.07203333333333334,242.7945,4.983333333333333,0.0,0.0,899.0,20,0,0,17,34
2026-08-17 21:00:00,0.3173333333333333,0.0507,243.03716666666665,1.3033333333333335,0.0,0.0,40.0,21,0,0,17,34
2026-08-17 22:00:00,0.3232333333333334,0.06273333333333334,243.8885,1.3233333333333333,0.0,12.0,40.0,22,0,0,17,34
2026-08-17 23:00:00,0.3919666666666667,0.16626666666666667,243.23966666666666,1.75,0.0,74.0,39.0,23,0,0,17,34
2026-08-18 00:00:00,0.4943666666666667,0.21413333333333331,243.557,2.27,0.0,69.0,40.0,0,1,0,18,34
2026-08-18 01:00:00,0.38803333333333334,0.166,245.11766666666665,1.73,0.0,68.0,40.0,1,1,0,18,34
2026-08-18 02:00:00,0.47696666666666665,0.18073333333333333,245.87433333333334,2.0766666666666667,0.0,36.0,160.0,2,1,0,18,34
2026-08-18 03:00:00,0.32703333333333334,0.06543333333333333,247.023,1.3566666666666667,0.0,0.0,41.0,3,1,0,18,34
2026-08-18 04:00:00,0.9159333333333334,0.061233333333333334,244.23883333333333,3.74,0.0,0.0,639.0,4,1,0,18,34
2026-08-18 05:00:00,0.36683333333333334,0.08346666666666666,243.78133333333332,1.5666666666666667,0.0,0.0,40.0,5,1,0,18,34
2026-08-18 06:00:00,1.3011333333333333,0.07970000000000001,240.85466666666667,5.506666666666666,755.0,0.0,39.0,6,1,0,18,34
2026-08-18 07:00:00,1.8244333333333331,0.071,243.19416666666666,7.5566666666666675,0.0,0.0,724.0,7,1,0,18,34
2026-08-18 08:00:00,1.9475666666666667,0.223,242.39916666666667,8.133333333333333,0.0,16.0,159.0,8,1,0,18,34
2026-08-18 09:00:00,2.5819666666666667,0.3433333333333334,240.34666666666666,10.813333333333333,0.0,73.0,358.0,9,1,0,18,34
2026-08-18 10:00:00,1.9928666666666668,0.17123333333333332,242.95533333333333,8.216666666666667,0.0,68.0,867.0,10,1,0,18,34
2026-08-18 11:00:00,0.7646333333333334,0.1526,244.873,3.1566666666666667,0.0,68.0,40.0,11,1,0,18,34
2026-08-18 12:00:00,0.5243666666666666,0.06899999999999999,243.859,2.1,0.0,10.0,40.0,12,1,0,18,34
2026-08-18 13:00:00,0.6322666666666666,0.123,242.3195,2.6,0.0,0.0,156.0,13,1,0,18,34
2026-08-18 14:00:00,0.5181,0.06636666666666666,244.8545,2.046666666666667,0.0,0.0,40.0,14,1,0,18,34
2026-08-18 15:00:00,0.5205666666666667,0.06016666666666667,245.14383333333333,2.0633333333333335,0.0,0.0,40.0,15,1,0,18,34
2026-08-18 16:00:00,0.5208666666666667,0.07783333333333334,244.25616666666667,2.0733333333333333,0.0,0.0,40.0,16,1,0,18,34
2026-08-18 17:00:00,0.5856,0.05856666666666666,245.0245,2.33,0.0,0.0,110.0,17,1,0,18,34
2026-08-18 18:00:00,1.7711666666666666,0.07653333333333333,241.05283333333333,7.39,0.0,14.0,860.0,18,1,0,18,34
2026-08-18 19:00:00,2.4587999999999997,0.19693333333333335,239.3255,10.246666666666666,0.0,72.0,1218.0,19,1,0,18,34
2026-08-18 20:00:00,1.5222,0.11776666666666666,241.32816666666668,6.286666666666666,0.0,69.0,1110.0,20,1,0,18,34
2026-08-18 21:00:00,1.5559333333333332,0.15993333333333334,241.697,6.433333333333334,0.0,51.0,1230.0,21,1,0,18,34
2026-08-18 22:00:00,1.3845999999999998,0.04953333333333333,241.64583333333334,5.6433333333333335,0.0,0.0,1112.0,22,1,0,18,34
2026-08-18 23:00:00,1.373,0.07796666666666667,240.86216666666667,5.623333333333334,0.0,0.0,1105.0,23,1,0,18,34
2026-08-19 00:00:00,1.7621666666666667,0.05936666666666667,241.98100000000002,7.3,0.0,0.0,1115.0,0,2,0,19,34
2026-08-19 01:00:00,1.5787,0.14396666666666666,243.54466666666667,6.496666666666667,0.0,0.0,1130.0,1,2,0,19,34
2026-08-19 02:00:00,1.4756,0.08293333333333333,245.15933333333334,5.943333333333333,0.0,0.0,1144.0,2,2,0,19,34
2026-08-19 03:00:00,0.767,0.16509999999999997,245.0785,3.2766666666666664,0.0,27.0,354.0,3,2,0,19,34
2026-08-19 04:00:00,1.1825666666666665,0.16643333333333335,242.85649999999998,4.92,0.0,71.0,796.0,4,2,0,19,34
2026-08-19 05:00:00,0.48210000000000003,0.14313333333333336,244.24866666666668,2.08,0.0,69.0,121.0,5,2,0,19,34
2026-08-19 06:00:00,0.7137,0.13823333333333335,242.62483333333333,3.033333333333333,0.0,67.0,39.0,6,2,0,19,34
2026-08-19 07:00:00,1.4246666666666667,0.15656666666666666,241.4615,5.946666666666667,0.0,28.0,39.0,7,2,0,19,34
2026-08-19 08:00:00,1.3845,0.10356666666666667,239.82966666666667,5.783333333333333,16.0,0.0,157.0,8,2,0,19,34
2026-08-19 09:00:00,2.2917666666666667,0.0582,240.31983333333335,9.526666666666667,547.0,0.0,661.0,9,2,0,19,34
2026-08-19 10:00:00,1.0726666666666667,0.0699,243.52266666666668,4.406666666666666,543.0,0.0,39.0,10,2,0,19,34
2026-08-19 11:00:00,0.31196666666666667,0.05436666666666667,245.16066666666666,1.2466666666666666,0.0,0.0,41.0,11,2,0,19,34
2026-08-19 12:00:00,1.4291666666666667,0.0864,242.8743333333333,5.886666666666667,0.0,0.0,643.0,12,2,0,19,34
2026-08-19 13:00:00,0.36633333333333334,0.07496666666666667,241.51083333333332,1.53,0.0,0.0,90.0,13,2,0,19,34
2026-08-19 14:00:00,0.48646666666666666,0.18506666666666666,243.235,2.1533333333333333,0.0,61.0,159.0,14,2,0,19,34
2026-08-19 15:00:00,0.38813333333333333,0.165,245.1365,1.7333333333333334,0.0,70.0,40.0,15,2,0,19,34
2026-08-19 16:00:00,0.37733333333333335,0.15053333333333332,245.053,1.6700000000000002,0.0,68.0,40.0,16,2,0,19,34
2026-08-19 17:00:00,0.32753333333333334,0.06896666666666666,244.74966666666666,1.3533333333333333,0.0,17.0,40.0,17,2,0,19,34
2026-08-19 18:00:00,0.6353000000000001,0.06286666666666667,242.42666666666668,2.5966666666666667,0.0,0.0,329.0,18,2,0,19,34
2026-08-19 19:00:00,2.3587333333333333,0.10966666666666666,238.1545,9.883333333333333,0.0,0.0,1208.0,19,2,0,19,34
2026-08-19 20:00:00,1.5689333333333333,0.06456666666666667,242.71783333333332,6.386666666666667,0.0,0.0,1122.0,20,2,0,19,34
2026-08-19 21:00:00,1.2997666666666667,0.05513333333333333,243.9065,5.38,0.0,0.0,882.0,21,2,0,19,34
2026-08-19 22:00:00,0.4229,0.06043333333333333,243.10916666666665,1.87,0.0,0.0,40.0,22,2,0,19,34
2026-08-19 23:00:00,1.0934,0.2285,241.1985,4.663333333333333,0.0,37.0,516.0,23,2,0,19,34
2026-08-20 00:00:00,2.0735,0.34646666666666665,241.78816666666665,8.646666666666667,0.0,72.0,1249.0,0,3,0,20,34
2026-08-20 01:00:00,1.7854666666666668,0.19613333333333333,242.256,7.376666666666667,0.0,37.0,1118.0,1,3,0,20,34
2026-08-20 02:00:00,2.6106,0.12093333333333334,243.20766666666665,10.863333333333333,896.0,0.0,1127.0,2,3,0,20,34
2026-08-20 03:00:00,2.4896000000000003,0.23363333333333333,244.03549999999998,10.606666666666666,793.0,47.0,1169.0,3,3,0,20,34
2026-08-20 04:00:00,2.5465,0.1998,242.45066666666668,10.546666666666665,369.0,524.0,1206.0,4,3,0,20,34
2026-08-20 05:00:00,3.2707333333333333,0.1994,240.82233333333335,13.69,0.0,1553.0,1105.0,5,3,0,20,34
2026-08-20 06:00:00,2.5242999999999998,0.23343333333333333,236.84966666666665,10.69,0.0,375.0,1065.0,6,3,0,20,34
2026-08-20 07:00:00,1.7952666666666666,0.15463333333333334,239.62033333333332,7.510000000000001,0.0,103.0,160.0,7,3,0,20,34
2026-08-20 08:00:00,1.6555,0.10086666666666667,242.33433333333332,6.819999999999999,0.0,58.0,39.0,8,3,0,20,34
2026-08-20 09:00:00,3.3083,0.060000000000000005,238.91016666666667,14.446666666666665,1561.0,9.0,38.0,9,3,0,20,34
2026-08-20 10:00:00,1.2988333333333333,0.07313333333333333,242.62366666666668,5.453333333333333,118.0,9.0,40.0,10,3,0,20,34
2026-08-20 11:00:00,2.108,0.32133333333333336,244.87383333333335,8.796666666666665,0.0,843.0,40.0,11,3,0,20,34
2026-08-20 12:00:00,1.7188666666666668,0.6614,243.41033333333334,7.62,0.0,438.0,168.0,12,3,0,20,34
2026-08-20 13:00:00,1.4979333333333333,0.45553333333333335,244.498,6.456666666666666,0.0,103.0,330.0,13,3,0,20,34
2026-08-20 14:00:00,1.9704000000000002,0.3372,244.80066666666667,8.110000000000001,0.0,78.0,575.0,14,3,0,20,34
2026-08-20 15:00:00,1.7044333333333335,0.1475,245.46733333333336,6.923333333333333,0.0,47.0,506.99999999999994,15,3,0,20,34
2026-08-20 16:00:00,0.8521333333333333,0.1054,246.67883333333333,3.5233333333333334,0.0,10.0,495.0,16,3,0,20,34
2026-08-20 17:00:00,0.3794666666666667,0.07603333333333334,247.10600000000002,1.6033333333333333,0.0,9.0,51.0,17,3,0,20,34
2026-08-20 18:00:00,0.36746666666666666,0.0742,245.79566666666668,1.55,0.0,10.0,40.0,18,3,0,20,34
2026-08-20 19:00:00,0.3862,0.10446666666666667,243.48016666666666,1.6866666666666668,0.0,51.0,40.0,19,3,0,20,34
2026-08-20 20:00:00,0.6389,0.16783333333333333,243.67466666666667,2.8233333333333333,0.0,70.0,40.0,20,3,0,20,34
2026-08-20 21:00:00,1.1032000000000002,0.12430000000000001,244.33399999999997,4.596666666666667,0.0,31.000000000000004,699.0,21,3,0,20,34
2026-08-20 22:00:00,1.5886666666666664,0.12906666666666666,241.28716666666665,6.696666666666667,0.0,0.0,998.9999999999999,22,3,0,20,34
2026-08-20 23:00:00,1.8669,0.03586666666666667,241.00033333333334,7.743333333333334,0.0,389.0,1107.0,23,3,0,20,34
2026-08-21 00:00:00,2.8367333333333336,0.13616666666666666,241.426,11.866666666666667,13.0,1317.0,1110.0,0,4,0,21,34
2026-08-21 01:00:00,2.8522333333333334,0.20286666666666667,242.45850000000002,11.879999999999999,489.99999999999994,525.0,1245.0,1,4,0,21,34
2026-08-21 02:00:00,3.734,0.25143333333333334,243.53650000000002,15.753333333333334,501.0,1424.0,1129.0,2,4,0,21,34
2026-08-21 03:00:00,1.742135593220339,0.2578305084745763,244.6220338983051,7.47457627118644,0.0,1095.2542372881355,235.93220338983053,3,4,0,21,34
2026-08-21 04:00:00,1.4822,0.1282,243.1508333333333,6.086666666666667,0.0,56.0,1091.0,4,4,0,21,34
2026-08-21 05:00:00,1.9752666666666667,0.12193333333333332,240.87266666666667,8.24,0.0,485.00000000000006,1105.0,5,4,0,21,34
2026-08-21 06:00:00,2.5342,0.19923333333333335,238.56216666666666,10.633333333333333,0.0,448.0,1085.0,6,4,0,21,34
2026-08-21 07:00:00,2.580433333333333,0.29019999999999996,240.19416666666666,10.833333333333334,0.0,876.0,132.0,7,4,0,21,34
2026-08-21 08:00:00,1.3936333333333333,0.25003333333333333,242.89533333333333,5.790000000000001,0.0,72.0,179.0,8,4,0,21,34
2026-08-21 09:00:00,1.0190666666666666,0.0726,242.02783333333335,4.203333333333334,0.0,25.0,39.0,9,4,0,21,34
2026-08-21 10:00:00,2.3188666666666666,0.0777,239.30533333333332,9.69,455.0,0.0,800.0,10,4,0,21,34
2026-08-21 11:00:00,1.3281666666666667,0.08443333333333333,241.9615,5.5233333333333325,523.0,0.0,39.0,11,4,0,21,34
2026-08-21 12:00:00,0.6191666666666666,0.08426666666666667,241.36583333333334,2.6366666666666663,0.0,1.0,39.0,12,4,0,21,34
2026-08-21 13:00:00,0.5782666666666666,0.2163,240.157,2.5900000000000003,0.0,74.0,172.0,13,4,0,21,34
2026-08-21 14:00:00,0.3816,0.10959999999999999,244.79483333333334,1.6400000000000001,0.0,28.0,40.0,14,4,0,21,34
2026-08-21 15:00:00,0.3448333333333334,0.06836666666666667,245.1735,1.4666666666666666,0.0,0.0,40.0,15,4,0,21,34
2026-08-21 16:00:00,0.34140000000000004,0.06986666666666667,244.98216666666667,1.4733333333333334,0.0,0.0,40.0,16,4,0,21,34
2026-08-21 17:00:00,0.3576666666666667,0.09156666666666666,246.34949999999998,1.5466666666666666,0.0,23.0,41.0,17,4,0,21,34
2026-08-21 18:00:00,0.4922333333333333,0.1409,242.95683333333332,2.103333333333333,0.0,67.0,140.0,18,4,0,21,34
2026-08-21 19:00:00,1.7558333333333331,0.11196666666666667,239.08416666666665,7.363333333333333,0.0,0.0,975.0,19,4,0,21,34
2026-08-21 20:00:00,2.1565333333333334,0.06319999999999999,240.19633333333334,8.983333333333333,0.0,0.0,1099.0,20,4,0,21,34
2026-08-21 21:00:00,1.4889333333333332,0.09646666666666667,241.0755,6.133333333333334,0.0,0.0,1189.0,21,4,0,21,34
2026-08-21 22:00:00,1.5511000000000001,0.18156666666666668,240.4561666666667,6.45,0.0,69.0,1148.0,22,4,0,21,34
2026-08-21 23:00:00,0.7614,0.12146666666666667,241.75283333333334,3.1966666666666668,0.0,34.0,437.0,23,4,0,21,34
2026-08-22 00:00:00,0.32749999999999996,0.07016666666666667,242.07483333333332,1.35,0.0,0.0,39.0,0,5,1,22,34
2026-08-22 01:00:00,0.3194666666666667,0.058633333333333336,242.66033333333334,1.2933333333333332,0.0,0.0,39.0,1,5,1,22,34
2026-08-22 02:00:00,0.35879999999999995,0.11903333333333334,243.94099999999997,1.5333333333333334,0.0,29.0,40.0,2,5,1,22,34
2026-08-22 03:00:00,0.3935,0.17936666666666667,245.16233333333332,1.77,0.0,65.0,40.0,3,5,1,22,34
2026-08-22 04:00:00,0.4519666666666666,0.12426666666666668,243.49533333333332,1.9066666666666667,0.0,0.0,169.0,4,5,1,22,34
2026-08-22 05:00:00,0.3531666666666667,0.07723333333333333,243.38766666666666,1.5033333333333334,0.0,0.0,40.0,5,5,1,22,34
2026-08-22 06:00:00,0.4421,0.08013333333333333,241.5425,1.8733333333333335,0.0,2.0,39.0,6,5,1,22,34
2026-08-22 07:00:00,1.4117666666666666,0.14656666666666668,238.57133333333334,5.9366666666666665,0.0,74.0,697.0,7,5,1,22,34
2026-08-22 08:00:00,1.0944,0.14930000000000002,242.2845,4.59,0.0,16.0,39.0,8,5,1,22,34
2026-08-22 09:00:00,0.9947,0.035166666666666666,240.11233333333334,4.1466666666666665,0.0,0.0,39.0,9,5,1,22,34
2026-08-22 10:00:00,1.2006333333333332,0.0864,242.27266666666668,4.926666666666666,0.0,0.0,167.0,10,5,1,22,34
2026-08-22 11:00:00,1.2112333333333334,0.17366666666666666,243.89816666666667,5.0,0.0,59.0,40.0,11,5,1,22,34
2026-08-22 12:00:00,0.6891,0.14720000000000003,242.80566666666667,2.9,0.0,36.0,39.0,12,5,1,22,34
2026-08-22 13:00:00,0.31656666666666666,0.05596666666666667,242.2525,1.3099999999999998,0.0,0.0,40.0,13,5,1,22,34
2026-08-22 14:00:00,1.0714666666666666,0.0627,243.79633333333334,4.366666666666666,0.0,0.0,793.0,14,5,1,22,34
2026-08-22 15:00:00,0.35366666666666663,0.1121,245.18216666666666,1.4933333333333332,0.0,32.0,40.0,15,5,1,22,34
2026-08-22 16:00:00,0.5006666666666667,0.21153333333333332,244.44866666666667,2.2199999999999998,0.0,63.0,168.0,16,5,1,22,34
2026-08-22 17:00:00,0.32306666666666667,0.07063333333333334,246.06616666666665,1.34,0.0,0.0,41.0,17,5,1,22,34
2026-08-22 18:00:00,0.3164666666666667,0.05566666666666666,245.84433333333334,1.2933333333333332,0.0,0.0,40.0,18,5,1,22,34
2026-08-22 19:00:00,0.6149666666666666,0.06146666666666667,241.232,2.6533333333333333,0.0,0.0,39.0,19,5,1,22,34
2026-08-22 20:00:00,0.6816333333333334,0.21916666666666668,241.56199999999998,2.996666666666667,0.0,76.0,39.0,20,5,1,22,34
2026-08-22 21:00:00,1.0353,0.1796,241.7288333333333,4.489999999999999,0.0,488.0,39.0,21,5,1,22,34
2026-08-22 22:00:00,0.6316666666666666,0.05266666666666667,243.225,2.6166666666666667,0.0,0.0,327.0,22,5,1,22,34
2026-08-22 23:00:00,3.0101,0.2522,245.20716666666667,12.333333333333334,0.0,1332.0,1272.0,23,5,1,22,34
2026-08-23 00:00:00,1.1093666666666666,0.1701,246.76850000000002,4.533333333333333,0.0,108.0,729.0,0,6,1,23,34
2026-08-23 01:00:00,0.4098333333333333,0.16223333333333334,247.50883333333334,1.7633333333333332,0.0,85.0,41.0,1,6,1,23,34
2026-08-23 02:00:00,0.3274666666666667,0.05943333333333333,248.66066666666666,1.3433333333333333,0.0,10.0,41.0,2,6,1,23,34
2026-08-23 03:00:00,0.33549999999999996,0.07160000000000001,247.91850000000002,1.3833333333333333,0.0,9.0,41.0,3,6,1,23,34
2026-08-23 04:00:00,0.35383333333333333,0.09780000000000001,247.999,1.5166666666666666,0.0,29.0,41.0,4,6,1,23,34
2026-08-23 05:00:00,0.5167333333333334,0.2305,247.26983333333334,2.27,0.0,83.0,164.0,5,6,1,23,34
2026-08-23 06:00:00,0.3454,0.0948,245.71883333333332,1.4666666666666666,0.0,32.0,40.0,6,6,1,23,34
2026-08-23 07:00:00,0.29933333333333334,0.042499999999999996,241.8265,1.23,0.0,2.0,39.0,7,6,1,23,34
2026-08-23 08:00:00,1.0135333333333334,0.08023333333333334,243.74833333333333,4.12,0.0,0.0,734.0,8,6,1,23,34
2026-08-23 09:00:00,0.3625666666666667,0.12000000000000001,242.81233333333333,1.5566666666666664,0.0,48.0,39.0,9,6,1,23,34
2026-08-23 10:00:00,0.4894,0.19973333333333335,245.05116666666666,2.1533333333333333,0.0,55.0,162.0,10,6,1,23,34
2026-08-23 11:00:00,0.6574333333333333,0.07793333333333334,248.74966666666666,2.6599999999999997,0.0,0.0,41.0,11,6,1,23,34
2026-08-23 12:00:00,0.7889666666666667,0.06506666666666666,247.96733333333336,3.2066666666666666,0.0,0.0,42.0,12,6,1,23,34
2026-08-23 13:00:00,0.7074,0.07006666666666667,246.26133333333334,2.9466666666666668,0.0,15.0,362.0,13,6,1,23,34
2026-08-23 14:00:00,0.8959333333333334,0.20576666666666668,247.61749999999998,3.7199999999999998,0.0,74.0,536.0,14,6,1,23,34
2026-08-23 15:00:00,0.3767,0.0892,247.85783333333333,1.5599999999999998,0.0,5.0,98.0,15,6,1,23,34
2026-08-23 16:00:00,0.32256666666666667,0.06633333333333333,246.82783333333333,1.3266666666666667,0.0,0.0,41.0,16,6,1,23,34
2026-08-23 17:00:00,0.31406666666666666,0.05056666666666666,247.10033333333334,1.28,0.0,0.0,41.0,17,6,1,23,34
2026-08-23 18:00:00,0.3945,0.16693333333333332,246.83483333333334,1.7166666666666666,0.0,75.0,41.0,18,6,1,23,34
2026-08-23 19:00:00,1.7022666666666666,0.15486666666666665,243.718,7.046666666666667,0.0,24.0,1008.0,19,6,1,23,34
2026-08-23 20:00:00,1.8992666666666667,0.08323333333333333,243.8826666666667,7.783333333333333,0.0,0.0,1133.0,20,6,1,23,34
2026-08-23 21:00:00,1.5356999999999998,0.054433333333333334,244.161,6.206666666666666,0.0,1.0,1135.0,21,6,1,23,34
2026-08-23 22:00:00,1.8381,0.12516666666666668,244.12800000000001,7.526666666666667,0.0,426.0,1134.0,22,6,1,23,34
2026-08-23 23:00:00,2.5886,0.24636666666666668,243.98266666666666,10.686666666666667,0.0,1167.0,1117.0,23,6,1,23,34
2026-08-24 00:00:00,0.3977,0.1129,246.42666666666668,1.7166666666666666,0.0,43.0,41.0,0,0,0,24,35
2026-08-24 01:00:00,0.6810666666666666,0.08196666666666667,246.61183333333332,2.9733333333333336,0.0,0.0,40.0,1,0,0,24,35
2026-08-24 02:00:00,0.5176666666666666,0.04786666666666666,248.43233333333333,2.19,0.0,0.0,41.0,2,0,0,24,35
2026-08-24 03:00:00,0.47103333333333336,0.08766666666666666,249.96383333333333,1.9633333333333334,0.0,30.0,49.0,3,0,0,24,35
2026-08-24 04:00:00,0.6847666666666666,0.22483333333333333,247.5115,2.93,0.0,71.0,159.0,4,0,0,24,35
2026-08-24 05:00:00,0.5363,0.08943333333333332,247.47650000000002,2.21,0.0,17.0,41.0,5,0,0,24,35
2026-08-24 06:00:00,0.5009,0.05563333333333333,245.09583333333333,2.0633333333333335,0.0,0.0,40.0,6,0,0,24,35
2026-08-24 07:00:00,0.8276,0.05296666666666667,241.59666666666666,3.4099999999999997,0.0,0.0,443.0,7,0,0,24,35
2026-08-24 08:00:00,1.0392333333333332,0.16076666666666667,241.5515,4.366666666666666,0.0,46.0,605.0,8,0,0,24,35
2026-08-24 09:00:00,0.3815666666666667,0.14043333333333333,243.4675,1.66,0.0,64.0,39.0,9,0,0,24,35
2026-08-24 10:00:00,0.8087,0.07146666666666666,248.66433333333333,3.3033333333333332,0.0,0.0,42.0,10,0,0,24,35
2026-08-24 11:00:00,0.7940333333333334,0.05993333333333333,249.47116666666668,3.1566666666666667,0.0,0.0,41.0,11,0,0,24,35
2026-08-24 12:00:00,2.0628,0.12246666666666667,244.37733333333333,8.436666666666666,0.0,1.0,876.0,12,0,0,24,35
2026-08-24 13:00:00,0.5760000000000001,0.16436666666666666,246.25533333333334,2.39,0.0,75.0,41.0,13,0,0,24,35
2026-08-24 14:00:00,0.3520333333333333,0.07513333333333333,247.24133333333333,1.4666666666666666,0.0,27.0,40.0,14,0,0,24,35
2026-08-24 15:00:00,0.3282666666666667,0.05076666666666666,248.275,1.3533333333333333,0.0,0.0,42.0,15,0,0,24,35
2026-08-24 16:00:00,0.41796666666666665,0.0942,246.6725,1.7166666666666666,0.0,0.0,143.0,16,0,0,24,35
2026-08-24 17:00:00,0.39540000000000003,0.14466666666666667,246.98916666666668,1.6933333333333331,0.0,49.0,60.0,17,0,0,24,35
2026-08-24 18:00:00,0.3842,0.16046666666666667,247.53033333333332,1.6700000000000002,0.0,65.0,41.0,18,0,0,24,35
2026-08-24 19:00:00,0.4864,0.07923333333333334,244.792,2.04,0.0,0.0,40.0,19,0,0,24,35
2026-08-24 20:00:00,0.7909333333333334,0.06363333333333333,247.50816666666665,3.286666666666667,0.0,0.0,197.0,20,0,0,24,35
2026-08-24 21:00:00,1.6559,0.12276666666666666,245.5405,6.696666666666667,0.0,1.0,1271.0,21,0,0,24,35
2026-08-24 22:00:00,1.3800666666666668,0.16636666666666666,247.42383333333333,5.6433333333333335,0.0,75.0,968.0,22,0,0,24,35
2026-08-24 23:00:00,0.3667666666666667,0.11186666666666666,249.0805,1.5799999999999998,0.0,33.0,41.0,23,0,0,24,35
2026-08-25 00:00:00,0.4730666666666667,0.1357,248.32016666666667,1.9666666666666666,0.0,0.0,168.0,0,1,0,25,35
2026-08-25 01:00:00,0.5296666666666667,0.0927,247.6725,2.18,0.0,0.0,41.0,1,1,0,25,35
2026-08-25 02:00:00,1.4190333333333334,0.11503333333333333,247.77483333333333,5.7266666666666675,24.0,41.0,847.0,2,1,0,25,35
2026-08-25 03:00:00,2.2539000000000002,0.2036666666666667,246.7795,9.153333333333334,544.0,70.0,1293.0,3,1,0,25,35
2026-08-25 04:00:00,2.0625,0.08246666666666667,245.91983333333334,8.356666666666666,535.0,20.0,1151.0,4,1,0,25,35
2026-08-25 05:00:00,2.1038666666666668,0.0611,245.88033333333334,8.566666666666666,0.0,473.0,1150.0,5,1,0,25,35
2026-08-25 06:00:00,1.3175333333333334,0.1525,244.7235,5.556666666666667,0.0,370.0,263.0,6,1,0,25,35
2026-08-25 07:00:00,2.4234999999999998,0.3286,242.6796666666667,10.146666666666667,0.0,1161.0,132.0,7,1,0,25,35
2026-08-25 08:00:00,0.5319,0.20343333333333333,244.976,2.4266666666666667,0.0,106.0,40.0,8,1,0,25,35
2026-08-25 09:00:00,0.42783333333333334,0.15416666666666667,244.1085,1.9133333333333336,0.0,41.0,39.0,9,1,0,25,35
2026-08-25 10:00:00,0.7487999999999999,0.1257,244.6906666666667,3.143333333333333,0.0,9.0,163.0,10,1,0,25,35
2026-08-25 11:00:00,0.9004333333333334,0.10966666666666666,244.882,3.6933333333333334,0.0,10.0,40.0,11,1,0,25,35
2026-08-25 12:00:00,1.0362,0.14123333333333335,244.97966666666667,4.253333333333333,0.0,45.0,479.0,12,1,0,25,35
2026-08-25 13:00:00,0.5989,0.18409999999999999,243.90383333333332,2.5866666666666664,0.0,81.0,243.0,13,1,0,25,35
2026-08-25 14:00:00,0.46509999999999996,0.1536,247.70466666666667,2.0033333333333334,0.0,18.0,165.0,14,1,0,25,35
2026-08-25 15:00:00,0.31679999999999997,0.0634,246.882,1.2866666666666666,0.0,0.0,41.0,15,1,0,25,35
2026-08-25 16:00:00,0.31620000000000004,0.06173333333333333,247.03266666666664,1.29,0.0,0.0,40.0,16,1,0,25,35
2026-08-25 17:00:00,0.3864,0.16973333333333332,246.977,1.68,0.0,61.0,41.0,17,1,0,25,35
2026-08-25 18:00:00,0.5107,0.23933333333333331,245.8538333333333,2.3033333333333332,0.0,70.0,166.0,18,1,0,25,35
2026-08-25 19:00:00,0.3061666666666667,0.058,244.26000000000002,1.27,0.0,2.0,39.0,19,1,0,25,35
2026-08-25 20:00:00,0.47936666666666666,0.07293333333333334,243.7805,2.0833333333333335,0.0,0.0,40.0,20,1,0,25,35
2026-08-25 21:00:00,1.4061666666666668,0.087,246.0275,5.723333333333333,0.0,0.0,849.0,21,1,0,25,35
2026-08-25 22:00:00,0.5284666666666666,0.20806666666666668,247.23016666666666,2.2800000000000002,0.0,64.0,126.0,22,1,0,25,35
2026-08-25 23:00:00,0.6154,0.2635,247.861,2.8733333333333335,0.0,70.0,41.0,23,1,0,25,35
2026-08-26 00:00:00,1.0566666666666666,0.3142666666666667,247.79016666666666,4.623333333333333,0.0,10.0,40.0,0,2,0,26,35
2026-08-26 01:00:00,0.8221333333333334,0.11656666666666667,248.31383333333332,3.46,0.0,0.0,169.0,1,2,0,26,35
2026-08-26 02:00:00,0.7339333333333333,0.04716666666666667,247.32833333333335,3.0300000000000002,0.0,0.0,213.0,2,2,0,26,35
2026-08-26 03:00:00,1.3253,0.07590000000000001,247.38166666666666,5.336666666666667,0.0,48.0,648.0,3,2,0,26,35
2026-08-26 04:00:00,0.5244333333333333,0.19246666666666667,249.26883333333333,2.2766666666666664,0.0,70.0,41.0,4,2,0,26,35
2026-08-26 05:00:00,0.6262333333333333,0.20233333333333334,245.8635,2.6966666666666668,0.0,51.0,168.0,5,2,0,26,35
2026-08-26 06:00:00,1.2063666666666668,0.07256666666666667,244.32299999999998,4.92,0.0,0.0,40.0,6,2,0,26,35
2026-08-26 07:00:00,1.314,0.0524,243.78216666666668,5.343333333333334,0.0,0.0,40.0,7,2,0,26,35
2026-08-26 08:00:00,1.5519666666666665,0.16126666666666667,243.161,6.433333333333334,0.0,0.0,164.0,8,2,0,26,35
2026-08-26 09:00:00,1.6412333333333333,0.1545,240.98866666666666,6.88,427.0,65.0,39.0,9,2,0,26,35
2026-08-26 10:00:00,0.9650666666666666,0.07323333333333333,242.85183333333333,4.036666666666666,106.0,68.0,39.0,10,2,0,26,35
2026-08-26 11:00:00,1.3404999999999998,0.09670000000000001,244.28866666666667,5.616666666666666,542.0,3.0,40.0,11,2,0,26,35
2026-08-26 12:00:00,1.6557,0.08943333333333332,244.44916666666668,6.8100000000000005,0.0,0.0,651.0,12,2,0,26,35
2026-08-26 13:00:00,1.2114666666666667,0.06936666666666666,242.58283333333333,4.983333333333333,0.0,0.0,386.0,13,2,0,26,35
2026-08-26 14:00:00,0.9088666666666666,0.14109999999999998,243.8245,3.7233333333333336,0.0,49.0,39.0,14,2,0,26,35
2026-08-26 15:00:00,0.5199,0.2536,245.18516666666667,2.3133333333333335,0.0,69.0,166.0,15,2,0,26,35
2026-08-26 16:00:00,0.36356666666666665,0.13863333333333333,245.47633333333334,1.5666666666666667,0.0,34.0,40.0,16,2,0,26,35
2026-08-26 17:00:00,0.31160000000000004,0.05553333333333333,244.53483333333332,1.28,0.0,0.0,40.0,17,2,0,26,35
2026-08-26 18:00:00,0.32016666666666665,0.0634,243.97383333333335,1.3233333333333335,0.0,0.0,39.0,18,2,0,26,35
2026-08-26 19:00:00,0.4655666666666667,0.14973333333333333,245.00383333333332,1.9933333333333334,0.0,13.0,164.0,19,2,0,26,35
2026-08-26 20:00:00,0.4008333333333333,0.20063333333333333,245.64566666666667,1.77,0.0,73.0,40.0,20,2,0,26,35
2026-08-26 21:00:00,0.37793333333333334,0.15986666666666668,242.10933333333332,1.69,0.0,52.0,40.0,21,2,0,26,35
2026-08-26 22:00:00,0.7758666666666667,0.05803333333333334,243.06133333333335,3.256666666666667,164.0,0.0,218.0,22,2,0,26,35
2026-08-26 23:00:00,3.1332333333333335,0.3000333333333333,239.85716666666667,13.65,1333.0,0.0,1217.0,23,2,0,26,35
2026-08-27 00:00:00,0.9049999999999999,0.057666666666666665,243.37783333333334,3.8366666666666664,11.0,1.0,374.0,0,3,0,27,35
2026-08-27 01:00:00,1.2232666666666667,0.12916666666666668,242.17833333333334,5.113333333333333,0.0,75.0,595.0,1,3,0,27,35
2026-08-27 02:00:00,1.7464000000000002,0.19126666666666667,244.61816666666667,7.123333333333333,0.0,68.0,1251.0,2,3,0,27,35
2026-08-27 03:00:00,1.5429,0.07336666666666666,244.51883333333333,6.2733333333333325,0.0,5.0,1138.0,3,3,0,27,35
2026-08-27 04:00:00,1.6637,0.12393333333333333,245.16416666666666,6.763333333333334,0.0,0.0,1269.0,4,3,0,27,35
2026-08-27 05:00:00,1.5299,0.09293333333333333,244.9085,6.23,0.0,0.0,1141.0,5,3,0,27,35
2026-08-27 06:00:00,2.1401666666666666,0.12000000000000001,242.01466666666664,8.8,0.0,48.0,1115.0,6,3,0,27,35
2026-08-27 07:00:00,2.602633333333333,0.11686666666666667,240.47899999999998,10.793333333333333,0.0,69.0,1102.0,7,3,0,27,35
2026-08-27 08:00:00,3.3127,0.23803333333333335,241.5656666666667,13.886666666666667,584.0,7.0,1233.0,8,3,0,27,35
2026-08-27 09:00:00,3.0156,0.07316666666666666,240.376,12.59,261.0,0.0,1100.0,9,3,0,27,35
2026-08-27 10:00:00,2.8801666666666668,0.12426666666666668,241.19716666666667,11.876666666666667,0.0,0.0,1108.0,10,3,0,27,35
2026-08-27 11:00:00,2.8712,0.2353,242.3145,11.85,0.0,51.0,837.0,11,3,0,27,35
2026-08-27 12:00:00,1.8089666666666666,0.2089,245.433,7.3933333333333335,0.0,69.0,40.0,12,3,0,27,35
2026-08-27 13:00:00,1.4759,0.21043333333333333,245.06516666666667,6.056666666666667,0.0,25.0,40.0,13,3,0,27,35
2026-08-27 14:00:00,1.4299,0.1271,247.35366666666667,5.783333333333333,0.0,0.0,41.0,14,3,0,27,35
2026-08-27 15:00:00,1.5552333333333332,0.09156666666666666,245.33783333333335,6.343333333333334,0.0,26.0,39.0,15,3,0,27,35
2026-08-27 16:00:00,1.4665,0.1477,245.3671666666667,5.996666666666667,0.0,71.0,40.0,16,3,0,27,35
2026-08-27 17:00:00,2.9103,0.10716666666666666,243.60733333333334,11.973333333333333,871.0,30.0,642.0,17,3,0,27,35
2026-08-27 18:00:00,1.9305666666666668,0.1305,244.42716666666666,7.94,559.0,0.0,842.0,18,3,0,27,35
2026-08-27 19:00:00,0.3292,0.08066666666666666,246.79016666666666,1.37,0.0,0.0,40.0,19,3,0,27,35
2026-08-27 20:00:00,0.35500000000000004,0.12000000000000001,244.89066666666668,1.5133333333333332,0.0,25.0,40.0,20,3,0,27,35
2026-08-27 21:00:00,0.39823333333333333,0.20413333333333333,244.112,1.7766666666666666,0.0,71.0,39.0,21,3,0,27,35
2026-08-27 22:00:00,0.5090333333333333,0.2296,243.40683333333334,2.2633333333333336,0.0,56.0,163.0,22,3,0,27,35
2026-08-27 23:00:00,0.31976666666666664,0.07033333333333334,244.52166666666665,1.32,0.0,0.0,40.0,23,3,0,27,35
2026-08-28 00:00:00,0.3359333333333333,0.0827,244.22400000000002,1.4133333333333333,0.0,0.0,39.0,0,4,0,28,35
2026-08-28 01:00:00,1.1764333333333332,0.15810000000000002,245.6275,4.8533333333333335,0.0,0.0,856.0,1,4,0,28,35
2026-08-28 02:00:00,1.5386666666666666,0.20843333333333333,247.47150000000002,6.213333333333334,0.0,70.0,1164.0,2,4,0,28,35
2026-08-28 03:00:00,0.5955999999999999,0.21209999999999998,248.2795,2.5566666666666666,0.0,70.0,239.0,3,4,0,28,35
2026-08-28 04:00:00,0.3451666666666667,0.11413333333333334,248.1335,1.4333333333333333,0.0,14.0,40.0,4,4,0,28,35
2026-08-28 05:00:00,0.4587333333333333,0.14706666666666665,244.936,1.9633333333333334,0.0,0.0,166.0,5,4,0,28,35
2026-08-28 06:00:00,0.3284666666666667,0.08176666666666667,245.09716666666665,1.3766666666666665,0.0,0.0,40.0,6,4,0,28,35
2026-08-28 07:00:00,0.36433333333333334,0.1383,246.90383333333332,1.5466666666666666,0.0,38.0,40.0,7,4,0,28,35
2026-08-28 08:00:00,0.39280000000000004,0.1991666666666667,245.74166666666667,1.7399999999999998,0.0,70.0,41.0,8,4,0,28,35
2026-08-28 09:00:00,1.2171666666666667,0.2263666666666667,244.47466666666665,5.1033333333333335,0.0,43.0,163.0,9,4,0,28,35
2026-08-28 10:00:00,1.3272666666666666,0.0949,245.18733333333333,5.403333333333333,0.0,0.0,40.0,10,4,0,28,35
2026-08-28 11:00:00,2.038,0.0769,245.49733333333333,8.31,0.0,0.0,755.0,11,4,0,28,35
2026-08-28 12:00:00,1.3194000000000001,0.06676666666666667,246.36483333333334,5.3933333333333335,0.0,0.0,51.0,12,4,0,28,35
2026-08-28 13:00:00,1.4804333333333333,0.20829999999999999,246.57766666666666,6.069999999999999,0.0,74.0,153.0,13,4,0,28,35
2026-08-28 14:00:00,1.2860333333333334,0.18873333333333334,249.3493333333333,5.183333333333334,0.0,58.0,42.0,14,4,0,28,35
2026-08-28 15:00:00,1.0646666666666667,0.0838,247.61316666666667,4.283333333333333,0.0,0.0,40.0,15,4,0,28,35
2026-08-28 16:00:00,0.32743333333333335,0.07366666666666667,249.44233333333332,1.3466666666666667,0.0,0.0,42.0,16,4,0,28,35
2026-08-28 17:00:00,0.4504,0.13926666666666668,247.7765,1.9100000000000001,0.0,0.0,164.0,17,4,0,28,35
2026-08-28 18:00:00,0.40496666666666664,0.20980000000000001,247.56216666666666,1.7866666666666666,0.0,69.0,41.0,18,4,0,28,35
2026-08-28 19:00:00,0.38456666666666667,0.18326666666666666,247.1755,1.6900000000000002,0.0,51.0,40.0,19,4,0,28,35
2026-08-28 20:00:00,0.3178,0.06616666666666667,244.738,1.3066666666666669,0.0,0.0,40.0,20,4,0,28,35
2026-08-28 21:00:00,1.1984,0.10923333333333334,245.1625,4.8966666666666665,0.0,0.0,924.0,21,4,0,28,35
2026-08-28 22:00:00,0.4413,0.0973,245.50083333333333,1.8299999999999998,0.0,7.0,144.0,22,4,0,28,35
2026-08-28 23:00:00,0.40673333333333334,0.21163333333333334,246.06366666666665,1.8099999999999998,0.0,75.0,40.0,23,4,0,28,35
2026-08-29 00:00:00,0.7283333333333334,0.14,244.90433333333334,3.046666666666667,0.0,41.0,362.0,0,5,1,29,35
2026-08-29 01:00:00,1.8742666666666667,0.1671,245.252,7.6433333333333335,0.0,0.0,1282.0,1,5,1,29,35
2026-08-29 02:00:00,1.4406999999999999,0.06280000000000001,245.63183333333333,5.8133333333333335,0.0,0.0,1148.0,2,5,1,29,35
2026-08-29 03:00:00,1.4621666666666668,0.10686666666666667,244.95499999999998,5.946666666666667,0.0,26.0,1142.0,3,5,1,29,35
2026-08-29 04:00:00,1.6175,0.23893333333333333,244.65633333333332,6.63,0.0,71.0,1261.0,4,5,1,29,35
2026-08-29 05:00:00,1.4483,0.1223,242.9425,5.946666666666667,0.0,41.0,1123.0,5,5,1,29,35
2026-08-29 06:00:00,0.6616333333333333,0.05893333333333333,244.56716666666668,2.7133333333333334,0.0,0.0,381.0,6,5,1,29,35
2026-08-29 07:00:00,0.33193333333333336,0.07719999999999999,245.254,1.3900000000000001,0.0,0.0,40.0,7,5,1,29,35
2026-08-29 08:00:00,0.475,0.17003333333333334,245.44383333333332,2.04,0.0,21.0,162.0,8,5,1,29,35
2026-08-29 09:00:00,1.0677333333333332,0.17833333333333332,245.4355,4.363333333333333,0.0,72.0,40.0,9,5,1,29,35
2026-08-29 10:00:00,1.3896666666666666,0.08403333333333333,249.2905,5.583333333333333,0.0,28.0,41.0,10,5,1,29,35
2026-08-29 11:00:00,1.4736333333333331,0.07363333333333334,251.45083333333332,5.88,0.0,0.0,43.0,11,5,1,29,35
2026-08-29 12:00:00,1.4327333333333334,0.1108,249.68383333333335,5.753333333333333,0.0,0.0,167.0,12,5,1,29,35
2026-08-29 13:00:00,1.2633666666666667,0.12803333333333333,248.55499999999998,5.1,0.0,40.0,41.0,13,5,1,29,35
2026-08-29 14:00:00,0.39633333333333337,0.19083333333333335,249.80066666666667,1.71,0.0,69.0,41.0,14,5,1,29,35
2026-08-29 15:00:00,0.3301,0.07453333333333334,250.00966666666667,1.37,0.0,0.0,42.0,15,5,1,29,35
2026-08-29 16:00:00,1.4277333333333333,0.14333333333333334,249.70283333333333,5.716666666666667,0.0,0.0,1123.0,16,5,1,29,35
2026-08-29 17:00:00,0.3799666666666667,0.08753333333333332,250.27316666666667,1.5799999999999998,0.0,0.0,79.0,17,5,1,29,35
2026-08-29 18:00:00,0.40353333333333335,0.19973333333333335,251.6755,1.7566666666666668,0.0,74.0,43.0,18,5,1,29,35
2026-08-29 19:00:00,0.4835,0.1486,248.77533333333335,2.1133333333333333,0.0,43.0,41.0,19,5,1,29,35
2026-08-29 20:00:00,0.5343333333333333,0.16993333333333333,246.51933333333332,2.453333333333333,0.0,0.0,40.0,20,5,1,29,35
2026-08-29 21:00:00,1.4453333333333334,0.11850000000000001,242.895,5.91,0.0,0.0,1154.0,21,5,1,29,35
2026-08-29 22:00:00,0.8653666666666666,0.08876666666666666,241.515,3.5833333333333335,0.0,23.0,498.00000000000006,22,5,1,29,35
2026-08-29 23:00:00,0.43026666666666663,0.18303333333333333,244.41199999999998,1.87,0.0,72.0,40.0,23,5,1,29,35
2026-08-30 00:00:00,0.3439666666666667,0.10716666666666666,245.51283333333333,1.4533333333333334,0.0,17.0,40.0,0,6,1,30,35
2026-08-30 01:00:00,0.40273333333333333,0.10533333333333333,244.204,1.7033333333333334,0.0,0.0,125.00000000000001,1,6,1,30,35
2026-08-30 02:00:00,0.3610666666666667,0.09316666666666666,243.97033333333331,1.5266666666666666,0.0,0.0,75.0,2,6,1,30,35
2026-08-30 03:00:00,0.37656666666666666,0.15583333333333332,245.10333333333335,1.6233333333333335,0.0,56.0,40.0,3,6,1,30,35
2026-08-30 04:00:00,0.3728,0.16766666666666669,244.60416666666666,1.6566666666666665,0.0,61.0,39.0,4,6,1,30,35
2026-08-30 05:00:00,0.3232,0.0735,241.72633333333334,1.3566666666666667,0.0,0.0,39.0,5,6,1,30,35
2026-08-30 06:00:00,1.1502333333333332,0.11366666666666667,238.47033333333331,4.833333333333333,0.0,0.0,864.0,6,6,1,30,35
2026-08-30 07:00:00,0.8409,0.06749999999999999,240.45433333333332,3.4833333333333334,0.0,7.0,39.0,7,6,1,30,35
2026-08-30 08:00:00,1.2145000000000001,0.161,243.8615,4.946666666666667,0.0,74.0,39.0,8,6,1,30,35
2026-08-30 09:00:00,1.3573666666666668,0.13826666666666665,244.8435,5.546666666666667,0.0,38.0,40.0,9,6,1,30,35
2026-08-30 10:00:00,1.4289999999999998,0.11793333333333332,246.37883333333332,5.79,0.0,0.0,162.0,10,6,1,30,35
2026-08-30 11:00:00,2.2864666666666666,0.164,245.93916666666667,9.286666666666665,0.0,0.0,972.9999999999999,11,6,1,30,35
2026-08-30 12:00:00,0.6133000000000001,0.18013333333333334,247.407,2.5933333333333333,0.0,33.0,40.0,12,6,1,30,35
2026-08-30 13:00:00,0.9561666666666667,0.14936666666666668,245.65766666666664,3.99,0.0,70.0,41.0,13,6,1,30,35
2026-08-30 14:00:00,1.0623,0.13886666666666667,247.18533333333335,4.3566666666666665,0.0,19.0,164.0,14,6,1,30,35
2026-08-30 15:00:00,0.40226666666666666,0.07136666666666666,248.30283333333333,1.6666666666666667,0.0,0.0,41.0,15,6,1,30,35
2026-08-30 16:00:00,0.33,0.07146666666666666,248.91116666666667,1.4033333333333333,0.0,0.0,41.0,16,6,1,30,35
2026-08-30 17:00:00,0.38843333333333335,0.16533333333333333,248.64133333333334,1.6666666666666667,0.0,51.0,41.0,17,6,1,30,35
2026-08-30 18:00:00,0.5263333333333333,0.2689333333333333,247.364,2.353333333333333,0.0,70.0,163.0,18,6,1,30,35
2026-08-30 19:00:00,1.0215,0.0722,243.53533333333334,4.283333333333333,0.0,17.0,384.0,19,6,1,30,35
2026-08-30 20:00:00,1.9960666666666667,0.053200000000000004,241.65516666666664,8.23,477.0,0.0,1112.0,20,6,1,30,35
2026-08-30 21:00:00,2.0325,0.09963333333333332,239.5773333333333,8.486666666666666,543.0,0.0,1213.0,21,6,1,30,35
2026-08-30 22:00:00,1.0415666666666668,0.11963333333333333,241.94033333333334,4.3100000000000005,1.0,47.0,724.0,22,6,1,30,35
2026-08-30 23:00:00,0.38856666666666667,0.18259999999999998,243.0515,1.7533333333333334,0.0,69.0,40.0,23,6,1,30,35
2026-08-31 00:00:00,0.3289,0.07516666666666666,245.54783333333336,1.3733333333333335,0.0,2.0,40.0,0,0,0,31,36
2026-08-31 01:00:00,0.4435333333333334,0.12193333333333332,245.03716666666665,1.87,0.0,0.0,162.0,1,0,0,31,36
2026-08-31 02:00:00,0.32583333333333336,0.07843333333333334,244.18966666666665,1.3599999999999999,0.0,0.0,39.0,2,0,0,31,36
2026-08-31 03:00:00,0.3891,0.17506666666666665,245.13416666666666,1.7066666666666666,0.0,70.0,40.0,3,0,0,31,36
2026-08-31 04:00:00,0.3891666666666667,0.1793,245.43566666666666,1.71,0.0,61.0,40.0,4,0,0,31,36
2026-08-31 05:00:00,0.6790666666666667,0.11176666666666667,241.06833333333333,2.8333333333333335,0.0,0.0,158.0,5,0,0,31,36
2026-08-31 06:00:00,0.9811,0.060533333333333335,240.2868333333333,4.036666666666666,0.0,0.0,39.0,6,0,0,31,36
2026-08-31 07:00:00,1.2302,0.05016666666666667,237.5445,5.153333333333333,0.0,1.0,768.0,7,0,0,31,36
2026-08-31 08:00:00,1.6190333333333333,0.2253,239.84166666666667,6.793333333333334,0.0,74.0,38.0,8,0,0,31,36
2026-08-31 09:00:00,3.1431666666666667,0.1615,240.26850000000002,13.110000000000001,0.0,491.99999999999994,1091.0,9,0,0,31,36
2026-08-31 10:00:00,0.8998,0.05983333333333333,245.946,3.6633333333333336,0.0,32.0,68.0,10,0,0,31,36
2026-08-31 11:00:00,0.3670666666666667,0.066,249.1555,1.5266666666666666,0.0,0.0,42.0,11,0,0,31,36
2026-08-31 12:00:00,0.5018333333333334,0.18756666666666666,248.60600000000002,2.1633333333333336,0.0,41.0,165.0,12,0,0,31,36
2026-08-31 13:00:00,0.8423,0.18150000000000002,250.22316666666666,3.43,0.0,73.0,474.0,13,0,0,31,36
2026-08-31 14:00:00,0.5743666666666667,0.08170000000000001,250.32049999999998,2.35,0.0,13.0,270.0,14,0,0,31,36
2026-08-31 15:00:00,0.34276666666666666,0.07086666666666666,248.518,1.4400000000000002,0.0,0.0,41.0,15,0,0,31,36
2026-08-31 16:00:00,0.4557333333333334,0.11346666666666666,248.3065,1.9433333333333331,0.0,0.0,164.0,16,0,0,31,36
2026-08-31 17:00:00,0.3952666666666667,0.1536,248.4743333333333,1.7,0.0,69.0,41.0,17,0,0,31,36
2026-08-31 18:00:00,0.8127333333333333,0.14903333333333332,247.13483333333335,3.39,0.0,46.0,347.0,18,0,0,31,36
2026-08-31 19:00:00,2.2721999999999998,0.15893333333333332,242.47366666666667,9.453333333333335,0.0,0.0,1250.0,19,0,0,31,36
2026-08-31 20:00:00,4.4189,0.08063333333333333,239.04483333333334,18.503333333333334,476.0,2405.0,1088.0,20,0,0,31,36
2026-08-31 21:00:00,2.2490333333333337,0.23916666666666667,239.05983333333333,9.44,460.0,248.00000000000003,1211.0,21,0,0,31,36
2026-08-31 22:00:00,3.626633333333333,0.368,238.01283333333333,15.379999999999999,84.0,1954.0000000000002,1079.0,22,0,0,31,36
2026-08-31 23:00:00,3.2412666666666667,0.2061,238.77516666666668,13.713333333333333,0.0,2016.0,869.0,23,0,0,31,36
2026-09-01 00:00:00,2.1015666666666664,0.2783333333333333,240.93483333333333,8.94,0.0,1529.0,169.0,0,1,0,1,36
2026-09-01 01:00:00,2.1523,0.18273333333333333,240.9195,9.08,0.0,1310.0,472.0,1,1,0,1,36
2026-09-01 02:00:00,0.8233,0.12046666666666667,241.93183333333334,3.45,0.0,79.0,387.0,2,1,0,1,36
2026-09-01 03:00:00,0.7059,0.12066666666666667,241.954,3.033333333333333,0.0,28.0,163.0,3,1,0,1,36
2026-09-01 04:00:00,0.44949999999999996,0.05363333333333333,244.6461666666667,1.8966666666666667,0.0,10.0,40.0,4,1,0,1,36
2026-09-01 05:00:00,0.6564666666666666,0.10590000000000001,241.77316666666667,2.756666666666667,0.0,47.0,39.0,5,1,0,1,36
2026-09-01 06:00:00,1.6958666666666666,0.2513666666666667,239.37866666666665,7.243333333333333,370.0,82.0,159.0,6,1,0,1,36
2026-09-01 07:00:00,4.053766666666666,0.3072666666666667,236.2421666666667,17.540000000000003,649.0,1073.0,592.0,7,1,0,1,36
2026-09-01 08:00:00,4.462599999999999,0.15226666666666666,236.73933333333335,19.023333333333333,2402.0,33.0,151.0,8,1,0,1,36
2026-09-01 09:00:00,3.097166666666667,0.27786666666666665,240.8875,13.093333333333334,1218.0,21.0,161.0,9,1,0,1,36
2026-09-01 10:00:00,2.0152666666666668,0.19403333333333334,243.41483333333332,8.273333333333333,370.0,73.0,718.0,10,1,0,1,36
2026-09-01 11:00:00,0.6390333333333333,0.17220000000000002,247.88183333333333,2.67,0.0,43.0,236.0,11,1,0,1,36
2026-09-01 12:00:00,0.4877666666666666,0.1383,248.50933333333333,2.0733333333333333,0.0,0.0,164.0,12,1,0,1,36
2026-09-01 13:00:00,0.34176666666666666,0.06596666666666667,248.26216666666667,1.4200000000000002,0.0,0.0,41.0,13,1,0,1,36
2026-09-01 14:00:00,0.3838666666666667,0.13213333333333332,248.95116666666667,1.6400000000000001,0.0,44.0,41.0,14,1,0,1,36
2026-09-01 15:00:00,0.4214333333333334,0.2,249.01933333333332,1.8133333333333332,0.0,71.0,41.0,15,1,0,1,36
2026-09-01 16:00:00,0.47933333333333333,0.1464,249.2421666666667,2.06,0.0,0.0,165.0,16,1,0,1,36
2026-09-01 17:00:00,0.34576666666666667,0.07123333333333333,248.93166666666667,1.4566666666666668,0.0,0.0,41.0,17,1,0,1,36
2026-09-01 18:00:00,0.7456,0.0819,245.417,3.1166666666666667,0.0,18.0,325.0,18,1,0,1,36
2026-09-01 19:00:00,2.7622,0.25116666666666665,241.57150000000001,11.446666666666665,0.0,71.0,1243.0,19,1,0,1,36
2026-09-01 20:00:00,1.8461333333333334,0.09256666666666667,241.89966666666666,7.696666666666667,0.0,167.0,1114.0,20,1,0,1,36
2026-09-01 21:00:00,1.5481,0.091,240.69983333333332,6.376666666666667,0.0,0.0,1227.0,21,1,0,1,36
2026-09-01 22:00:00,1.4172333333333333,0.0553,241.9385,5.8133333333333335,0.0,0.0,1114.0,22,1,0,1,36
2026-09-01 23:00:00,1.4705000000000001,0.14066666666666666,241.18033333333332,6.043333333333334,0.0,75.0,1107.0,23,1,0,1,36
2026-09-02 00:00:00,1.7144333333333333,0.1429,241.98966666666666,7.066666666666666,0.0,27.0,1235.0,0,2,0,2,36
2026-09-02 01:00:00,1.6337000000000002,0.1751,243.02216666666666,6.819999999999999,0.0,0.0,1123.0,1,2,0,2,36
2026-09-02 02:00:00,1.4995666666666667,0.13916666666666666,241.21466666666666,6.213333333333334,0.0,0.0,1108.0,2,2,0,2,36
2026-09-02 03:00:00,1.5889666666666666,0.1958,243.46933333333334,6.943333333333333,0.0,70.0,916.0,3,2,0,2,36
2026-09-02 04:00:00,0.8524666666666667,0.15903333333333333,243.82283333333334,4.363333333333333,0.0,69.0,40.0,4,2,0,2,36
2026-09-02 05:00:00,0.7742666666666668,0.10353333333333332,241.1525,3.1966666666666668,0.0,28.0,39.0,5,2,0,2,36
2026-09-02 06:00:00,1.1300999999999999,0.0438,238.90616666666668,4.696666666666667,0.0,0.0,38.0,6,2,0,2,36
2026-09-02 07:00:00,1.7654999999999998,0.17666666666666667,238.40416666666667,7.416666666666667,0.0,0.0,157.0,7,2,0,2,36
2026-09-02 08:00:00,2.204533333333333,0.10433333333333333,240.09216666666669,9.153333333333334,0.0,44.0,830.0,8,2,0,2,36
2026-09-02 09:00:00,1.8398666666666665,0.10600000000000001,243.47066666666666,7.556666666666667,0.0,70.0,297.0,9,2,0,2,36
2026-09-02 10:00:00,1.3280333333333334,0.14736666666666667,245.79100000000003,5.423333333333333,0.0,36.0,164.0,10,2,0,2,36
2026-09-02 11:00:00,0.35366666666666663,0.04796666666666667,243.64283333333333,1.4733333333333334,0.0,0.0,40.0,11,2,0,2,36
2026-09-02 12:00:00,0.3185,0.04573333333333333,240.9395,1.2933333333333332,0.0,0.0,38.0,12,2,0,2,36
2026-09-02 13:00:00,0.4849333333333333,0.15463333333333334,240.7785,2.1133333333333333,0.0,31.000000000000004,159.0,13,2,0,2,36
2026-09-02 14:00:00,1.0021333333333333,0.13833333333333334,239.58316666666667,4.216666666666667,0.0,70.0,652.0,14,2,0,2,36
2026-09-02 15:00:00,0.3465,0.08883333333333333,241.98783333333333,1.4733333333333334,0.0,30.0,39.0,15,2,0,2,36
2026-09-02 16:00:00,0.33843333333333336,0.0699,243.24466666666666,1.48,0.0,0.0,39.0,16,2,0,2,36
2026-09-02 17:00:00,0.43973333333333336,0.09983333333333334,242.22466666666665,1.8833333333333333,0.0,0.0,158.0,17,2,0,2,36
2026-09-02 18:00:00,0.6567333333333334,0.10793333333333334,241.02550000000002,2.7800000000000002,0.0,43.0,292.0,18,2,0,2,36
2026-09-02 19:00:00,2.6104333333333334,0.19883333333333333,237.988,10.986666666666668,0.0,68.0,1204.0,19,2,0,2,36
2026-09-02 20:00:00,2.1137333333333332,0.07856666666666667,238.29916666666668,8.83,478.0,31.000000000000004,1081.0,20,2,0,2,36
2026-09-02 21:00:00,1.3696,0.0639,238.07366666666667,5.733333333333333,70.0,0.0,1000.0000000000001,21,2,0,2,36
2026-09-02 22:00:00,1.1997333333333333,0.2617333333333333,238.09516666666664,5.196666666666667,489.0,0.0,155.0,22,2,0,2,36
2026-09-02 23:00:00,2.4701333333333335,0.2577333333333333,234.5805,10.83,751.0,43.0,901.0,23,2,0,2,36
2026-09-03 00:00:00,1.9629666666666665,0.2838333333333333,236.01916666666665,8.35,3.0,68.0,1062.0,0,3,0,3,36
2026-09-03 01:00:00,1.1770333333333334,0.14343333333333333,238.52716666666666,5.02,0.0,27.0,411.0,1,3,0,3,36
2026-09-03 02:00:00,0.5483333333333333,0.12063333333333333,236.43133333333333,2.45,0.0,0.0,155.0,2,3,0,3,36
2026-09-03 03:00:00,1.8848999999999998,0.14326666666666668,235.01316666666668,8.06,0.0,0.0,621.0,3,3,0,3,36
2026-09-03 04:00:00,1.7088333333333334,0.16266666666666665,235.682,7.346666666666667,0.0,39.0,37.0,4,3,0,3,36
2026-09-03 05:00:00,1.5478333333333334,0.16153333333333333,233.69766666666666,6.663333333333333,0.0,68.0,155.0,5,3,0,3,36
2026-09-03 06:00:00,2.0902333333333334,0.10426666666666667,233.92533333333333,9.113333333333333,482.0,37.0,212.0,6,3,0,3,36
2026-09-03 07:00:00,1.8949333333333334,0.0904,237.13133333333332,7.98,178.0,0.0,603.0,7,3,0,3,36
2026-09-03 08:00:00,1.2521666666666667,0.07843333333333334,238.7976666666667,5.239999999999999,315.0,0.0,38.0,8,3,0,3,36
2026-09-03 09:00:00,1.1034333333333335,0.13423333333333334,240.2133333333333,4.64,489.0,28.0,158.0,9,3,0,3,36
2026-09-03 10:00:00,1.0556666666666668,0.1416,239.1565,4.446666666666667,0.0,70.0,595.0,10,3,0,3,36
2026-09-03 11:00:00,0.5132,0.10236666666666666,240.91033333333334,2.1566666666666667,0.0,27.0,38.0,11,3,0,3,36
2026-09-03 12:00:00,0.511,0.09766666666666665,241.0625,2.1533333333333333,0.0,0.0,158.0,12,3,0,3,36
2026-09-03 13:00:00,0.3605,0.06416666666666666,242.59766666666667,1.5,0.0,0.0,39.0,13,3,0,3,36
2026-09-03 14:00:00,0.37623333333333336,0.11423333333333334,243.88883333333334,1.6099999999999999,0.0,42.0,39.0,14,3,0,3,36
2026-09-03 15:00:00,0.3991,0.16040000000000001,244.75433333333334,1.7266666666666666,0.0,70.0,40.0,15,3,0,3,36
2026-09-03 16:00:00,0.4824,0.15350000000000003,244.85366666666667,2.0733333333333333,0.0,25.0,160.0,16,3,0,3,36
2026-09-03 17:00:00,0.32783333333333337,0.047433333333333334,244.219,1.4066666666666667,0.0,0.0,39.0,17,3,0,3,36
2026-09-03 18:00:00,0.33849999999999997,0.0616,243.35600000000002,1.4033333333333333,0.0,0.0,40.0,18,3,0,3,36
2026-09-03 19:00:00,1.0311,0.1007,241.66466666666665,4.3133333333333335,0.0,39.0,608.0,19,3,0,3,36
2026-09-03 20:00:00,0.6107666666666667,0.18896666666666664,242.0445,2.643333333333333,0.0,69.0,157.0,20,3,0,3,36
2026-09-03 21:00:00,1.5049666666666668,0.12093333333333334,238.71783333333332,6.383333333333334,0.0,38.0,514.0,21,3,0,3,36
2026-09-03 22:00:00,1.7558333333333331,0.08893333333333334,233.45816666666667,7.466666666666667,0.0,0.0,1040.0,22,3,0,3,36
2026-09-03 23:00:00,2.0469333333333335,0.0596,231.49383333333333,8.766666666666667,0.0,0.0,1022.0000000000001,23,3,0,3,36
2026-09-04 00:00:00,1.7646000000000002,0.12513333333333335,230.83149999999998,7.723333333333333,18.0,19.0,772.0,0,4,0,4,36
2026-09-04 01:00:00,1.2351333333333334,0.1595,237.76833333333335,5.296666666666667,489.99999999999994,71.0,37.0,1,4,0,4,36
2026-09-04 02:00:00,1.4556,0.13033333333333333,238.03116666666668,6.153333333333333,518.0,21.0,38.0,2,4,0,4,36
2026-09-04 03:00:00,1.7619,0.21363333333333331,238.91033333333334,7.536666666666666,0.0,0.0,437.0,3,4,0,4,36
2026-09-04 04:00:00,1.2386000000000001,0.09556666666666666,237.78900000000002,5.25,0.0,0.0,459.0,4,4,0,4,36
2026-09-04 05:00:00,1.2321333333333333,0.1156,233.35716666666667,5.283333333333333,0.0,49.0,36.0,5,4,0,4,36
2026-09-04 06:00:00,1.9365999999999999,0.16073333333333334,230.7485,8.423333333333334,0.0,49.0,36.0,6,4,0,4,36
2026-09-04 07:00:00,1.9461000000000002,0.11673333333333333,231.93733333333333,8.406666666666666,0.0,0.0,396.0,7,4,0,4,36
2026-09-04 08:00:00,2.108233333333333,0.05486666666666666,233.4485,9.01,0.0,0.0,645.0,8,4,0,4,36
2026-09-04 09:00:00,1.7344333333333333,0.16603333333333334,236.09716666666665,7.346666666666667,0.0,28.0,154.0,9,4,0,4,36
2026-09-04 10:00:00,1.2988333333333335,0.19713333333333333,239.6725,5.45,0.0,70.0,38.0,10,4,0,4,36
2026-09-04 11:00:00,0.43960000000000005,0.12286666666666667,241.77316666666667,1.8566666666666665,0.0,31.000000000000004,39.0,11,4,0,4,36
2026-09-04 12:00:00,0.3135,0.04633333333333333,241.80783333333332,1.27,0.0,0.0,39.0,12,4,0,4,36
2026-09-04 13:00:00,0.40163333333333334,0.08476666666666667,241.42283333333336,1.6700000000000002,0.0,0.0,125.00000000000001,13,4,0,4,36
2026-09-04 14:00:00,0.376,0.10326666666666666,239.9325,1.5966666666666667,0.0,32.0,67.0,14,4,0,4,36
2026-09-04 15:00:00,1.0100666666666667,0.13683333333333333,240.68966666666665,4.23,0.0,69.0,669.0,15,4,0,4,36
2026-09-04 16:00:00,0.3308,0.07719999999999999,242.10583333333335,1.3833333333333333,0.0,18.0,39.0,16,4,0,4,36
2026-09-04 17:00:00,0.3314333333333333,0.0701,244.05066666666667,1.3833333333333333,0.0,0.0,39.0,17,4,0,4,36
2026-09-04 18:00:00,0.9282,0.06476666666666667,241.30316666666667,3.9266666666666667,0.0,0.0,328.0,18,4,0,4,36
2026-09-04 19:00:00,2.6106666666666665,0.15946666666666667,236.30166666666668,11.026666666666667,0.0,42.0,1141.0,19,4,0,4,36
2026-09-04 20:00:00,1.7462000000000002,0.06936666666666666,232.91416666666666,7.48,0.0,67.0,1035.0,20,4,0,4,36
2026-09-04 21:00:00,1.488,0.11063333333333333,232.0271666666667,6.426666666666667,0.0,5.0,1144.0,21,4,0,4,36
2026-09-04 22:00:00,1.3425666666666667,0.0585,232.8175,5.746666666666667,0.0,0.0,1034.0,22,4,0,4,36
2026-09-04 23:00:00,1.3471333333333333,0.039766666666666665,233.09183333333334,5.743333333333334,0.0,0.0,1036.0,23,4,0,4,36
2026-09-05 00:00:00,1.5107333333333335,0.12663333333333332,234.69016666666667,6.47,0.0,53.0,1051.0,0,5,1,5,36
2026-09-05 01:00:00,2.0889333333333333,0.1792,236.201,8.853333333333333,493.0,67.0,1177.0,1,5,1,5,36
2026-09-05 02:00:00,1.2387000000000001,0.0892,236.16866666666667,5.21,69.0,27.0,794.0,2,5,1,5,36
2026-09-05 03:00:00,0.9437333333333334,0.06983333333333334,238.55266666666665,4.023333333333333,525.0,0.0,37.0,3,5,1,5,36
2026-09-05 04:00:00,0.4469666666666667,0.07713333333333333,239.053,1.8966666666666667,0.0,0.0,38.0,4,5,1,5,36
2026-09-05 05:00:00,0.6663333333333334,0.03686666666666667,237.9505,2.796666666666667,0.0,2.0,37.0,5,5,1,5,36
2026-09-05 06:00:00,1.5786000000000002,0.19176666666666667,234.3273333333333,6.75,0.0,73.0,44.0,6,5,1,5,36
2026-09-05 07:00:00,2.1504333333333334,0.22863333333333333,234.215,9.229999999999999,0.0,65.0,307.0,7,5,1,5,36
2026-09-05 08:00:00,2.5562666666666667,0.09023333333333333,235.84416666666667,10.81,0.0,0.0,1060.0,8,5,1,5,36
2026-09-05 09:00:00,2.6497333333333333,0.08003333333333335,237.51733333333334,11.096666666666666,0.0,0.0,1075.0,9,5,1,5,36
2026-09-05 10:00:00,1.8272333333333333,0.07286666666666666,240.67299999999997,7.6,0.0,0.0,567.0,10,5,1,5,36
2026-09-05 11:00:00,0.5418000000000001,0.1642,242.17583333333332,2.3366666666666664,0.0,35.0,155.0,11,5,1,5,36
2026-09-05 12:00:00,0.3769,0.1381,241.94466666666668,1.65,0.0,70.0,39.0,12,5,1,5,36
2026-09-05 13:00:00,0.3479,0.103,239.79066666666668,1.4866666666666668,0.0,32.0,38.0,13,5,1,5,36
2026-09-05 14:00:00,0.31756666666666666,0.0449,241.16083333333333,1.2966666666666666,0.0,0.0,38.0,14,5,1,5,36
2026-09-05 15:00:00,0.3158666666666667,0.04443333333333333,242.1185,1.2966666666666666,0.0,0.0,39.0,15,5,1,5,36
2026-09-05 16:00:00,0.31166666666666665,0.0471,242.38516666666666,1.3033333333333335,0.0,0.0,39.0,16,5,1,5,36
2026-09-05 17:00:00,0.39126666666666665,0.1485,241.90183333333334,1.72,0.0,69.0,38.0,17,5,1,5,36
2026-09-05 18:00:00,1.6284999999999998,0.20923333333333333,240.93766666666667,6.866666666666666,0.0,67.0,945.0,18,5,1,5,36
2026-09-05 19:00:00,1.9789666666666668,0.07560000000000001,239.03133333333332,8.233333333333333,0.0,0.0,1088.0,19,5,1,5,36
2026-09-05 20:00:00,1.9015333333333333,0.18883333333333333,238.20983333333334,8.07,0.0,0.0,1082.0,20,5,1,5,36
2026-09-05 21:00:00,1.7798333333333334,0.09913333333333332,235.93583333333333,7.503333333333333,0.0,0.0,1057.0,21,5,1,5,36
2026-09-05 22:00:00,1.0868333333333333,0.14720000000000003,236.02683333333334,4.696666666666667,0.0,40.0,37.0,22,5,1,5,36
2026-09-05 23:00:00,1.5032,0.1482,235.09133333333332,6.4399999999999995,22.0,68.0,791.0,23,5,1,5,36
2026-09-06 00:00:00,1.3461333333333334,0.06506666666666666,237.03166666666667,5.703333333333333,515.0,9.0,480.0,0,6,1,6,36
2026-09-06 01:00:00,0.9226,0.04856666666666667,236.93833333333333,3.9133333333333336,510.0,0.0,37.0,1,6,1,6,36
2026-09-06 02:00:00,0.5484333333333333,0.08733333333333333,237.46883333333332,2.3333333333333335,0.0,0.0,153.0,2,6,1,6,36
2026-09-06 03:00:00,0.4860666666666667,0.1113,238.57383333333334,2.0766666666666667,0.0,45.0,38.0,3,6,1,6,36
2026-09-06 04:00:00,0.6602,0.11926666666666666,237.085,2.8400000000000003,0.0,68.0,37.0,4,6,1,6,36
2026-09-06 05:00:00,2.2828,0.09226666666666666,231.77783333333335,9.85,0.0,5.0,758.0,5,6,1,6,36
2026-09-06 06:00:00,2.809833333333333,0.08443333333333333,230.42166666666665,12.2,0.0,0.0,1013.9999999999999,6,6,1,6,36
2026-09-06 07:00:00,2.416,0.1206,232.843,10.333333333333334,0.0,0.0,1148.0,7,6,1,6,36
2026-09-06 08:00:00,3.7867,0.1575666666666667,233.1635,16.493333333333332,909.0,52.0,1037.0,8,6,1,6,36
2026-09-06 09:00:00,2.9360666666666666,0.13976666666666665,233.90416666666667,12.553333333333335,141.0,58.0,1044.0,9,6,1,6,36
2026-09-06 10:00:00,2.340733333333333,0.0767,239.2455,9.753333333333334,0.0,0.0,1090.0,10,6,1,6,36
2026-09-06 11:00:00,1.2260333333333333,0.08073333333333334,243.92633333333333,5.05,0.0,0.0,433.0,11,6,1,6,36
2026-09-06 12:00:00,0.7873333333333333,0.10139999999999999,241.68566666666666,3.29,0.0,0.0,158.0,12,6,1,6,36
2026-09-06 13:00:00,0.4217,0.16893333333333332,240.00016666666667,1.91,0.0,71.0,38.0,13,6,1,6,36
2026-09-06 14:00:00,0.32753333333333334,0.07806666666666667,240.9795,1.38,0.0,34.0,39.0,14,6,1,6,36
2026-09-06 15:00:00,0.3299333333333333,0.07063333333333334,242.094,1.3766666666666665,0.0,0.0,38.0,15,6,1,6,36
2026-09-06 16:00:00,0.30846666666666667,0.042466666666666666,241.63383333333334,1.27,0.0,0.0,39.0,16,6,1,6,36
2026-09-06 17:00:00,0.3451666666666667,0.0863,242.03116666666668,1.4400000000000002,0.0,22.0,39.0,17,6,1,6,36
2026-09-06 18:00:00,0.7614333333333333,0.1744,240.24633333333335,3.256666666666667,0.0,69.0,379.0,18,6,1,6,36
2026-09-06 19:00:00,2.8744333333333336,0.0735,236.97033333333331,12.146666666666667,0.0,0.0,1120.0,19,6,1,6,36
2026-09-06 20:00:00,2.3632333333333335,0.1164,236.45133333333334,10.03,479.0,175.0,1184.0,20,6,1,6,36
2026-09-06 21:00:00,1.7861,0.05146666666666667,234.51450000000003,7.583333333333333,312.0,139.0,1049.0,21,6,1,6,36
2026-09-06 22:00:00,3.372,0.3011,233.86499999999998,14.573333333333332,235.0,1589.0,1043.0,22,6,1,6,36
2026-09-06 23:00:00,3.2857333333333334,0.1522,233.60266666666666,14.15,0.0,1902.0,1041.0,23,6,1,6,36
2026-09-07 00:00:00,1.4770333333333334,0.12903333333333333,236.8285,6.216666666666667,0.0,67.0,1068.0,0,0,0,7,37
2026-09-07 01:00:00,2.4002333333333334,0.032633333333333334,237.55783333333332,10.116666666666667,0.0,927.0,1076.0,1,0,0,7,37
2026-09-07 02:00:00,2.0136666666666665,0.06653333333333333,238.236,8.43,0.0,587.0,1131.0,2,0,0,7,37
2026-09-07 03:00:00,1.5725666666666667,0.1324,241.00983333333335,6.5,0.0,78.0,1172.0,3,0,0,7,37
2026-09-07 04:00:00,1.5676666666666668,0.11903333333333334,242.00583333333333,6.416666666666667,0.0,79.0,1115.0,4,0,0,7,37
2026-09-07 05:00:00,1.308,0.03693333333333334,237.37150000000003,5.496666666666667,0.0,12.0,376.0,5,0,0,7,37
2026-09-07 06:00:00,1.7590333333333334,0.13916666666666666,236.53016666666664,7.416666666666667,0.0,9.0,37.0,6,0,0,7,37
2026-09-07 07:00:00,0.9631666666666666,0.09046666666666667,238.1101666666667,4.053333333333333,0.0,1.0,38.0,7,0,0,7,37
2026-09-07 08:00:00,0.39333333333333337,0.1445,240.34116666666665,1.72,0.0,71.0,38.0,8,0,0,7,37
2026-09-07 09:00:00,0.4352,0.12710000000000002,240.01600000000002,1.8633333333333333,0.0,26.0,127.0,9,0,0,7,37
2026-09-07 10:00:00,0.38683333333333336,0.05973333333333333,242.71283333333335,1.62,0.0,0.0,66.0,10,0,0,7,37
2026-09-07 11:00:00,1.2024333333333332,0.06346666666666666,243.24016666666665,4.9433333333333325,0.0,0.0,897.0,11,0,0,7,37
2026-09-07 12:00:00,0.5653333333333334,0.12776666666666667,243.2205,2.4066666666666667,0.0,51.0,39.0,12,0,0,7,37
2026-09-07 13:00:00,0.3524333333333333,0.1049,242.28433333333334,1.52,0.0,35.0,39.0,13,0,0,7,37
2026-09-07 14:00:00,0.3161,0.04606666666666667,243.3715,1.2766666666666666,0.0,0.0,39.0,14,0,0,7,37
2026-09-07 15:00:00,0.34573333333333334,0.046266666666666664,245.29266666666666,1.4133333333333333,0.0,0.0,41.0,15,0,0,7,37
2026-09-07 16:00:00,0.3668666666666667,0.1182,244.96866666666668,1.5533333333333335,0.0,43.0,39.0,16,0,0,7,37
2026-09-07 17:00:00,0.3636666666666667,0.12353333333333333,243.873,1.5599999999999998,0.0,52.0,40.0,17,0,0,7,37
2026-09-07 18:00:00,1.1501666666666668,0.061200000000000004,241.90283333333335,4.683333333333334,0.0,0.0,868.0,18,0,0,7,37
2026-09-07 19:00:00,0.6459333333333334,0.10526666666666666,241.8435,2.7733333333333334,0.0,0.0,154.0,19,0,0,7,37
2026-09-07 20:00:00,0.8163,0.10876666666666666,241.35966666666667,3.4033333333333333,0.0,15.0,39.0,20,0,0,7,37
2026-09-07 21:00:00,1.1073333333333333,0.15289999999999998,237.42116666666666,4.66,0.0,72.0,38.0,21,0,0,7,37
2026-09-07 22:00:00,1.4271666666666667,0.0931,236.68933333333334,6.02,9.0,3.0,554.0,22,0,0,7,37
2026-09-07 23:00:00,2.6264333333333334,0.15936666666666666,234.68566666666666,11.283333333333333,876.0,20.0,979.9999999999999,23,0,0,7,37
2026-09-08 00:00:00,1.8741333333333332,0.08546666666666666,236.90966666666665,8.4,986.0,378.0,0.0,0,1,0,8,37
2026-09-08 01:00:00,1.2342000000000002,0.14183333333333334,237.4205,5.326666666666667,380.0,68.0,298.0,1,1,0,8,37
2026-09-08 02:00:00,1.7211666666666665,0.04763333333333333,235.22033333333331,7.343333333333334,231.0,19.0,529.0,2,1,0,8,37
2026-09-08 03:00:00,2.8895,0.10393333333333334,236.03983333333332,12.313333333333333,400.0,1175.0,0.0,3,1,0,8,37
2026-09-08 04:00:00,2.7048,0.17586666666666667,236.26783333333333,11.46,542.0,47.0,575.0,4,1,0,8,37
2026-09-08 05:00:00,2.3609,0.0869,232.32083333333333,10.123333333333333,0.0,81.0,994.9999999999999,5,1,0,8,37
2026-09-08 06:00:00,1.5769333333333333,0.09143333333333332,232.37033333333332,6.760000000000001,0.0,36.0,205.0,6,1,0,8,37
2026-09-08 07:00:00,1.6116333333333335,0.17746666666666666,232.71783333333332,6.983333333333333,0.0,8.0,173.0,7,1,0,8,37
2026-09-08 08:00:00,1.8592666666666666,0.08046666666666667,233.8955,7.923333333333333,0.0,0.0,614.0,8,1,0,8,37
2026-09-08 09:00:00,0.8788,0.07333333333333332,236.93283333333332,3.703333333333333,0.0,38.0,0.0,9,1,0,8,37
2026-09-08 10:00:00,0.4840666666666667,0.16296666666666668,241.595,2.06,0.0,70.0,0.0,10,1,0,8,37
2026-09-08 11:00:00,0.28099999999999997,0.06183333333333333,240.88566666666665,1.1833333333333333,0.0,5.0,0.0,11,1,0,8,37
2026-09-08 12:00:00,0.881,0.09376666666666668,242.7345,3.6533333333333338,0.0,0.0,551.0,12,1,0,8,37
2026-09-08 13:00:00,0.2672666666666667,0.07593333333333334,243.89666666666665,1.1866666666666668,0.0,0.0,0.0,13,1,0,8,37
2026-09-08 14:00:00,0.35063333333333335,0.13776666666666668,244.46416666666667,1.51,0.0,56.0,0.0,14,1,0,8,37
2026-09-08 15:00:00,0.3204,0.10743333333333333,245.47516666666667,1.3666666666666667,0.0,44.0,0.0,15,1,0,8,37
2026-09-08 16:00:00,0.2792,0.06373333333333334,244.78983333333332,1.19,0.0,0.0,0.0,16,1,0,8,37
2026-09-08 17:00:00,0.2896,0.058300000000000005,243.501,1.2366666666666668,0.0,0.0,0.0,17,1,0,8,37
2026-09-08 18:00:00,0.6563666666666667,0.05223333333333333,241.7765,2.75,0.0,18.0,258.0,18,1,0,8,37
2026-09-08 19:00:00,2.694,0.14953333333333332,238.22766666666666,11.303333333333335,0.0,71.0,1045.0,19,1,0,8,37
2026-09-08 20:00:00,2.3759,0.07403333333333334,238.9195,9.903333333333334,383.0,9.0,1050.0,20,1,0,8,37
2026-09-08 21:00:00,1.5554666666666668,0.0785,239.01933333333332,6.47,148.0,0.0,1051.0,21,1,0,8,37
2026-09-08 22:00:00,1.8644333333333334,0.08453333333333334,237.15466666666669,7.863333333333333,506.0,0.0,1035.0,22,1,0,8,37
2026-09-08 23:00:00,1.4117333333333335,0.08096666666666667,238.45333333333335,5.886666666666667,0.0,56.0,1047.0,23,1,0,8,37
2026-09-09 00:00:00,1.4349333333333334,0.1459,238.22316666666666,6.066666666666666,0.0,38.0,889.0,0,2,0,9,37
2026-09-09 01:00:00,0.8018333333333333,0.08739999999999999,238.11616666666666,3.4699999999999998,0.0,0.0,0.0,1,2,0,9,37
2026-09-09 02:00:00,1.3209333333333333,0.14966666666666667,237.83983333333333,5.6899999999999995,0.0,0.0,405.0,2,2,0,9,37
2026-09-09 03:00:00,1.7907666666666666,0.18803333333333333,236.11883333333333,7.946666666666667,0.0,31.000000000000004,870.0,3,2,0,9,37
2026-09-09 04:00:00,1.3616666666666668,0.26053333333333334,235.64066666666668,5.8966666666666665,0.0,69.0,114.0,4,2,0,9,37
2026-09-09 05:00:00,2.4560999999999997,0.1226,230.94033333333334,10.623333333333333,0.0,4.0,601.0,5,2,0,9,37
2026-09-09 06:00:00,2.280866666666667,0.09776666666666665,230.571,9.860000000000001,0.0,0.0,0.0,6,2,0,9,37
2026-09-09 07:00:00,2.391966666666667,0.1138,232.18383333333335,10.336666666666668,21.0,0.0,788.0,7,2,0,9,37
2026-09-09 08:00:00,1.7533333333333334,0.08483333333333333,234.00750000000002,7.5,483.00000000000006,66.0,604.0,8,2,0,9,37
2026-09-09 09:00:00,1.1149,0.0858,236.54366666666667,4.746666666666667,513.0,27.0,0.0,9,2,0,9,37
2026-09-09 10:00:00,0.32053333333333334,0.07623333333333333,240.14066666666668,1.3733333333333335,0.0,0.0,0.0,10,2,0,9,37
2026-09-09 11:00:00,0.6398666666666666,0.04976666666666666,243.37150000000003,2.606666666666667,0.0,0.0,0.0,11,2,0,9,37
2026-09-09 12:00:00,0.6910333333333334,0.09553333333333333,243.3865,2.856666666666667,0.0,50.0,27.0,12,2,0,9,37
2026-09-09 13:00:00,0.8481,0.09786666666666667,242.40983333333332,3.5,0.0,38.0,525.0,13,2,0,9,37
2026-09-09 14:00:00,0.3094,0.09423333333333334,244.13016666666667,1.3233333333333335,0.0,0.0,0.0,14,2,0,9,37
2026-09-09 15:00:00,0.28396666666666665,0.0582,245.17616666666666,1.1733333333333331,0.0,0.0,0.0,15,2,0,9,37
2026-09-09 16:00:00,0.3494333333333334,0.10353333333333332,245.49633333333335,1.4866666666666668,0.0,47.0,0.0,16,2,0,9,37
2026-09-09 17:00:00,0.37116666666666664,0.14753333333333335,244.64016666666666,1.5733333333333335,0.0,69.0,0.0,17,2,0,9,37
2026-09-09 18:00:00,0.5848,0.06960000000000001,243.632,2.4133333333333336,0.0,9.0,188.0,18,2,0,9,37
2026-09-09 19:00:00,2.1326,0.0706,239.83599999999998,8.889999999999999,0.0,0.0,1058.0,19,2,0,9,37
2026-09-09 20:00:00,1.4960333333333333,0.05803333333333334,240.9343333333333,6.176666666666667,0.0,0.0,1013.9999999999999,20,2,0,9,37
2026-09-09 21:00:00,0.7291666666666666,0.1233,238.62383333333335,3.0633333333333335,0.0,53.0,0.0,21,2,0,9,37
2026-09-09 22:00:00,0.4220333333333333,0.07830000000000001,236.3305,1.8299999999999998,0.0,56.0,0.0,22,2,0,9,37
2026-09-09 23:00:00,1.1491,0.08983333333333335,237.75283333333334,4.926666666666667,0.0,0.0,580.0,23,2,0,9,37
2026-09-10 00:00:00,1.1453,0.14049999999999999,238.65483333333336,4.85,18.0,0.0,197.0,0,3,0,10,37
2026-09-10 01:00:00,2.062,0.1105,237.80783333333332,8.626666666666667,0.0,4.0,1040.0,1,3,0,10,37
2026-09-10 02:00:00,2.097933333333333,0.4003,237.74766666666667,8.93,16.0,73.0,477.0,2,3,0,10,37
2026-09-10 03:00:00,2.1959666666666666,0.2518,237.27133333333333,9.353333333333333,475.0,38.0,524.0,3,3,0,10,37
2026-09-10 04:00:00,3.2211333333333334,0.16853333333333334,237.14833333333334,13.573333333333332,542.0,0.0,1035.0,4,3,0,10,37
2026-09-10 05:00:00,2.7615666666666665,0.01896666666666667,232.86366666666666,11.83,0.0,0.0,1000.0000000000001,5,3,0,10,37
2026-09-10 06:00:00,1.7152999999999998,0.03153333333333333,234.806,7.236666666666666,0.0,22.0,1015.0000000000001,6,3,0,10,37
2026-09-10 07:00:00,2.292333333333333,0.19613333333333335,234.6281666666667,9.796666666666665,0.0,70.0,1013.9999999999999,7,3,0,10,37
2026-09-10 08:00:00,1.7131666666666665,0.06126666666666667,236.89683333333332,7.176666666666667,0.0,23.0,1033.0,8,3,0,10,37
2026-09-10 09:00:00,1.7058,0.06863333333333334,237.957,7.1066666666666665,0.0,0.0,1042.0,9,3,0,10,37
2026-09-10 10:00:00,1.6986333333333334,0.077,237.01283333333333,7.126666666666667,0.0,0.0,1034.0,10,3,0,10,37
2026-09-10 11:00:00,1.7436,0.09126666666666666,238.84266666666664,7.25,0.0,37.0,1050.0,11,3,0,10,37
2026-09-10 12:00:00,1.845,0.1032,240.09783333333334,7.6466666666666665,0.0,69.0,1060.0,12,3,0,10,37
2026-09-10 13:00:00,1.5677333333333332,0.1222,240.48966666666666,6.466666666666667,0.0,13.0,1064.0,13,3,0,10,37
2026-09-10 14:00:00,1.0019666666666667,0.09673333333333334,242.53416666666666,4.08,0.0,0.0,512.0,14,3,0,10,37
2026-09-10 15:00:00,0.5980666666666666,0.08656666666666667,243.78166666666667,2.4433333333333334,0.0,0.0,0.0,15,3,0,10,37
2026-09-10 16:00:00,0.3370666666666667,0.12526666666666667,244.82316666666665,1.4466666666666665,0.0,47.0,0.0,16,3,0,10,37
2026-09-10 17:00:00,0.3650333333333334,0.14893333333333333,244.76016666666666,1.5566666666666669,0.0,54.0,0.0,17,3,0,10,37
2026-09-10 18:00:00,0.2871666666666667,0.05406666666666667,243.48916666666668,1.19,0.0,0.0,0.0,18,3,0,10,37
2026-09-10 19:00:00,0.3058666666666667,0.07586666666666667,242.64816666666667,1.3166666666666667,0.0,0.0,0.0,19,3,0,10,37
2026-09-10 20:00:00,0.5280333333333334,0.11763333333333333,242.11700000000002,2.3133333333333335,0.0,17.0,0.0,20,3,0,10,37
2026-09-10 21:00:00,1.1209333333333333,0.13176666666666667,240.52483333333333,4.680000000000001,0.0,71.0,408.0,21,3,0,10,37
2026-09-10 22:00:00,1.1384666666666667,0.08233333333333334,237.97,4.713333333333334,0.0,16.0,730.0,22,3,0,10,37
2026-09-10 23:00:00,1.027,0.09713333333333334,237.35616666666667,4.59,526.0,0.0,0.0,23,3,0,10,37
2026-09-11 00:00:00,1.3779666666666666,0.17103333333333334,237.61083333333332,6.576666666666667,783.0,0.0,0.0,0,4,0,11,37
2026-09-11 01:00:00,1.2797666666666667,0.25323333333333337,236.33516666666668,5.493333333333334,2.0,57.0,436.0,1,4,0,11,37
2026-09-11 02:00:00,1.4889666666666665,0.2725666666666667,235.99466666666666,6.42,0.0,35.0,669.0,2,4,0,11,37
2026-09-11 03:00:00,4.1565666666666665,0.23706666666666668,234.8875,17.94333333333333,2451.0,0.0,481.00000000000006,3,4,0,11,37
2026-09-11 04:00:00,2.8365333333333336,0.20913333333333334,236.81866666666667,12.06,539.0,0.0,1032.0,4,4,0,11,37
2026-09-11 05:00:00,2.359366666666667,0.25716666666666665,233.90566666666666,10.053333333333335,4.0,44.0,1007.0000000000001,5,4,0,11,37
2026-09-11 06:00:00,2.384533333333333,0.2469,234.01333333333332,10.153333333333334,0.0,42.0,698.0,6,4,0,11,37
2026-09-11 07:00:00,1.4889333333333332,0.1593,235.49283333333332,6.323333333333333,0.0,0.0,0.0,7,4,0,11,37
2026-09-11 08:00:00,2.6314333333333333,0.0344,236.16833333333335,11.156666666666666,499.0,0.0,317.0,8,4,0,11,37
2026-09-11 09:00:00,2.5521666666666665,0.12123333333333333,237.07833333333335,10.746666666666666,540.0,42.0,344.0,9,4,0,11,37
2026-09-11 10:00:00,0.9064666666666666,0.12376666666666666,240.15383333333332,3.7766666666666664,0.0,42.0,0.0,10,4,0,11,37
2026-09-11 11:00:00,0.38816666666666666,0.06739999999999999,243.66400000000002,1.63,0.0,0.0,0.0,11,4,0,11,37
2026-09-11 12:00:00,0.28103333333333336,0.06573333333333334,242.88816666666665,1.2133333333333334,0.0,0.0,0.0,12,4,0,11,37
2026-09-11 13:00:00,0.34606666666666663,0.12263333333333333,244.168,1.48,0.0,46.0,0.0,13,4,0,11,37
2026-09-11 14:00:00,0.3284666666666667,0.1121,244.87,1.3866666666666667,0.0,35.0,0.0,14,4,0,11,37
2026-09-11 15:00:00,0.5818666666666666,0.059166666666666666,245.93933333333334,2.4099999999999997,0.0,0.0,301.0,15,4,0,11,37
2026-09-11 16:00:00,0.6005,0.057300000000000004,244.95416666666668,2.46,0.0,0.0,301.0,16,4,0,11,37
2026-09-11 17:00:00,0.3533,0.13403333333333334,243.62266666666667,1.53,0.0,57.0,0.0,17,4,0,11,37
2026-09-11 18:00:00,0.8714999999999999,0.08163333333333332,243.70850000000002,3.6633333333333336,0.0,24.0,282.0,18,4,0,11,37
2026-09-11 19:00:00,2.627533333333333,0.06709999999999999,237.63783333333333,11.086666666666668,0.0,374.0,1040.0,19,4,0,11,37
2026-09-11 20:00:00,1.5821,0.0846,236.25483333333335,6.673333333333333,0.0,58.0,1027.0,20,4,0,11,37
2026-09-11 21:00:00,1.3828,0.08373333333333334,235.07966666666667,5.81,0.0,70.0,1017.9999999999999,21,4,0,11,37
2026-09-11 22:00:00,1.3088666666666666,0.071,235.08383333333333,5.466666666666667,0.0,8.0,1017.0,22,4,0,11,37
2026-09-11 23:00:00,1.3804,0.1049,234.48083333333335,5.83,0.0,16.0,1013.0,23,4,0,11,37
2026-09-12 00:00:00,3.321066666666667,0.1609,234.90483333333336,14.273333333333333,0.0,1777.0,1016.0,0,5,1,12,37
2026-09-12 01:00:00,2.809266666666667,0.1177,237.1865,11.889999999999999,0.0,1445.0,981.0000000000001,1,5,1,12,37
2026-09-12 02:00:00,0.4295333333333333,0.11736666666666666,238.68266666666665,1.8900000000000001,0.0,62.00000000000001,0.0,2,5,1,12,37
2026-09-12 03:00:00,0.3873,0.08096666666666666,239.30566666666667,1.6700000000000002,0.0,34.0,0.0,3,5,1,12,37
2026-09-12 04:00:00,0.5152333333333333,0.060566666666666664,238.24200000000002,2.1933333333333334,0.0,9.0,0.0,4,5,1,12,37
2026-09-12 05:00:00,0.8739333333333333,0.05726666666666667,237.7241666666667,3.71,0.0,38.0,0.0,5,5,1,12,37
2026-09-12 06:00:00,1.3073333333333332,0.09733333333333333,236.19716666666667,5.536666666666666,0.0,76.0,0.0,6,5,1,12,37
2026-09-12 07:00:00,1.5779333333333334,0.09526666666666667,238.13533333333334,6.663333333333333,0.0,17.0,60.0,7,5,1,12,37
2026-09-12 08:00:00,2.9928000000000003,0.09623333333333334,238.77233333333334,12.523333333333333,498.00000000000006,0.0,862.0,8,5,1,12,37
2026-09-12 09:00:00,1.5087666666666666,0.039266666666666665,238.09483333333336,6.340000000000001,220.0,0.0,0.0,9,5,1,12,37
2026-09-12 10:00:00,1.2497,0.06386666666666667,240.75566666666666,5.203333333333333,357.0,67.0,0.0,10,5,1,12,37
2026-09-12 11:00:00,0.5057333333333334,0.08126666666666667,242.49283333333332,2.1133333333333333,0.0,9.0,0.0,11,5,1,12,37
2026-09-12 12:00:00,0.32380000000000003,0.07123333333333333,242.74650000000003,1.3666666666666667,0.0,0.0,0.0,12,5,1,12,37
2026-09-12 13:00:00,0.2922666666666667,0.07643333333333334,242.34949999999998,1.2433333333333332,0.0,19.0,0.0,13,5,1,12,37
2026-09-12 14:00:00,1.0268333333333333,0.12416666666666668,242.69283333333334,4.236666666666666,0.0,54.0,682.0,14,5,1,12,37
2026-09-12 15:00:00,0.30073333333333335,0.06256666666666667,244.33283333333333,1.2666666666666666,0.0,0.0,0.0,15,5,1,12,37
2026-09-12 16:00:00,0.27913333333333334,0.04636666666666667,245.08033333333333,1.1833333333333333,0.0,0.0,0.0,16,5,1,12,37
2026-09-12 17:00:00,0.3375666666666667,0.11436666666666667,242.67000000000002,1.4266666666666665,0.0,50.0,0.0,17,5,1,12,37
2026-09-12 18:00:00,1.2221666666666666,0.10793333333333334,242.74266666666665,5.13,0.0,20.0,308.0,18,5,1,12,37
2026-09-12 19:00:00,2.455233333333333,0.0723,240.8975,10.18,0.0,0.0,1068.0,19,5,1,12,37
2026-09-12 20:00:00,1.6832333333333334,0.19463333333333335,240.612,7.166666666666667,0.0,11.0,1065.0,20,5,1,12,37
2026-09-12 21:00:00,1.5805,0.21466666666666667,239.82999999999998,6.66,0.0,71.0,1058.0,21,5,1,12,37
2026-09-12 22:00:00,1.4629666666666667,0.07556666666666666,241.44516666666667,6.003333333333333,0.0,0.0,1072.0,22,5,1,12,37
2026-09-12 23:00:00,0.9056666666666667,0.07103333333333332,241.77533333333335,3.7700000000000005,0.0,0.0,569.0,23,5,1,12,37
2026-09-13 00:00:00,0.3705333333333333,0.0914,241.013,1.5833333333333333,0.0,28.0,0.0,0,6,1,13,37
2026-09-13 01:00:00,0.36646666666666666,0.12596666666666667,241.4905,1.5799999999999998,0.0,60.0,0.0,1,6,1,13,37
2026-09-13 02:00:00,0.28203333333333336,0.07393333333333334,240.92733333333334,1.2033333333333334,0.0,0.0,0.0,2,6,1,13,37
2026-09-13 03:00:00,0.31460000000000005,0.09106666666666667,241.80416666666667,1.3366666666666667,0.0,0.0,0.0,3,6,1,13,37
2026-09-13 04:00:00,0.5390999999999999,0.08146666666666666,239.663,2.3333333333333335,0.0,31.000000000000004,0.0,4,6,1,13,37
2026-09-13 05:00:00,1.4056,0.08570000000000001,236.892,5.926666666666667,0.0,40.0,255.0,5,6,1,13,37
2026-09-13 06:00:00,2.062866666666667,0.0482,237.56533333333334,8.68,0.0,0.0,461.0,6,6,1,13,37
2026-09-13 07:00:00,1.9874,0.09146666666666665,239.72766666666666,8.286666666666667,0.0,0.0,0.0,7,6,1,13,37
2026-09-13 08:00:00,2.177233333333333,0.0745,239.61083333333332,9.09,0.0,60.0,372.0,8,6,1,13,37
2026-09-13 09:00:00,2.5300333333333334,0.08673333333333333,238.36483333333334,10.59,0.0,9.0,1039.0,9,6,1,13,37
2026-09-13 10:00:00,0.7507,0.0627,242.49383333333336,3.1933333333333334,0.0,0.0,0.0,10,6,1,13,37
2026-09-13 11:00:00,0.5058,0.08223333333333334,242.0155,2.25,0.0,25.0,0.0,11,6,1,13,37
2026-09-13 12:00:00,0.3677,0.1381,241.81966666666668,1.7466666666666666,0.0,61.0,0.0,12,6,1,13,37
2026-09-13 13:00:00,0.29406666666666664,0.0689,241.94516666666667,1.3866666666666667,0.0,0.0,0.0,13,6,1,13,37
2026-09-13 14:00:00,0.32846666666666663,0.09036666666666666,243.54666666666665,1.54,0.0,0.0,0.0,14,6,1,13,37
2026-09-13 15:00:00,0.32553333333333334,0.07963333333333332,245.52349999999998,1.5233333333333334,0.0,27.0,0.0,15,6,1,13,37
2026-09-13 16:00:00,0.5885,0.13333333333333333,245.31416666666667,2.5833333333333335,0.0,54.0,215.0,16,6,1,13,37
2026-09-13 17:00:00,0.7421666666666666,0.0587,245.00083333333333,3.143333333333333,0.0,0.0,426.0,17,6,1,13,37
2026-09-13 18:00:00,0.9257000000000001,0.0497,244.38016666666667,3.993333333333333,0.0,0.0,282.0,18,6,1,13,37
2026-09-13 19:00:00,2.7571333333333334,0.09383333333333334,240.9245,11.47,0.0,30.0,1068.0,19,6,1,13,37
2026-09-13 20:00:00,1.4536666666666667,0.08513333333333332,239.1155,6.043333333333334,0.0,47.0,1053.0,20,6,1,13,37
2026-09-13 21:00:00,1.3489333333333335,0.0508,239.31599999999997,5.58,0.0,0.0,1053.0,21,6,1,13,37
2026-09-13 22:00:00,1.3998333333333333,0.045533333333333335,242.33733333333333,5.733333333333333,0.0,0.0,1080.0,22,6,1,13,37
2026-09-13 23:00:00,1.4121,0.08816666666666667,241.72566666666665,5.79,0.0,36.0,1074.0,23,6,1,13,37
2026-09-14 00:00:00,1.5148000000000001,0.1265,240.57066666666665,6.276666666666667,0.0,52.0,1065.0,0,0,0,14,38
2026-09-14 01:00:00,0.6901666666666666,0.054799999999999995,241.90816666666666,2.89,0.0,0.0,355.0,1,0,0,14,38
2026-09-14 02:00:00,0.28030000000000005,0.06246666666666667,242.30416666666667,1.1866666666666668,0.0,0.0,0.0,2,0,0,14,38
2026-09-14 03:00:00,0.45990000000000003,0.1132,243.40716666666668,1.9400000000000002,0.0,24.0,0.0,3,0,0,14,38
2026-09-14 04:00:00,0.8000666666666666,0.11306666666666666,243.09433333333334,3.31,0.0,61.0,0.0,4,0,0,14,38
2026-09-14 05:00:00,1.0461,0.09040000000000001,238.79399999999998,4.363333333333333,0.0,0.0,0.0,5,0,0,14,38
2026-09-14 06:00:00,1.6297333333333335,0.07313333333333333,235.88250000000002,6.863333333333333,0.0,0.0,0.0,6,0,0,14,38
2026-09-14 07:00:00,2.3266666666666667,0.06916666666666667,237.756,9.793333333333333,296.0,17.0,602.0,7,0,0,14,38
2026-09-14 08:00:00,2.244666666666667,0.1844,237.64016666666666,9.5,308.0,63.0,642.0,8,0,0,14,38
2026-09-14 09:00:00,1.7382666666666668,0.09343333333333333,238.00816666666665,7.319999999999999,549.0,0.0,0.0,9,0,0,14,38
2026-09-14 10:00:00,1.0596,0.1612,241.3735,4.4,0.0,0.0,0.0,10,0,0,14,38
2026-09-14 11:00:00,0.6331333333333333,0.2413,243.16583333333335,2.7733333333333334,0.0,19.0,0.0,11,0,0,14,38
2026-09-14 12:00:00,0.4418666666666667,0.31056666666666666,242.59316666666666,2.2199999999999998,0.0,64.0,0.0,12,0,0,14,38
2026-09-14 13:00:00,0.39063333333333333,0.21559999999999999,242.28,1.77,0.0,0.0,0.0,13,0,0,14,38
2026-09-14 14:00:00,0.5135333333333334,0.20570000000000002,242.96,2.2633333333333336,0.0,0.0,127.0,14,0,0,14,38
2026-09-14 15:00:00,1.0192,0.211,241.63916666666668,4.333333333333333,0.0,16.0,628.0,15,0,0,14,38
2026-09-14 16:00:00,0.4596,0.33383333333333337,243.60883333333334,2.29,0.0,63.0,0.0,16,0,0,14,38
2026-09-14 17:00:00,0.38533333333333336,0.20759999999999998,243.88833333333332,1.74,0.0,0.0,0.0,17,0,0,14,38
2026-09-14 18:00:00,0.9687,0.19496666666666668,242.51066666666665,4.176666666666667,0.0,0.0,249.00000000000003,18,0,0,14,38
2026-09-14 19:00:00,2.6866666666666665,0.2716,240.13916666666668,11.223333333333333,0.0,17.0,1061.0,19,0,0,14,38
2026-09-14 20:00:00,1.5315,0.10273333333333333,241.81550000000001,6.283333333333333,0.0,59.0,1075.0,20,0,0,14,38
2026-09-14 21:00:00,1.3510666666666666,0.04936666666666667,241.557,5.53,0.0,0.0,1074.0,21,0,0,14,38
2026-09-14 22:00:00,1.3487333333333333,0.06626666666666667,239.46666666666667,5.553333333333333,0.0,0.0,1055.0,22,0,0,14,38
2026-09-14 23:00:00,1.3437666666666668,0.07533333333333334,239.657,5.536666666666666,0.0,24.0,1056.0,23,0,0,14,38
2026-09-15 00:00:00,1.5857999999999999,0.14176666666666668,240.30216666666666,6.63,0.0,55.0,1063.0,0,1,0,15,38
2026-09-15 01:00:00,0.9234666666666667,0.08733333333333333,240.24266666666665,3.9233333333333333,0.0,0.0,334.0,1,1,0,15,38
2026-09-15 02:00:00,0.41346666666666665,0.04506666666666667,241.27683333333334,1.73,0.0,0.0,0.0,2,1,0,15,38
2026-09-15 03:00:00,0.32563333333333333,0.07186666666666668,243.80483333333333,1.3766666666666665,0.0,27.0,0.0,3,1,0,15,38
2026-09-15 04:00:00,0.46526666666666666,0.12526666666666667,241.48916666666668,1.9733333333333334,0.0,54.0,0.0,4,1,0,15,38
2026-09-15 05:00:00,0.5778333333333333,0.04083333333333334,238.08166666666665,2.4133333333333336,0.0,0.0,0.0,5,1,0,15,38
2026-09-15 06:00:00,2.7284333333333333,0.1913,236.3046666666667,12.123333333333333,974.0,0.0,616.0,6,1,0,15,38
2026-09-15 07:00:00,2.5739333333333336,0.09963333333333332,238.26933333333332,10.806666666666667,155.0,28.0,1045.0,7,1,0,15,38
2026-09-15 08:00:00,2.1646666666666667,0.11643333333333333,238.72083333333333,9.116666666666667,460.0,52.0,66.0,8,1,0,15,38
2026-09-15 09:00:00,1.9349666666666667,0.0882,237.75283333333334,8.17,586.0,0.0,0.0,9,1,0,15,38
2026-09-15 10:00:00,0.9224333333333334,0.082,241.3635,3.8433333333333333,0.0,0.0,0.0,10,1,0,15,38
2026-09-15 11:00:00,0.47936666666666666,0.10233333333333333,244.678,2.02,0.0,30.0,0.0,11,1,0,15,38
2026-09-15 12:00:00,0.3419,0.10786666666666668,244.0881666666667,1.4366666666666668,0.0,51.0,0.0,12,1,0,15,38
2026-09-15 13:00:00,0.27706666666666663,0.05246666666666667,242.53483333333332,1.1833333333333333,0.0,0.0,0.0,13,1,0,15,38
2026-09-15 14:00:00,0.9548666666666666,0.05266666666666667,244.06866666666667,3.9233333333333333,0.0,0.0,673.0,14,1,0,15,38
2026-09-15 15:00:00,0.31470000000000004,0.0961,244.04983333333334,1.35,0.0,31.000000000000004,0.0,15,1,0,15,38
2026-09-15 16:00:00,0.3387333333333333,0.1241,244.45499999999998,1.4566666666666668,0.0,49.0,0.0,16,1,0,15,38
2026-09-15 17:00:00,0.26493333333333335,0.07513333333333333,243.595,1.16,0.0,0.0,0.0,17,1,0,15,38
2026-09-15 18:00:00,0.8500666666666666,0.08186666666666667,242.97966666666667,3.613333333333333,0.0,0.0,210.0,18,1,0,15,38
2026-09-15 19:00:00,2.2033,0.08539999999999999,240.44416666666666,9.120000000000001,0.0,30.0,1064.0,19,1,0,15,38
2026-09-15 20:00:00,1.4469666666666667,0.09586666666666667,241.079,5.956666666666666,0.0,47.0,1069.0,20,1,0,15,38
2026-09-15 21:00:00,1.3643666666666665,0.046566666666666666,242.60033333333334,5.5633333333333335,0.0,0.0,1082.0,21,1,0,15,38
2026-09-15 22:00:00,1.3499,0.05216666666666667,241.09650000000002,5.53,0.0,0.0,1070.0,22,1,0,15,38
2026-09-15 23:00:00,1.3954666666666666,0.08986666666666668,241.76899999999998,5.72,0.0,32.0,1075.0,23,1,0,15,38
2026-09-16 00:00:00,1.3907,0.1098,241.30316666666667,5.713333333333334,0.0,44.0,1071.0,0,2,0,16,38
2026-09-16 01:00:00,1.5944,0.09216666666666667,240.77349999999998,6.616666666666666,0.0,0.0,1066.0,1,2,0,16,38
2026-09-16 02:00:00,1.5211000000000001,0.18623333333333333,237.89849999999998,6.486666666666666,0.0,0.0,1042.0,2,2,0,16,38
2026-09-16 03:00:00,1.6228666666666667,0.1036,236.72816666666668,6.873333333333333,0.0,37.0,1032.0,3,2,0,16,38
2026-09-16 04:00:00,1.4697,0.0929,237.157,6.4766666666666675,0.0,39.0,593.0,4,2,0,16,38
2026-09-16 05:00:00,0.8242666666666667,0.03996666666666667,234.48916666666668,3.4433333333333334,0.0,0.0,0.0,5,2,0,16,38
2026-09-16 06:00:00,1.0184666666666666,0.025500000000000002,234.325,4.293333333333334,0.0,0.0,0.0,6,2,0,16,38
2026-09-16 07:00:00,1.2497666666666667,0.07593333333333334,234.02666666666667,5.3,0.0,43.0,0.0,7,2,0,16,38
2026-09-16 08:00:00,1.6652666666666667,0.15326666666666666,233.0665,7.196666666666667,0.0,36.0,0.0,8,2,0,16,38
2026-09-16 09:00:00,1.7783666666666667,0.030833333333333334,234.30133333333333,7.536666666666666,0.0,0.0,719.0,9,2,0,16,38
2026-09-16 10:00:00,0.6019666666666666,0.060899999999999996,239.49016666666665,2.5233333333333334,0.0,0.0,148.0,10,2,0,16,38
2026-09-16 11:00:00,0.3342,0.11763333333333333,244.80283333333333,1.41,0.0,44.0,0.0,11,2,0,16,38
2026-09-16 12:00:00,0.3169666666666667,0.10626666666666668,244.745,1.3933333333333333,0.0,38.0,0.0,12,2,0,16,38
2026-09-16 13:00:00,0.28490000000000004,0.05893333333333333,243.41649999999998,1.2233333333333332,0.0,0.0,0.0,13,2,0,16,38
2026-09-16 14:00:00,0.3567,0.06676666666666667,243.18566666666666,1.52,0.0,0.0,0.0,14,2,0,16,38
2026-09-16 15:00:00,0.31026666666666664,0.09346666666666666,243.39533333333333,1.3299999999999998,0.0,42.0,0.0,15,2,0,16,38
2026-09-16 16:00:00,0.3265333333333333,0.11973333333333333,244.97716666666665,1.4366666666666668,0.0,36.0,0.0,16,2,0,16,38
2026-09-16 17:00:00,0.8852666666666666,0.07666666666666666,243.7086666666667,3.6666666666666665,0.0,0.0,595.0,17,2,0,16,38
2026-09-16 18:00:00,0.7865666666666667,0.0514,245.69816666666665,3.243333333333333,0.0,0.0,414.0,18,2,0,16,38
2026-09-16 19:00:00,2.6342333333333334,0.11436666666666667,240.19183333333334,10.946666666666665,0.0,43.0,1062.0,19,2,0,16,38
2026-09-16 20:00:00,1.9728333333333334,0.11343333333333333,241.39283333333333,8.123333333333333,21.0,33.0,1071.0,20,2,0,16,38
2026-09-16 21:00:00,1.8750666666666664,0.0542,241.83416666666665,7.736666666666666,514.0,0.0,1076.0,21,2,0,16,38
2026-09-16 22:00:00,1.2921333333333334,0.15616666666666665,239.72166666666666,5.516666666666667,524.0,0.0,190.0,22,2,0,16,38
2026-09-16 23:00:00,2.691133333333333,0.19723333333333332,239.45166666666668,11.45,899.0,48.0,1016.0,23,2,0,16,38
2026-09-17 00:00:00,1.1306,0.14536666666666667,241.35983333333334,4.863333333333333,26.0,593.0,0.0,0,3,0,17,38
2026-09-17 01:00:00,1.2979999999999998,0.06446666666666666,240.1735,5.433333333333334,431.0,0.0,503.0,1,3,0,17,38
2026-09-17 02:00:00,1.0514333333333332,0.05263333333333333,240.84650000000002,4.406666666666666,506.99999999999994,0.0,136.0,2,3,0,17,38
2026-09-17 03:00:00,1.2581666666666667,0.10379999999999999,241.97066666666666,5.176666666666667,0.0,49.0,806.0,3,3,0,17,38
2026-09-17 04:00:00,1.5170333333333335,0.09703333333333333,239.217,6.283333333333333,0.0,38.0,1054.0,4,3,0,17,38
2026-09-17 05:00:00,1.7953000000000001,0.0661,236.31666666666666,7.543333333333333,0.0,0.0,1028.0,5,3,0,17,38
2026-09-17 06:00:00,5.626833333333334,0.19906666666666664,230.51433333333335,24.720000000000002,861.0,1789.0,979.9999999999999,6,3,0,17,38
2026-09-17 07:00:00,3.2597,0.3294333333333333,233.97016666666664,14.306666666666667,584.0,91.0,1008.0,7,3,0,17,38
2026-09-17 08:00:00,2.1171333333333333,0.0906,237.847,8.893333333333334,0.0,67.0,493.99999999999994,8,3,0,17,38
2026-09-17 09:00:00,1.7741,0.06093333333333333,237.61066666666665,7.433333333333334,0.0,10.0,0.0,9,3,0,17,38
2026-09-17 10:00:00,1.3264,0.09380000000000001,239.87166666666664,5.609999999999999,0.0,9.0,0.0,10,3,0,17,38
2026-09-17 11:00:00,0.7294666666666667,0.05093333333333334,243.18333333333334,3.08,0.0,61.0,0.0,11,3,0,17,38
2026-09-17 12:00:00,0.5199,0.05653333333333333,241.931,2.19,0.0,53.0,0.0,12,3,0,17,38
2026-09-17 13:00:00,0.2938,0.06923333333333333,241.75883333333334,1.2533333333333334,0.0,10.0,0.0,13,3,0,17,38
2026-09-17 14:00:00,0.8968,0.06306666666666667,243.36616666666666,3.716666666666667,0.0,1.0,612.0,14,3,0,17,38
2026-09-17 15:00:00,0.3299,0.11220000000000001,245.45683333333332,1.4033333333333333,0.0,39.0,0.0,15,3,0,17,38
2026-09-17 16:00:00,0.34456666666666663,0.129,246.06066666666666,1.46,0.0,52.0,0.0,16,3,0,17,38
2026-09-17 17:00:00,0.2902666666666667,0.05883333333333333,245.64133333333334,1.2166666666666666,0.0,0.0,0.0,17,3,0,17,38
2026-09-17 18:00:00,0.33686666666666665,0.056133333333333334,244.80766666666668,1.4033333333333333,0.0,0.0,0.0,18,3,0,17,38
2026-09-17 19:00:00,2.0713,0.0834,242.99566666666666,8.546666666666665,0.0,29.0,555.0,19,3,0,17,38
2026-09-17 20:00:00,1.4247,0.1216,242.73433333333332,5.843333333333334,0.0,56.0,1083.0,20,3,0,17,38
2026-09-17 21:00:00,1.2906333333333333,0.06276666666666667,242.66049999999998,5.293333333333334,0.0,0.0,997.0,21,3,0,17,38
2026-09-17 22:00:00,0.26809999999999995,0.07529999999999999,240.51666666666668,1.2033333333333334,0.0,0.0,0.0,22,3,0,17,38
2026-09-17 23:00:00,0.29916666666666664,0.08753333333333332,238.41783333333333,1.3066666666666669,0.0,26.0,0.0,23,3,0,17,38
2026-09-18 00:00:00,0.34963333333333335,0.12976666666666667,240.22433333333336,1.55,0.0,63.0,0.0,0,4,0,18,38
2026-09-18 01:00:00,0.2768666666666667,0.058133333333333335,240.94866666666667,1.2133333333333334,0.0,0.0,0.0,1,4,0,18,38
2026-09-18 02:00:00,0.2809666666666667,0.05293333333333334,244.22233333333332,1.1866666666666668,0.0,0.0,0.0,2,4,0,18,38
2026-09-18 03:00:00,0.29733333333333334,0.06699999999999999,243.07999999999998,1.2633333333333332,0.0,16.0,0.0,3,4,0,18,38
2026-09-18 04:00:00,0.35083333333333333,0.14253333333333332,240.4615,1.5566666666666669,0.0,68.0,0.0,4,4,0,18,38
2026-09-18 05:00:00,0.7239333333333333,0.07796666666666667,234.66083333333333,3.1166666666666667,0.0,0.0,445.0,5,4,0,18,38
2026-09-18 06:00:00,0.45113333333333333,0.07303333333333333,235.40900000000002,1.9866666666666668,0.0,0.0,194.0,6,4,0,18,38
2026-09-18 07:00:00,0.2954666666666667,0.07246666666666667,235.62199999999999,1.3066666666666669,0.0,12.0,0.0,7,4,0,18,38
2026-09-18 08:00:00,0.6047666666666667,0.12076666666666667,237.08350000000002,2.61,0.0,70.0,0.0,8,4,0,18,38
2026-09-18 09:00:00,1.2213,0.0827,236.507,5.14,0.0,0.0,0.0,9,4,0,18,38
2026-09-18 10:00:00,1.4937666666666667,0.06876666666666667,239.14033333333333,6.25,0.0,0.0,892.0,10,4,0,18,38
2026-09-18 11:00:00,0.3031666666666667,0.07206666666666667,244.61766666666665,1.2933333333333332,0.0,11.0,0.0,11,4,0,18,38
2026-09-18 12:00:00,0.3675,0.1732,244.98083333333335,1.62,0.0,74.0,0.0,12,4,0,18,38
2026-09-18 13:00:00,0.2798666666666667,0.05636666666666667,243.33716666666666,1.2133333333333334,0.0,0.0,0.0,13,4,0,18,38
2026-09-18 14:00:00,0.28336666666666666,0.0501,244.4885,1.2,0.0,0.0,0.0,14,4,0,18,38
2026-09-18 15:00:00,0.2749333333333333,0.046933333333333334,244.47650000000002,1.18,0.0,6.0,0.0,15,4,0,18,38
2026-09-18 16:00:00,0.36829999999999996,0.1734,245.74650000000003,1.6166666666666667,0.0,77.0,0.0,16,4,0,18,38
2026-09-18 17:00:00,0.2859,0.05306666666666667,246.14633333333333,1.2133333333333334,0.0,1.0,0.0,17,4,0,18,38
2026-09-18 18:00:00,0.9530333333333334,0.046233333333333335,242.78699999999998,4.033333333333333,0.0,0.0,294.0,18,4,0,18,38
2026-09-18 19:00:00,2.137,0.0545,236.96366666666665,8.96,0.0,0.0,1035.0,19,4,0,18,38
2026-09-18 20:00:00,2.590233333333333,0.1348,237.52,10.91,521.0,493.99999999999994,1038.0,20,4,0,18,38
2026-09-18 21:00:00,1.4276000000000002,0.09456666666666667,238.15116666666665,5.959999999999999,71.0,35.0,1044.0,21,4,0,18,38
2026-09-18 22:00:00,3.105366666666667,0.0634,235.49266666666665,13.183333333333334,532.0,1109.0,1021.0,22,4,0,18,38
2026-09-18 23:00:00,2.6391333333333336,0.16366666666666668,236.95983333333334,11.55,678.0,50.0,1034.0,23,4,0,18,38
2026-09-19 00:00:00,1.8669333333333331,0.25129999999999997,238.28833333333333,7.876666666666667,2.0,91.0,1045.0,0,5,1,19,38
2026-09-19 01:00:00,1.9867666666666668,0.09363333333333333,237.78283333333331,8.323333333333332,386.0,6.0,1041.0,1,5,1,19,38
2026-09-19 02:00:00,1.5176666666666667,0.06383333333333334,240.32433333333336,6.260000000000001,72.0,0.0,1062.0,2,5,1,19,38
2026-09-19 03:00:00,1.3865666666666667,0.08180000000000001,242.10966666666667,5.796666666666667,506.99999999999994,21.0,335.0,3,5,1,19,38
2026-09-19 04:00:00,0.6926333333333333,0.14593333333333333,241.0425,2.89,0.0,63.0,0.0,4,5,1,19,38
2026-09-19 05:00:00,0.6457666666666667,0.0422,237.38666666666668,2.69,0.0,0.0,0.0,5,5,1,19,38
2026-09-19 06:00:00,3.1683000000000003,0.12586666666666665,234.41850000000002,13.906666666666666,1196.0,0.0,0.0,6,5,1,19,38
2026-09-19 07:00:00,2.5895,0.13776666666666668,234.38733333333332,11.156666666666666,865.0,9.0,0.0,7,5,1,19,38
2026-09-19 08:00:00,1.5825333333333333,0.13266666666666665,236.66649999999998,6.67,25.0,70.0,0.0,8,5,1,19,38
2026-09-19 09:00:00,2.3887,0.04803333333333334,239.127,9.946666666666667,0.0,0.0,639.0,9,5,1,19,38
2026-09-19 10:00:00,1.1652,0.07023333333333334,243.20200000000003,4.816666666666666,0.0,0.0,548.0,10,5,1,19,38
2026-09-19 11:00:00,0.3228,0.06906666666666667,242.94500000000002,1.3666666666666667,0.0,4.0,0.0,11,5,1,19,38
2026-09-19 12:00:00,0.3651666666666667,0.16576666666666667,242.95983333333334,1.63,0.0,73.0,0.0,12,5,1,19,38
2026-09-19 13:00:00,0.2924333333333333,0.07113333333333333,242.17116666666666,1.2633333333333332,0.0,0.0,0.0,13,5,1,19,38
2026-09-19 14:00:00,0.28236666666666665,0.07716666666666666,243.7175,1.2566666666666668,0.0,0.0,0.0,14,5,1,19,38
2026-09-19 15:00:00,0.27449999999999997,0.0643,244.22466666666665,1.2266666666666666,0.0,4.0,0.0,15,5,1,19,38
2026-09-19 16:00:00,0.36016666666666663,0.16693333333333332,244.57783333333333,1.59,0.0,70.0,0.0,16,5,1,19,38
2026-09-19 17:00:00,0.2802,0.04996666666666667,244.77733333333333,1.21,0.0,0.0,0.0,17,5,1,19,38
2026-09-19 18:00:00,0.6357333333333333,0.048900000000000006,243.40166666666667,2.6566666666666667,0.0,0.0,245.99999999999997,18,5,1,19,38
2026-09-19 19:00:00,2.5486,0.07676666666666666,235.27533333333335,10.84,0.0,4.0,1020.0,19,5,1,19,38
2026-09-19 20:00:00,1.7040666666666666,0.21893333333333334,233.88483333333335,7.456666666666667,0.0,66.0,1008.0,20,5,1,19,38
2026-09-19 21:00:00,1.4006333333333332,0.07980000000000001,233.94866666666667,5.989999999999999,0.0,0.0,1009.0,21,5,1,19,38
2026-09-19 22:00:00,1.57,0.06346666666666666,238.712,6.566666666666666,0.0,0.0,1049.0,22,5,1,19,38
2026-09-19 23:00:00,1.7039666666666666,0.06663333333333334,239.30116666666666,7.316666666666666,0.0,9.0,1053.0,23,5,1,19,38
2026-09-20 00:00:00,1.0491666666666668,0.16266666666666665,239.74699999999999,4.556666666666667,7.0,64.0,418.0,0,6,1,20,38
2026-09-20 01:00:00,0.8319,0.04616666666666667,240.45666666666665,3.5233333333333334,520.0,0.0,0.0,1,6,1,20,38
2026-09-20 02:00:00,1.5486333333333333,0.06563333333333334,242.66916666666665,6.413333333333333,536.0,0.0,709.0,2,6,1,20,38
2026-09-20 03:00:00,0.4,0.0754,245.46866666666668,1.6733333333333333,0.0,17.0,0.0,3,6,1,20,38
2026-09-20 04:00:00,0.5092666666666666,0.15673333333333334,243.0965,2.2,0.0,62.00000000000001,0.0,4,6,1,20,38
2026-09-20 05:00:00,0.9787333333333333,0.08896666666666667,239.386,4.173333333333334,0.0,0.0,0.0,5,6,1,20,38
2026-09-20 06:00:00,1.8401,0.07043333333333333,235.01166666666668,7.86,200.0,0.0,0.0,6,6,1,20,38
2026-09-20 07:00:00,2.221233333333333,0.15786666666666666,237.3015,9.879999999999999,607.0,13.0,0.0,7,6,1,20,38
2026-09-20 08:00:00,2.6366666666666663,0.11936666666666666,239.154,11.003333333333334,1.0,61.0,904.0,8,6,1,20,38
2026-09-20 09:00:00,1.4262333333333332,0.049,237.6095,5.986666666666666,0.0,0.0,195.0,9,6,1,20,38
2026-09-20 10:00:00,0.8328000000000001,0.057133333333333335,243.56233333333333,3.4133333333333336,0.0,0.0,0.0,10,6,1,20,38
2026-09-20 11:00:00,0.5997,0.09169999999999999,243.39766666666668,2.5,0.0,15.0,0.0,11,6,1,20,38
2026-09-20 12:00:00,0.35836666666666667,0.13516666666666666,243.75233333333333,1.5733333333333335,0.0,60.0,0.0,12,6,1,20,38
2026-09-20 13:00:00,0.26530000000000004,0.047233333333333336,243.137,1.1933333333333331,0.0,0.0,0.0,13,6,1,20,38
2026-09-20 14:00:00,0.5021,0.053899999999999997,243.35216666666665,2.1266666666666665,0.0,0.0,216.0,14,6,1,20,38
2026-09-20 15:00:00,0.7512333333333333,0.07573333333333335,243.07883333333334,3.143333333333333,0.0,16.0,462.0,15,6,1,20,38
2026-09-20 16:00:00,0.3203,0.12013333333333334,244.853,1.38,0.0,57.0,0.0,16,6,1,20,38
2026-09-20 17:00:00,0.2844,0.0626,244.99916666666667,1.25,0.0,0.0,0.0,17,6,1,20,38
2026-09-20 18:00:00,0.8289666666666666,0.05223333333333333,243.9535,3.506666666666667,0.0,0.0,279.0,18,6,1,20,38
2026-09-20 19:00:00,2.8502333333333336,0.06126666666666667,241.5505,11.81,0.0,581.0,1074.0,19,6,1,20,38
2026-09-20 20:00:00,1.5541666666666667,0.1272,239.28650000000002,6.466666666666667,0.0,150.0,1054.0,20,6,1,20,38
2026-09-20 21:00:00,1.3640333333333332,0.057,239.6256666666667,5.633333333333334,0.0,0.0,1057.0,21,6,1,20,38
2026-09-20 22:00:00,1.3725999999999998,0.07836666666666667,239.71516666666668,5.72,0.0,0.0,1057.0,22,6,1,20,38
2026-09-20 23:00:00,1.3923666666666668,0.10483333333333333,240.1663333333333,5.786666666666666,0.0,27.0,1062.0,23,6,1,20,38
2026-09-21 00:00:00,1.5837666666666665,0.16623333333333334,239.5413333333333,6.63,0.0,48.0,1056.0,0,0,0,21,39
2026-09-21 01:00:00,1.9610333333333334,0.05466666666666667,240.40783333333331,8.166666666666666,543.0,0.0,1063.0,1,0,0,21,39
2026-09-21 02:00:00,2.0177666666666667,0.07436666666666666,240.10783333333333,8.383333333333333,553.0,0.0,1061.0,2,0,0,21,39
2026-09-21 03:00:00,1.5020333333333333,0.1163,239.67366666666666,6.243333333333334,0.0,34.0,1058.0,3,0,0,21,39
2026-09-21 04:00:00,0.8740666666666667,0.1024,238.39216666666667,3.746666666666667,0.0,198.0,57.0,4,0,0,21,39
2026-09-21 05:00:00,1.9389333333333334,0.0545,236.5335,8.223333333333333,0.0,1513.0,0.0,5,0,0,21,39
2026-09-21 06:00:00,2.0611333333333333,0.08716666666666667,235.47783333333334,8.696666666666665,0.0,12.0,0.0,6,0,0,21,39
2026-09-21 07:00:00,1.4982333333333335,0.2473,235.26816666666667,6.42,0.0,73.0,13.0,7,0,0,21,39
2026-09-21 08:00:00,2.3128666666666664,0.059899999999999995,232.66983333333334,9.9,0.0,11.0,1000.0000000000001,8,0,0,21,39
2026-09-21 09:00:00,1.5683666666666667,0.07523333333333333,233.16333333333333,6.696666666666667,0.0,0.0,655.0,9,0,0,21,39
2026-09-21 10:00:00,0.42210000000000003,0.08673333333333333,240.2435,1.7833333333333334,0.0,0.0,0.0,10,0,0,21,39
2026-09-21 11:00:00,0.3531,0.1072,241.79399999999998,1.51,0.0,68.0,0.0,11,0,0,21,39
2026-09-21 12:00:00,0.3034666666666667,0.07343333333333332,241.05333333333334,1.3066666666666669,0.0,13.0,0.0,12,0,0,21,39
2026-09-21 13:00:00,0.28966666666666663,0.06143333333333333,242.1025,1.25,0.0,0.0,0.0,13,0,0,21,39
2026-09-21 14:00:00,0.26636666666666664,0.06183333333333333,242.46883333333332,1.1700000000000002,0.0,0.0,0.0,14,0,0,21,39
2026-09-21 15:00:00,0.33573333333333333,0.1164,242.4453333333333,1.4266666666666665,0.0,59.0,0.0,15,0,0,21,39
2026-09-21 16:00:00,0.37706666666666666,0.08696666666666666,243.17616666666666,1.6266666666666665,0.0,19.0,76.0,16,0,0,21,39
2026-09-21 17:00:00,0.8805333333333334,0.0511,242.858,3.64,0.0,0.0,610.0,17,0,0,21,39
2026-09-21 18:00:00,0.9632000000000001,0.06236666666666667,242.51216666666667,4.06,0.0,0.0,282.0,18,0,0,21,39
2026-09-21 19:00:00,2.627133333333333,0.14063333333333333,239.72083333333333,10.983333333333333,479.0,52.0,1058.0,19,0,0,21,39
2026-09-21 20:00:00,1.6294,0.0684,239.44933333333333,6.743333333333334,70.0,22.0,773.0,20,0,0,21,39
2026-09-21 21:00:00,1.2577,0.0638,238.34133333333332,5.306666666666667,527.0,0.0,0.0,21,0,0,21,39
2026-09-21 22:00:00,0.6454666666666667,0.0673,241.121,2.6933333333333334,0.0,0.0,0.0,22,0,0,21,39
2026-09-21 23:00:00,1.0280666666666667,0.09206666666666667,240.61416666666668,4.343333333333334,0.0,49.0,639.0,23,0,0,21,39
2026-09-22 00:00:00,0.49973333333333336,0.09223333333333333,243.16083333333333,2.21,0.0,26.0,0.0,0,1,0,22,39
2026-09-22 01:00:00,0.3562333333333333,0.0474,242.61216666666667,1.5633333333333332,0.0,0.0,0.0,1,1,0,22,39
2026-09-22 02:00:00,0.30066666666666664,0.0559,244.9118333333333,1.2766666666666666,0.0,0.0,0.0,2,1,0,22,39
2026-09-22 03:00:00,0.333,0.10973333333333332,245.91133333333335,1.4200000000000002,0.0,47.0,0.0,3,1,0,22,39
2026-09-22 04:00:00,0.5418000000000001,0.09046666666666667,242.9548333333333,2.256666666666667,0.0,30.0,0.0,4,1,0,22,39
2026-09-22 05:00:00,1.4801,0.052333333333333336,238.264,6.16,0.0,0.0,0.0,5,1,0,22,39
2026-09-22 06:00:00,2.2116,0.08383333333333334,236.0625,9.343333333333334,0.0,0.0,347.0,6,1,0,22,39
2026-09-22 07:00:00,2.3304666666666667,0.15156666666666666,237.72966666666667,9.8,0.0,40.0,502.0,7,1,0,22,39
2026-09-22 08:00:00,1.6478333333333335,0.09803333333333333,241.65900000000002,6.826666666666667,0.0,33.0,0.0,8,1,0,22,39
2026-09-22 09:00:00,1.3429333333333333,0.049433333333333336,240.69883333333334,5.54,0.0,0.0,0.0,9,1,0,22,39
2026-09-22 10:00:00,1.2475666666666667,0.07893333333333333,241.9795,5.16,0.0,0.0,318.0,10,1,0,22,39
2026-09-22 11:00:00,0.9570000000000001,0.07986666666666667,245.06266666666667,3.96,0.0,36.0,467.0,11,1,0,22,39
2026-09-22 12:00:00,0.2943,0.08923333333333333,241.55266666666665,1.2866666666666666,0.0,35.0,0.0,12,1,0,22,39
2026-09-22 13:00:00,0.28099999999999997,0.08686666666666666,241.09,1.27,0.0,0.0,0.0,13,1,0,22,39
2026-09-22 14:00:00,0.2734333333333333,0.0784,242.5476666666667,1.2266666666666666,0.0,0.0,0.0,14,1,0,22,39
2026-09-22 15:00:00,0.29836666666666667,0.08676666666666666,243.66866666666667,1.2733333333333334,0.0,35.0,0.0,15,1,0,22,39
2026-09-22 16:00:00,0.31403333333333333,0.10643333333333334,244.87666666666667,1.3666666666666667,0.0,36.0,0.0,16,1,0,22,39
2026-09-22 17:00:00,0.2825666666666667,0.06083333333333333,246.022,1.1966666666666665,0.0,0.0,0.0,17,1,0,22,39
2026-09-22 18:00:00,1.0087666666666668,0.04703333333333334,243.32983333333334,4.243333333333333,0.0,0.0,297.0,18,1,0,22,39
2026-09-22 19:00:00,2.8839333333333332,0.10283333333333333,238.31683333333334,12.05,12.0,27.0,1046.0,19,1,0,22,39
2026-09-22 20:00:00,1.9993,0.11383333333333333,239.72166666666666,8.333333333333334,534.0,41.0,1058.0,20,1,0,22,39
2026-09-22 21:00:00,1.8499666666666668,0.0635,239.98016666666666,7.6899999999999995,534.0,0.0,1060.0,21,1,0,22,39
2026-09-22 22:00:00,1.3527666666666667,0.0898,238.86233333333334,5.586666666666667,0.0,0.0,1051.0,22,1,0,22,39
2026-09-22 23:00:00,1.3389,0.10776666666666666,238.00216666666668,5.58,0.0,22.0,1043.0,23,1,0,22,39
2026-09-23 00:00:00,1.4902000000000002,0.0942,237.94333333333333,6.243333333333334,0.0,48.0,1042.0,0,2,0,23,39
2026-09-23 01:00:00,1.6129333333333333,0.20653333333333332,238.55033333333333,6.88,0.0,0.0,1048.0,1,2,0,23,39
2026-09-23 02:00:00,1.4077666666666668,0.12523333333333334,239.69033333333334,5.8533333333333335,0.0,0.0,1058.0,2,2,0,23,39
2026-09-23 03:00:00,0.8764333333333333,0.10256666666666667,240.79066666666668,3.643333333333333,0.0,16.0,514.0,3,2,0,23,39
2026-09-23 04:00:00,1.0679333333333332,0.21563333333333334,240.45783333333333,4.61,0.0,57.0,0.0,4,2,0,23,39
2026-09-23 05:00:00,1.7259,0.0614,237.06966666666668,7.216666666666667,0.0,0.0,772.0,5,2,0,23,39
2026-09-23 06:00:00,1.5734666666666668,0.0537,237.53183333333334,6.62,0.0,0.0,0.0,6,2,0,23,39
2026-09-23 07:00:00,1.6593333333333333,0.060033333333333334,236.74099999999999,7.056666666666667,0.0,4.0,0.0,7,2,0,23,39
2026-09-23 08:00:00,1.1637,0.06116666666666667,239.39600000000002,4.913333333333333,0.0,64.0,0.0,8,2,0,23,39
2026-09-23 09:00:00,0.9346666666666668,0.0,239.68999999999997,3.7999999999999994,0.0,0.0,0.0,9,2,0,23,39
