datetime,hour,day_of_week,is_weekend,Global_reactive_power,Voltage,Global_intensity,Sub_metering_1,Sub_metering_2,Sub_metering_3,predicted_kw,predicted_kwh,day
2026-10-01 00:00:00,0,3,0,0.1362478927203065,240.66290996168584,6.375210727969349,115.97701149425288,116.0,567.1954022988506,1.5182481,1.5182481,2026-10-01
2026-10-01 01:00:00,1,3,0,0.12679770114942523,241.8530459770115,5.173793103448276,99.65517241379311,93.14942528735632,448.71264367816093,1.2255787,1.2255787,2026-10-01
2026-10-01 02:00:00,2,3,0,0.12915977011494248,242.75240229885057,4.277931034482759,77.98850574712644,61.10344827586207,405.4942528735632,1.0129617,1.0129617,2026-10-01
2026-10-01 03:00:00,3,3,0,0.13923636599779202,242.6138356386778,3.854267160205208,81.80459770114942,73.88797973894408,300.80381842976817,0.8955612,0.8955612,2026-10-01
2026-10-01 04:00:00,4,3,0,0.13278467432950186,241.86273754789272,3.61536398467433,46.11494252873563,51.14942528735632,310.632183908046,0.85752666,0.85752666,2026-10-01
2026-10-01 05:00:00,5,3,0,0.10876628352490418,240.42335057471266,3.8024137931034483,3.8045977011494254,75.71264367816092,303.86206896551727,0.90584296,0.90584296,2026-10-01
2026-10-01 06:00:00,6,3,0,0.12766209633278594,239.54394512862615,5.158459222769568,93.3103448275862,83.54022988505747,252.43267651888343,1.2179393,1.2179393,2026-10-01
2026-10-01 07:00:00,7,3,0,0.1461113964294448,239.17569075568596,6.057851145349311,72.07850330154072,99.49425287356321,306.18684274883833,1.4364911,1.4364911,2026-10-01
2026-10-01 08:00:00,8,3,0,0.1250149425287356,240.05337164750958,6.2137931034482765,142.29885057471265,45.85057471264368,372.11494252873564,1.4851749,1.4851749,2026-10-01
2026-10-01 09:00:00,9,3,0,0.12140459770114939,240.16764942528738,6.293639846743295,157.89655172413794,44.333333333333336,381.85057471264366,1.5141333,1.5141333,2026-10-01
2026-10-01 10:00:00,10,3,0,0.12223992248062011,241.77251356589147,5.59577519379845,59.31395348837209,28.686046511627907,477.9767441860465,1.3446258,1.3446258,2026-10-01
2026-10-01 11:00:00,11,3,0,0.11853178294573641,242.60667441860463,4.306860465116279,23.96511627906977,42.36046511627907,453.2674418604651,1.023966,1.023966,2026-10-01
2026-10-01 12:00:00,12,3,0,0.12277209302325578,242.25845736434107,3.4916279069767437,16.290697674418606,45.68604651162791,332.8488372093023,0.82865286,0.82865286,2026-10-01
2026-10-01 13:00:00,13,3,0,0.12157248062015501,241.86182558139532,2.8550387596899225,24.8953488372093,40.093023255813954,218.2093023255814,0.6743826,0.6743826,2026-10-01
2026-10-01 14:00:00,14,3,0,0.1200519379844961,242.5761918604651,2.885387596899225,11.767441860465116,37.83720930232558,265.3953488372093,0.6711079,0.6711079,2026-10-01
2026-10-01 15:00:00,15,3,0,0.1184988372093023,242.94929651162786,2.816627906976744,29.86046511627907,38.348837209302324,222.82558139534885,0.65269536,0.65269536,2026-10-01
2026-10-01 16:00:00,16,3,0,0.117537984496124,243.00072674418604,2.745968992248062,51.86046511627907,39.94186046511628,226.1046511627907,0.6350613,0.6350613,2026-10-01
2026-10-01 17:00:00,17,3,0,0.11032751937984492,242.7553953488372,2.657325581395349,39.25581395348837,37.27906976744186,231.7325581395349,0.6159617,0.6159617,2026-10-01
2026-10-01 18:00:00,18,3,0,0.1133806201550387,242.59957945736434,3.5412403100775194,30.209302325581394,40.91860465116279,358.8255813953488,0.82654285,0.82654285,2026-10-01
2026-10-01 19:00:00,19,3,0,0.11902596899224802,240.9775251937984,6.734689922480619,10.418604651162791,59.25581395348837,727.4302325581396,1.6163796,1.6163796,2026-10-01
2026-10-01 20:00:00,20,3,0,0.11960775193798445,240.64571899224808,5.632131782945737,64.96511627906976,85.8953488372093,726.5232558139535,1.336886,1.336886,2026-10-01
2026-10-01 21:00:00,21,3,0,0.12838217054263562,240.35074999999998,5.55077519379845,99.15116279069767,94.16279069767442,709.4418604651163,1.2985438,1.2985438,2026-10-01
2026-10-01 22:00:00,22,3,0,0.14472480620155034,240.24197286821706,5.578682170542636,104.81395348837209,129.46511627906978,597.3255813953489,1.3011918,1.3011918,2026-10-01
2026-10-01 23:00:00,23,3,0,0.13945697674418603,240.05915310077518,6.798720930232559,128.11627906976744,141.11627906976744,689.3604651162791,1.6222016,1.6222016,2026-10-01
2026-10-02 00:00:00,0,4,0,0.1362478927203065,240.66290996168584,6.375210727969349,115.97701149425288,116.0,567.1954022988506,1.5236487,1.5236487,2026-10-02
2026-10-02 01:00:00,1,4,0,0.12679770114942523,241.8530459770115,5.173793103448276,99.65517241379311,93.14942528735632,448.71264367816093,1.2306633,1.2306633,2026-10-02
2026-10-02 02:00:00,2,4,0,0.12915977011494248,242.75240229885057,4.277931034482759,77.98850574712644,61.10344827586207,405.4942528735632,1.0132307,1.0132307,2026-10-02
2026-10-02 03:00:00,3,4,0,0.13923636599779202,242.6138356386778,3.854267160205208,81.80459770114942,73.88797973894408,300.80381842976817,0.8984389,0.8984389,2026-10-02
2026-10-02 04:00:00,4,4,0,0.13278467432950186,241.86273754789272,3.61536398467433,46.11494252873563,51.14942528735632,310.632183908046,0.8575205,0.8575205,2026-10-02
2026-10-02 05:00:00,5,4,0,0.10876628352490418,240.42335057471266,3.8024137931034483,3.8045977011494254,75.71264367816092,303.86206896551727,0.90769714,0.90769714,2026-10-02
2026-10-02 06:00:00,6,4,0,0.12766209633278594,239.54394512862615,5.158459222769568,93.3103448275862,83.54022988505747,252.43267651888343,1.220979,1.220979,2026-10-02
2026-10-02 07:00:00,7,4,0,0.1461113964294448,239.17569075568596,6.057851145349311,72.07850330154072,99.49425287356321,306.18684274883833,1.4395308,1.4395308,2026-10-02
2026-10-02 08:00:00,8,4,0,0.1250149425287356,240.05337164750958,6.2137931034482765,142.29885057471265,45.85057471264368,372.11494252873564,1.4848818,1.4848818,2026-10-02
2026-10-02 09:00:00,9,4,0,0.12140459770114939,240.16764942528738,6.293639846743295,157.89655172413794,44.333333333333336,381.85057471264366,1.5141271,1.5141271,2026-10-02
2026-10-02 10:00:00,10,4,0,0.12223992248062011,241.77251356589147,5.59577519379845,59.31395348837209,28.686046511627907,477.9767441860465,1.3446258,1.3446258,2026-10-02
2026-10-02 11:00:00,11,4,0,0.11853178294573641,242.60667441860463,4.306860465116279,23.96511627906977,42.36046511627907,453.2674418604651,1.0242349,1.0242349,2026-10-02
2026-10-02 12:00:00,12,4,0,0.12277209302325578,242.25845736434107,3.4916279069767437,16.290697674418606,45.68604651162791,332.8488372093023,0.8279833,0.8279833,2026-10-02
2026-10-02 13:00:00,13,4,0,0.12157248062015501,241.86182558139532,2.8550387596899225,24.8953488372093,40.093023255813954,218.2093023255814,0.6743765,0.6743765,2026-10-02
2026-10-02 14:00:00,14,4,0,0.1200519379844961,242.5761918604651,2.885387596899225,11.767441860465116,37.83720930232558,265.3953488372093,0.67043835,0.67043835,2026-10-02
2026-10-02 15:00:00,15,4,0,0.1184988372093023,242.94929651162786,2.816627906976744,29.86046511627907,38.348837209302324,222.82558139534885,0.6529643,0.6529643,2026-10-02
2026-10-02 16:00:00,16,4,0,0.117537984496124,243.00072674418604,2.745968992248062,51.86046511627907,39.94186046511628,226.1046511627907,0.63533026,0.63533026,2026-10-02
2026-10-02 17:00:00,17,4,0,0.11032751937984492,242.7553953488372,2.657325581395349,39.25581395348837,37.27906976744186,231.7325581395349,0.6154531,0.6154531,2026-10-02
2026-10-02 18:00:00,18,4,0,0.1133806201550387,242.59957945736434,3.5412403100775194,30.209302325581394,40.91860465116279,358.8255813953488,0.8268118,0.8268118,2026-10-02
2026-10-02 19:00:00,19,4,0,0.11902596899224802,240.9775251937984,6.734689922480619,10.418604651162791,59.25581395348837,727.4302325581396,1.6163734,1.6163734,2026-10-02
2026-10-02 20:00:00,20,4,0,0.11960775193798445,240.64571899224808,5.632131782945737,64.96511627906976,85.8953488372093,726.5232558139535,1.3413275,1.3413275,2026-10-02
2026-10-02 21:00:00,21,4,0,0.12838217054263562,240.35074999999998,5.55077519379845,99.15116279069767,94.16279069767442,709.4418604651163,1.3017061,1.3017061,2026-10-02
2026-10-02 22:00:00,22,4,0,0.14472480620155034,240.24197286821706,5.578682170542636,104.81395348837209,129.46511627906978,597.3255813953489,1.3036643,1.3036643,2026-10-02
2026-10-02 23:00:00,23,4,0,0.13945697674418603,240.05915310077518,6.798720930232559,128.11627906976744,141.11627906976744,689.3604651162791,1.6243871,1.6243871,2026-10-02
2026-10-03 00:00:00,0,5,1,0.1362478927203065,240.66290996168584,6.375210727969349,115.97701149425288,116.0,567.1954022988506,1.5240612,1.5240612,2026-10-03
2026-10-03 01:00:00,1,5,1,0.12679770114942523,241.8530459770115,5.173793103448276,99.65517241379311,93.14942528735632,448.71264367816093,1.2306633,1.2306633,2026-10-03
2026-10-03 02:00:00,2,5,1,0.12915977011494248,242.75240229885057,4.277931034482759,77.98850574712644,61.10344827586207,405.4942528735632,1.0132307,1.0132307,2026-10-03
2026-10-03 03:00:00,3,5,1,0.13923636599779202,242.6138356386778,3.854267160205208,81.80459770114942,73.88797973894408,300.80381842976817,0.8984389,0.8984389,2026-10-03
2026-10-03 04:00:00,4,5,1,0.13278467432950186,241.86273754789272,3.61536398467433,46.11494252873563,51.14942528735632,310.632183908046,0.8575205,0.8575205,2026-10-03
2026-10-03 05:00:00,5,5,1,0.10876628352490418,240.42335057471266,3.8024137931034483,3.8045977011494254,75.71264367816092,303.86206896551727,0.90769714,0.90769714,2026-10-03
2026-10-03 06:00:00,6,5,1,0.12766209633278594,239.54394512862615,5.158459222769568,93.3103448275862,83.54022988505747,252.43267651888343,1.220979,1.220979,2026-10-03
2026-10-03 07:00:00,7,5,1,0.1461113964294448,239.17569075568596,6.057851145349311,72.07850330154072,99.49425287356321,306.18684274883833,1.4395308,1.4395308,2026-10-03
2026-10-03 08:00:00,8,5,1,0.1250149425287356,240.05337164750958,6.2137931034482765,142.29885057471265,45.85057471264368,372.11494252873564,1.4858155,1.4858155,2026-10-03
2026-10-03 09:00:00,9,5,1,0.12140459770114939,240.16764942528738,6.293639846743295,157.89655172413794,44.333333333333336,381.85057471264366,1.5141271,1.5141271,2026-10-03
2026-10-03 10:00:00,10,5,1,0.12223992248062011,241.77251356589147,5.59577519379845,59.31395348837209,28.686046511627907,477.9767441860465,1.3446258,1.3446258,2026-10-03
2026-10-03 11:00:00,11,5,1,0.11853178294573641,242.60667441860463,4.306860465116279,23.96511627906977,42.36046511627907,453.2674418604651,1.0242349,1.0242349,2026-10-03
2026-10-03 12:00:00,12,5,1,0.12277209302325578,242.25845736434107,3.4916279069767437,16.290697674418606,45.68604651162791,332.8488372093023,0.8279833,0.8279833,2026-10-03
2026-10-03 13:00:00,13,5,1,0.12157248062015501,241.86182558139532,2.8550387596899225,24.8953488372093,40.093023255813954,218.2093023255814,0.6743765,0.6743765,2026-10-03
2026-10-03 14:00:00,14,5,1,0.1200519379844961,242.5761918604651,2.885387596899225,11.767441860465116,37.83720930232558,265.3953488372093,0.67043835,0.67043835,2026-10-03
2026-10-03 15:00:00,15,5,1,0.1184988372093023,242.94929651162786,2.816627906976744,29.86046511627907,38.348837209302324,222.82558139534885,0.6529643,0.6529643,2026-10-03
2026-10-03 16:00:00,16,5,1,0.117537984496124,243.00072674418604,2.745968992248062,51.86046511627907,39.94186046511628,226.1046511627907,0.63533026,0.63533026,2026-10-03
2026-10-03 17:00:00,17,5,1,0.11032751937984492,242.7553953488372,2.657325581395349,39.25581395348837,37.27906976744186,231.7325581395349,0.6154531,0.6154531,2026-10-03
2026-10-03 18:00:00,18,5,1,0.1133806201550387,242.59957945736434,3.5412403100775194,30.209302325581394,40.91860465116279,358.8255813953488,0.8268118,0.8268118,2026-10-03
2026-10-03 19:00:00,19,5,1,0.11902596899224802,240.9775251937984,6.734689922480619,10.418604651162791,59.25581395348837,727.4302325581396,1.6163734,1.6163734,2026-10-03
2026-10-03 20:00:00,20,5,1,0.11960775193798445,240.64571899224808,5.632131782945737,64.96511627906976,85.8953488372093,726.5232558139535,1.3413275,1.3413275,2026-10-03
2026-10-03 21:00:00,21,5,1,0.12838217054263562,240.35074999999998,5.55077519379845,99.15116279069767,94.16279069767442,709.4418604651163,1.3017061,1.3017061,2026-10-03
2026-10-03 22:00:00,22,5,1,0.14472480620155034,240.24197286821706,5.578682170542636,104.81395348837209,129.46511627906978,597.3255813953489,1.3036643,1.3036643,2026-10-03
2026-10-03 23:00:00,23,5,1,0.13945697674418603,240.05915310077518,6.798720930232559,128.11627906976744,141.11627906976744,689.3604651162791,1.6243871,1.6243871,2026-10-03
2026-10-04 00:00:00,0,6,1,0.1362478927203065,240.66290996168584,6.375210727969349,115.97701149425288,116.0,567.1954022988506,1.5207229,1.5207229,2026-10-04
2026-10-04 01:00:00,1,6,1,0.12679770114942523,241.8530459770115,5.173793103448276,99.65517241379311,93.14942528735632,448.71264367816093,1.2215,1.2215,2026-10-04
2026-10-04 02:00:00,2,6,1,0.12915977011494248,242.75240229885057,4.277931034482759,77.98850574712644,61.10344827586207,405.4942528735632,1.0134876,1.0134876,2026-10-04
2026-10-04 03:00:00,3,6,1,0.13923636599779202,242.6138356386778,3.854267160205208,81.80459770114942,73.88797973894408,300.80381842976817,0.897708,0.897708,2026-10-04
2026-10-04 04:00:00,4,6,1,0.13278467432950186,241.86273754789272,3.61536398467433,46.11494252873563,51.14942528735632,310.632183908046,0.85678965,0.85678965,2026-10-04
2026-10-04 05:00:00,5,6,1,0.10876628352490418,240.42335057471266,3.8024137931034483,3.8045977011494254,75.71264367816092,303.86206896551727,0.90696627,0.90696627,2026-10-04
2026-10-04 06:00:00,6,6,1,0.12766209633278594,239.54394512862615,5.158459222769568,93.3103448275862,83.54022988505747,252.43267651888343,1.2121961,1.2121961,2026-10-04
2026-10-04 07:00:00,7,6,1,0.1461113964294448,239.17569075568596,6.057851145349311,72.07850330154072,99.49425287356321,306.18684274883833,1.4363103,1.4363103,2026-10-04
2026-10-04 08:00:00,8,6,1,0.1250149425287356,240.05337164750958,6.2137931034482765,142.29885057471265,45.85057471264368,372.11494252873564,1.4845281,1.4845281,2026-10-04
2026-10-04 09:00:00,9,6,1,0.12140459770114939,240.16764942528738,6.293639846743295,157.89655172413794,44.333333333333336,381.85057471264366,1.5135317,1.5135317,2026-10-04
2026-10-04 10:00:00,10,6,1,0.12223992248062011,241.77251356589147,5.59577519379845,59.31395348837209,28.686046511627907,477.9767441860465,1.342964,1.342964,2026-10-04
2026-10-04 11:00:00,11,6,1,0.11853178294573641,242.60667441860463,4.306860465116279,23.96511627906977,42.36046511627907,453.2674418604651,1.0244217,1.0244217,2026-10-04
2026-10-04 12:00:00,12,6,1,0.12277209302325578,242.25845736434107,3.4916279069767437,16.290697674418606,45.68604651162791,332.8488372093023,0.8274782,0.8274782,2026-10-04
2026-10-04 13:00:00,13,6,1,0.12157248062015501,241.86182558139532,2.8550387596899225,24.8953488372093,40.093023255813954,218.2093023255814,0.6745633,0.6745633,2026-10-04
2026-10-04 14:00:00,14,6,1,0.1200519379844961,242.5761918604651,2.885387596899225,11.767441860465116,37.83720930232558,265.3953488372093,0.67062515,0.67062515,2026-10-04
2026-10-04 15:00:00,15,6,1,0.1184988372093023,242.94929651162786,2.816627906976744,29.86046511627907,38.348837209302324,222.82558139534885,0.6531511,0.6531511,2026-10-04
2026-10-04 16:00:00,16,6,1,0.117537984496124,243.00072674418604,2.745968992248062,51.86046511627907,39.94186046511628,226.1046511627907,0.63551706,0.63551706,2026-10-04
2026-10-04 17:00:00,17,6,1,0.11032751937984492,242.7553953488372,2.657325581395349,39.25581395348837,37.27906976744186,231.7325581395349,0.6154531,0.6154531,2026-10-04
2026-10-04 18:00:00,18,6,1,0.1133806201550387,242.59957945736434,3.5412403100775194,30.209302325581394,40.91860465116279,358.8255813953488,0.82630664,0.82630664,2026-10-04
2026-10-04 19:00:00,19,6,1,0.11902596899224802,240.9775251937984,6.734689922480619,10.418604651162791,59.25581395348837,727.4302325581396,1.6165602,1.6165602,2026-10-04
2026-10-04 20:00:00,20,6,1,0.11960775193798445,240.64571899224808,5.632131782945737,64.96511627906976,85.8953488372093,726.5232558139535,1.340409,1.340409,2026-10-04
2026-10-04 21:00:00,21,6,1,0.12838217054263562,240.35074999999998,5.55077519379845,99.15116279069767,94.16279069767442,709.4418604651163,1.2983991,1.2983991,2026-10-04
2026-10-04 22:00:00,22,6,1,0.14472480620155034,240.24197286821706,5.578682170542636,104.81395348837209,129.46511627906978,597.3255813953489,1.3003573,1.3003573,2026-10-04
2026-10-04 23:00:00,23,6,1,0.13945697674418603,240.05915310077518,6.798720930232559,128.11627906976744,141.11627906976744,689.3604651162791,1.6275355,1.6275355,2026-10-04
2026-10-05 00:00:00,0,0,0,0.1362478927203065,240.66290996168584,6.375210727969349,115.97701149425288,116.0,567.1954022988506,1.518211,1.518211,2026-10-05
2026-10-05 01:00:00,1,0,0,0.12679770114942523,241.8530459770115,5.173793103448276,99.65517241379311,93.14942528735632,448.71264367816093,1.2242202,1.2242202,2026-10-05
2026-10-05 02:00:00,2,0,0,0.12915977011494248,242.75240229885057,4.277931034482759,77.98850574712644,61.10344827586207,405.4942528735632,1.0116162,1.0116162,2026-10-05
2026-10-05 03:00:00,3,0,0,0.13923636599779202,242.6138356386778,3.854267160205208,81.80459770114942,73.88797973894408,300.80381842976817,0.895608,0.895608,2026-10-05
2026-10-05 04:00:00,4,0,0,0.13278467432950186,241.86273754789272,3.61536398467433,46.11494252873563,51.14942528735632,310.632183908046,0.85621506,0.85621506,2026-10-05
2026-10-05 05:00:00,5,0,0,0.10876628352490418,240.42335057471266,3.8024137931034483,3.8045977011494254,75.71264367816092,303.86206896551727,0.90552896,0.90552896,2026-10-05
2026-10-05 06:00:00,6,0,0,0.12766209633278594,239.54394512862615,5.158459222769568,93.3103448275862,83.54022988505747,252.43267651888343,1.2177008,1.2177008,2026-10-05
2026-10-05 07:00:00,7,0,0,0.1461113964294448,239.17569075568596,6.057851145349311,72.07850330154072,99.49425287356321,306.18684274883833,1.4366373,1.4366373,2026-10-05
2026-10-05 08:00:00,8,0,0,0.1250149425287356,240.05337164750958,6.2137931034482765,142.29885057471265,45.85057471264368,372.11494252873564,1.482959,1.482959,2026-10-05
2026-10-05 09:00:00,9,0,0,0.12140459770114939,240.16764942528738,6.293639846743295,157.89655172413794,44.333333333333336,381.85057471264366,1.5119175,1.5119175,2026-10-05
2026-10-05 10:00:00,10,0,0,0.12223992248062011,241.77251356589147,5.59577519379845,59.31395348837209,28.686046511627907,477.9767441860465,1.3423067,1.3423067,2026-10-05
2026-10-05 11:00:00,11,0,0,0.11853178294573641,242.60667441860463,4.306860465116279,23.96511627906977,42.36046511627907,453.2674418604651,1.0199611,1.0199611,2026-10-05
2026-10-05 12:00:00,12,0,0,0.12277209302325578,242.25845736434107,3.4916279069767437,16.290697674418606,45.68604651162791,332.8488372093023,0.82385486,0.82385486,2026-10-05
2026-10-05 13:00:00,13,0,0,0.12157248062015501,241.86182558139532,2.8550387596899225,24.8953488372093,40.093023255813954,218.2093023255814,0.67223954,0.67223954,2026-10-05
2026-10-05 14:00:00,14,0,0,0.1200519379844961,242.5761918604651,2.885387596899225,11.767441860465116,37.83720930232558,265.3953488372093,0.669979,0.669979,2026-10-05
2026-10-05 15:00:00,15,0,0,0.1184988372093023,242.94929651162786,2.816627906976744,29.86046511627907,38.348837209302324,222.82558139534885,0.649747,0.649747,2026-10-05
2026-10-05 16:00:00,16,0,0,0.117537984496124,243.00072674418604,2.745968992248062,51.86046511627907,39.94186046511628,226.1046511627907,0.632113,0.632113,2026-10-05
2026-10-05 17:00:00,17,0,0,0.11032751937984492,242.7553953488372,2.657325581395349,39.25581395348837,37.27906976744186,231.7325581395349,0.6158267,0.6158267,2026-10-05
2026-10-05 18:00:00,18,0,0,0.1133806201550387,242.59957945736434,3.5412403100775194,30.209302325581394,40.91860465116279,358.8255813953488,0.8258197,0.8258197,2026-10-05
2026-10-05 19:00:00,19,0,0,0.11902596899224802,240.9775251937984,6.734689922480619,10.418604651162791,59.25581395348837,727.4302325581396,1.6170511,1.6170511,2026-10-05
2026-10-05 20:00:00,20,0,0,0.11960775193798445,240.64571899224808,5.632131782945737,64.96511627906976,85.8953488372093,726.5232558139535,1.3363018,1.3363018,2026-10-05
2026-10-05 21:00:00,21,0,0,0.12838217054263562,240.35074999999998,5.55077519379845,99.15116279069767,94.16279069767442,709.4418604651163,1.2979596,1.2979596,2026-10-05
2026-10-05 22:00:00,22,0,0,0.14472480620155034,240.24197286821706,5.578682170542636,104.81395348837209,129.46511627906978,597.3255813953489,1.3015139,1.3015139,2026-10-05
2026-10-05 23:00:00,23,0,0,0.13945697674418603,240.05915310077518,6.798720930232559,128.11627906976744,141.11627906976744,689.3604651162791,1.623861,1.623861,2026-10-05
2026-10-06 00:00:00,0,1,0,0.1362478927203065,240.66290996168584,6.375210727969349,115.97701149425288,116.0,567.1954022988506,1.5174181,1.5174181,2026-10-06
2026-10-06 01:00:00,1,1,0,0.12679770114942523,241.8530459770115,5.173793103448276,99.65517241379311,93.14942528735632,448.71264367816093,1.2238103,1.2238103,2026-10-06
2026-10-06 02:00:00,2,1,0,0.12915977011494248,242.75240229885057,4.277931034482759,77.98850574712644,61.10344827586207,405.4942528735632,1.0105484,1.0105484,2026-10-06
2026-10-06 03:00:00,3,1,0,0.13923636599779202,242.6138356386778,3.854267160205208,81.80459770114942,73.88797973894408,300.80381842976817,0.8948541,0.8948541,2026-10-06
2026-10-06 04:00:00,4,1,0,0.13278467432950186,241.86273754789272,3.61536398467433,46.11494252873563,51.14942528735632,310.632183908046,0.85741645,0.85741645,2026-10-06
2026-10-06 05:00:00,5,1,0,0.10876628352490418,240.42335057471266,3.8024137931034483,3.8045977011494254,75.71264367816092,303.86206896551727,0.90584296,0.90584296,2026-10-06
2026-10-06 06:00:00,6,1,0,0.12766209633278594,239.54394512862615,5.158459222769568,93.3103448275862,83.54022988505747,252.43267651888343,1.2176093,1.2176093,2026-10-06
2026-10-06 07:00:00,7,1,0,0.1461113964294448,239.17569075568596,6.057851145349311,72.07850330154072,99.49425287356321,306.18684274883833,1.4361612,1.4361612,2026-10-06
2026-10-06 08:00:00,8,1,0,0.1250149425287356,240.05337164750958,6.2137931034482765,142.29885057471265,45.85057471264368,372.11494252873564,1.4851749,1.4851749,2026-10-06
2026-10-06 09:00:00,9,1,0,0.12140459770114939,240.16764942528738,6.293639846743295,157.89655172413794,44.333333333333336,381.85057471264366,1.5141333,1.5141333,2026-10-06
2026-10-06 10:00:00,10,1,0,0.12223992248062011,241.77251356589147,5.59577519379845,59.31395348837209,28.686046511627907,477.9767441860465,1.3438978,1.3438978,2026-10-06
2026-10-06 11:00:00,11,1,0,0.11853178294573641,242.60667441860463,4.306860465116279,23.96511627906977,42.36046511627907,453.2674418604651,1.0215522,1.0215522,2026-10-06
2026-10-06 12:00:00,12,1,0,0.12277209302325578,242.25845736434107,3.4916279069767437,16.290697674418606,45.68604651162791,332.8488372093023,0.82780933,0.82780933,2026-10-06
2026-10-06 13:00:00,13,1,0,0.12157248062015501,241.86182558139532,2.8550387596899225,24.8953488372093,40.093023255813954,218.2093023255814,0.6742719,0.6742719,2026-10-06
2026-10-06 14:00:00,14,1,0,0.1200519379844961,242.5761918604651,2.885387596899225,11.767441860465116,37.83720930232558,265.3953488372093,0.67046773,0.67046773,2026-10-06
2026-10-06 15:00:00,15,1,0,0.1184988372093023,242.94929651162786,2.816627906976744,29.86046511627907,38.348837209302324,222.82558139534885,0.65000206,0.65000206,2026-10-06
2026-10-06 16:00:00,16,1,0,0.117537984496124,243.00072674418604,2.745968992248062,51.86046511627907,39.94186046511628,226.1046511627907,0.632368,0.632368,2026-10-06
2026-10-06 17:00:00,17,1,0,0.11032751937984492,242.7553953488372,2.657325581395349,39.25581395348837,37.27906976744186,231.7325581395349,0.6158047,0.6158047,2026-10-06
2026-10-06 18:00:00,18,1,0,0.1133806201550387,242.59957945736434,3.5412403100775194,30.209302325581394,40.91860465116279,358.8255813953488,0.8257172,0.8257172,2026-10-06
2026-10-06 19:00:00,19,1,0,0.11902596899224802,240.9775251937984,6.734689922480619,10.418604651162791,59.25581395348837,727.4302325581396,1.6169161,1.6169161,2026-10-06
2026-10-06 20:00:00,20,1,0,0.11960775193798445,240.64571899224808,5.632131782945737,64.96511627906976,85.8953488372093,726.5232558139535,1.3361667,1.3361667,2026-10-06
2026-10-06 21:00:00,21,1,0,0.12838217054263562,240.35074999999998,5.55077519379845,99.15116279069767,94.16279069767442,709.4418604651163,1.2978245,1.2978245,2026-10-06
2026-10-06 22:00:00,22,1,0,0.14472480620155034,240.24197286821706,5.578682170542636,104.81395348837209,129.46511627906978,597.3255813953489,1.3013788,1.3013788,2026-10-06
2026-10-06 23:00:00,23,1,0,0.13945697674418603,240.05915310077518,6.798720930232559,128.11627906976744,141.11627906976744,689.3604651162791,1.6237259,1.6237259,2026-10-06
2026-10-07 00:00:00,0,2,0,0.1362478927203065,240.66290996168584,6.375210727969349,115.97701149425288,116.0,567.1954022988506,1.5161983,1.5161983,2026-10-07
2026-10-07 01:00:00,1,2,0,0.12679770114942523,241.8530459770115,5.173793103448276,99.65517241379311,93.14942528735632,448.71264367816093,1.2231776,1.2231776,2026-10-07
2026-10-07 02:00:00,2,2,0,0.12915977011494248,242.75240229885057,4.277931034482759,77.98850574712644,61.10344827586207,405.4942528735632,1.0097668,1.0097668,2026-10-07
2026-10-07 03:00:00,3,2,0,0.13923636599779202,242.6138356386778,3.854267160205208,81.80459770114942,73.88797973894408,300.80381842976817,0.8942213,0.8942213,2026-10-07
2026-10-07 04:00:00,4,2,0,0.13278467432950186,241.86273754789272,3.61536398467433,46.11494252873563,51.14942528735632,310.632183908046,0.8566348,0.8566348,2026-10-07
2026-10-07 05:00:00,5,2,0,0.10876628352490418,240.42335057471266,3.8024137931034483,3.8045977011494254,75.71264367816092,303.86206896551727,0.90584296,0.90584296,2026-10-07
2026-10-07 06:00:00,6,2,0,0.12766209633278594,239.54394512862615,5.158459222769568,93.3103448275862,83.54022988505747,252.43267651888343,1.2176093,1.2176093,2026-10-07
2026-10-07 07:00:00,7,2,0,0.1461113964294448,239.17569075568596,6.057851145349311,72.07850330154072,99.49425287356321,306.18684274883833,1.4361612,1.4361612,2026-10-07
2026-10-07 08:00:00,8,2,0,0.1250149425287356,240.05337164750958,6.2137931034482765,142.29885057471265,45.85057471264368,372.11494252873564,1.4851749,1.4851749,2026-10-07
2026-10-07 09:00:00,9,2,0,0.12140459770114939,240.16764942528738,6.293639846743295,157.89655172413794,44.333333333333336,381.85057471264366,1.5141333,1.5141333,2026-10-07
2026-10-07 10:00:00,10,2,0,0.12223992248062011,241.77251356589147,5.59577519379845,59.31395348837209,28.686046511627907,477.9767441860465,1.3438978,1.3438978,2026-10-07
2026-10-07 11:00:00,11,2,0,0.11853178294573641,242.60667441860463,4.306860465116279,23.96511627906977,42.36046511627907,453.2674418604651,1.0215522,1.0215522,2026-10-07
2026-10-07 12:00:00,12,2,0,0.12277209302325578,242.25845736434107,3.4916279069767437,16.290697674418606,45.68604651162791,332.8488372093023,0.8285421,0.8285421,2026-10-07
2026-10-07 13:00:00,13,2,0,0.12157248062015501,241.86182558139532,2.8550387596899225,24.8953488372093,40.093023255813954,218.2093023255814,0.6742719,0.6742719,2026-10-07
2026-10-07 14:00:00,14,2,0,0.1200519379844961,242.5761918604651,2.885387596899225,11.767441860465116,37.83720930232558,265.3953488372093,0.6712005,0.6712005,2026-10-07
2026-10-07 15:00:00,15,2,0,0.1184988372093023,242.94929651162786,2.816627906976744,29.86046511627907,38.348837209302324,222.82558139534885,0.65000206,0.65000206,2026-10-07
2026-10-07 16:00:00,16,2,0,0.117537984496124,243.00072674418604,2.745968992248062,51.86046511627907,39.94186046511628,226.1046511627907,0.632368,0.632368,2026-10-07
2026-10-07 17:00:00,17,2,0,0.11032751937984492,242.7553953488372,2.657325581395349,39.25581395348837,37.27906976744186,231.7325581395349,0.6158047,0.6158047,2026-10-07
2026-10-07 18:00:00,18,2,0,0.1133806201550387,242.59957945736434,3.5412403100775194,30.209302325581394,40.91860465116279,358.8255813953488,0.8257172,0.8257172,2026-10-07
2026-10-07 19:00:00,19,2,0,0.11902596899224802,240.9775251937984,6.734689922480619,10.418604651162791,59.25581395348837,727.4302325581396,1.6169161,1.6169161,2026-10-07
2026-10-07 20:00:00,20,2,0,0.11960775193798445,240.64571899224808,5.632131782945737,64.96511627906976,85.8953488372093,726.5232558139535,1.3361667,1.3361667,2026-10-07
2026-10-07 21:00:00,21,2,0,0.12838217054263562,240.35074999999998,5.55077519379845,99.15116279069767,94.16279069767442,709.4418604651163,1.2978245,1.2978245,2026-10-07
2026-10-07 22:00:00,22,2,0,0.14472480620155034,240.24197286821706,5.578682170542636,104.81395348837209,129.46511627906978,597.3255813953489,1.3008571,1.3008571,2026-10-07
2026-10-07 23:00:00,23,2,0,0.13945697674418603,240.05915310077518,6.798720930232559,128.11627906976744,141.11627906976744,689.3604651162791,1.6220187,1.6220187,2026-10-07
2026-10-08 00:00:00,0,3,0,0.1362478927203065,240.66290996168584,6.375210727969349,115.97701149425288,116.0,567.1954022988506,1.5182481,1.5182481,2026-10-08
2026-10-08 01:00:00,1,3,0,0.12679770114942523,241.8530459770115,5.173793103448276,99.65517241379311,93.14942528735632,448.71264367816093,1.2255787,1.2255787,2026-10-08
2026-10-08 02:00:00,2,3,0,0.12915977011494248,242.75240229885057,4.277931034482759,77.98850574712644,61.10344827586207,405.4942528735632,1.0129617,1.0129617,2026-10-08
2026-10-08 03:00:00,3,3,0,0.13923636599779202,242.6138356386778,3.854267160205208,81.80459770114942,73.88797973894408,300.80381842976817,0.8955612,0.8955612,2026-10-08
2026-10-08 04:00:00,4,3,0,0.13278467432950186,241.86273754789272,3.61536398467433,46.11494252873563,51.14942528735632,310.632183908046,0.85752666,0.85752666,2026-10-08
2026-10-08 05:00:00,5,3,0,0.10876628352490418,240.42335057471266,3.8024137931034483,3.8045977011494254,75.71264367816092,303.86206896551727,0.90584296,0.90584296,2026-10-08
2026-10-08 06:00:00,6,3,0,0.12766209633278594,239.54394512862615,5.158459222769568,93.3103448275862,83.54022988505747,252.43267651888343,1.2179393,1.2179393,2026-10-08
2026-10-08 07:00:00,7,3,0,0.1461113964294448,239.17569075568596,6.057851145349311,72.07850330154072,99.49425287356321,306.18684274883833,1.4364911,1.4364911,2026-10-08
2026-10-08 08:00:00,8,3,0,0.1250149425287356,240.05337164750958,6.2137931034482765,142.29885057471265,45.85057471264368,372.11494252873564,1.4851749,1.4851749,2026-10-08
2026-10-08 09:00:00,9,3,0,0.12140459770114939,240.16764942528738,6.293639846743295,157.89655172413794,44.333333333333336,381.85057471264366,1.5141333,1.5141333,2026-10-08
2026-10-08 10:00:00,10,3,0,0.12223992248062011,241.77251356589147,5.59577519379845,59.31395348837209,28.686046511627907,477.9767441860465,1.3446258,1.3446258,2026-10-08
2026-10-08 11:00:00,11,3,0,0.11853178294573641,242.60667441860463,4.306860465116279,23.96511627906977,42.36046511627907,453.2674418604651,1.023966,1.023966,2026-10-08
2026-10-08 12:00:00,12,3,0,0.12277209302325578,242.25845736434107,3.4916279069767437,16.290697674418606,45.68604651162791,332.8488372093023,0.82865286,0.82865286,2026-10-08
2026-10-08 13:00:00,13,3,0,0.12157248062015501,241.86182558139532,2.8550387596899225,24.8953488372093,40.093023255813954,218.2093023255814,0.6743826,0.6743826,2026-10-08
2026-10-08 14:00:00,14,3,0,0.1200519379844961,242.5761918604651,2.885387596899225,11.767441860465116,37.83720930232558,265.3953488372093,0.6711079,0.6711079,2026-10-08
2026-10-08 15:00:00,15,3,0,0.1184988372093023,242.94929651162786,2.816627906976744,29.86046511627907,38.348837209302324,222.82558139534885,0.65269536,0.65269536,2026-10-08
2026-10-08 16:00:00,16,3,0,0.117537984496124,243.00072674418604,2.745968992248062,51.86046511627907,39.94186046511628,226.1046511627907,0.6350613,0.6350613,2026-10-08
2026-10-08 17:00:00,17,3,0,0.11032751937984492,242.7553953488372,2.657325581395349,39.25581395348837,37.27906976744186,231.7325581395349,0.6159617,0.6159617,2026-10-08
2026-10-08 18:00:00,18,3,0,0.1133806201550387,242.59957945736434,3.5412403100775194,30.209302325581394,40.91860465116279,358.8255813953488,0.82654285,0.82654285,2026-10-08
2026-10-08 19:00:00,19,3,0,0.11902596899224802,240.9775251937984,6.734689922480619,10.418604651162791,59.25581395348837,727.4302325581396,1.6163796,1.6163796,2026-10-08
2026-10-08 20:00:00,20,3,0,0.11960775193798445,240.64571899224808,5.632131782945737,64.96511627906976,85.8953488372093,726.5232558139535,1.336886,1.336886,2026-10-08
2026-10-08 21:00:00,21,3,0,0.12838217054263562,240.35074999999998,5.55077519379845,99.15116279069767,94.16279069767442,709.4418604651163,1.2985438,1.2985438,2026-10-08
2026-10-08 22:00:00,22,3,0,0.14472480620155034,240.24197286821706,5.578682170542636,104.81395348837209,129.46511627906978,597.3255813953489,1.3011918,1.3011918,2026-10-08
2026-10-08 23:00:00,23,3,0,0.13945697674418603,240.05915310077518,6.798720930232559,128.11627906976744,141.11627906976744,689.3604651162791,1.6222016,1.6222016,2026-10-08
2026-10-09 00:00:00,0,4,0,0.1362478927203065,240.66290996168584,6.375210727969349,115.97701149425288,116.0,567.1954022988506,1.5236487,1.5236487,2026-10-09
2026-10-09 01:00:00,1,4,0,0.12679770114942523,241.8530459770115,5.173793103448276,99.65517241379311,93.14942528735632,448.71264367816093,1.2306633,1.2306633,2026-10-09
2026-10-09 02:00:00,2,4,0,0.12915977011494248,242.75240229885057,4.277931034482759,77.98850574712644,61.10344827586207,405.4942528735632,1.0132307,1.0132307,2026-10-09
2026-10-09 03:00:00,3,4,0,0.13923636599779202,242.6138356386778,3.854267160205208,81.80459770114942,73.88797973894408,300.80381842976817,0.8984389,0.8984389,2026-10-09
2026-10-09 04:00:00,4,4,0,0.13278467432950186,241.86273754789272,3.61536398467433,46.11494252873563,51.14942528735632,310.632183908046,0.8575205,0.8575205,2026-10-09
2026-10-09 05:00:00,5,4,0,0.10876628352490418,240.42335057471266,3.8024137931034483,3.8045977011494254,75.71264367816092,303.86206896551727,0.90769714,0.90769714,2026-10-09
2026-10-09 06:00:00,6,4,0,0.12766209633278594,239.54394512862615,5.158459222769568,93.3103448275862,83.54022988505747,252.43267651888343,1.220979,1.220979,2026-10-09
2026-10-09 07:00:00,7,4,0,0.1461113964294448,239.17569075568596,6.057851145349311,72.07850330154072,99.49425287356321,306.18684274883833,1.4395308,1.4395308,2026-10-09
2026-10-09 08:00:00,8,4,0,0.1250149425287356,240.05337164750958,6.2137931034482765,142.29885057471265,45.85057471264368,372.11494252873564,1.4848818,1.4848818,2026-10-09
2026-10-09 09:00:00,9,4,0,0.12140459770114939,240.16764942528738,6.293639846743295,157.89655172413794,44.333333333333336,381.85057471264366,1.5141271,1.5141271,2026-10-09
2026-10-09 10:00:00,10,4,0,0.12223992248062011,241.77251356589147,5.59577519379845,59.31395348837209,28.686046511627907,477.9767441860465,1.3446258,1.3446258,2026-10-09
2026-10-09 11:00:00,11,4,0,0.11853178294573641,242.60667441860463,4.306860465116279,23.96511627906977,42.36046511627907,453.2674418604651,1.0242349,1.0242349,2026-10-09
2026-10-09 12:00:00,12,4,0,0.12277209302325578,242.25845736434107,3.4916279069767437,16.290697674418606,45.68604651162791,332.8488372093023,0.8279833,0.8279833,2026-10-09
2026-10-09 13:00:00,13,4,0,0.12157248062015501,241.86182558139532,2.8550387596899225,24.8953488372093,40.093023255813954,218.2093023255814,0.6743765,0.6743765,2026-10-09
2026-10-09 14:00:00,14,4,0,0.1200519379844961,242.5761918604651,2.885387596899225,11.767441860465116,37.83720930232558,265.3953488372093,0.67043835,0.67043835,2026-10-09
2026-10-09 15:00:00,15,4,0,0.1184988372093023,242.94929651162786,2.816627906976744,29.86046511627907,38.348837209302324,222.82558139534885,0.6529643,0.6529643,2026-10-09
2026-10-09 16:00:00,16,4,0,0.117537984496124,243.00072674418604,2.745968992248062,51.86046511627907,39.94186046511628,226.1046511627907,0.63533026,0.63533026,2026-10-09
2026-10-09 17:00:00,17,4,0,0.11032751937984492,242.7553953488372,2.657325581395349,39.25581395348837,37.27906976744186,231.7325581395349,0.6154531,0.6154531,2026-10-09
2026-10-09 18:00:00,18,4,0,0.1133806201550387,242.59957945736434,3.5412403100775194,30.209302325581394,40.91860465116279,358.8255813953488,0.8268118,0.8268118,2026-10-09
2026-10-09 19:00:00,19,4,0,0.11902596899224802,240.9775251937984,6.734689922480619,10.418604651162791,59.25581395348837,727.4302325581396,1.6163734,1.6163734,2026-10-09
2026-10-09 20:00:00,20,4,0,0.11960775193798445,240.64571899224808,5.632131782945737,64.96511627906976,85.8953488372093,726.5232558139535,1.3413275,1.3413275,2026-10-09
2026-10-09 21:00:00,21,4,0,0.12838217054263562,240.35074999999998,5.55077519379845,99.15116279069767,94.16279069767442,709.4418604651163,1.3017061,1.3017061,2026-10-09
2026-10-09 22:00:00,22,4,0,0.14472480620155034,240.24197286821706,5.578682170542636,104.81395348837209,129.46511627906978,597.3255813953489,1.3036643,1.3036643,2026-10-09
2026-10-09 23:00:00,23,4,0,0.13945697674418603,240.05915310077518,6.798720930232559,128.11627906976744,141.11627906976744,689.3604651162791,1.6243871,1.6243871,2026-10-09
2026-10-10 00:00:00,0,5,1,0.1362478927203065,240.66290996168584,6.375210727969349,115.97701149425288,116.0,567.1954022988506,1.5240612,1.5240612,2026-10-10
2026-10-10 01:00:00,1,5,1,0.12679770114942523,241.8530459770115,5.173793103448276,99.65517241379311,93.14942528735632,448.71264367816093,1.2306633,1.2306633,2026-10-10
2026-10-10 02:00:00,2,5,1,0.12915977011494248,242.75240229885057,4.277931034482759,77.98850574712644,61.10344827586207,405.4942528735632,1.0132307,1.0132307,2026-10-10
2026-10-10 03:00:00,3,5,1,0.13923636599779202,242.6138356386778,3.854267160205208,81.80459770114942,73.88797973894408,300.80381842976817,0.8984389,0.8984389,2026-10-10
2026-10-10 04:00:00,4,5,1,0.13278467432950186,241.86273754789272,3.61536398467433,46.11494252873563,51.14942528735632,310.632183908046,0.8575205,0.8575205,2026-10-10
2026-10-10 05:00:00,5,5,1,0.10876628352490418,240.42335057471266,3.8024137931034483,3.8045977011494254,75.71264367816092,303.86206896551727,0.90769714,0.90769714,2026-10-10
2026-10-10 06:00:00,6,5,1,0.12766209633278594,239.54394512862615,5.158459222769568,93.3103448275862,83.54022988505747,252.43267651888343,1.220979,1.220979,2026-10-10
2026-10-10 07:00:00,7,5,1,0.1461113964294448,239.17569075568596,6.057851145349311,72.07850330154072,99.49425287356321,306.18684274883833,1.4395308,1.4395308,2026-10-10
2026-10-10 08:00:00,8,5,1,0.1250149425287356,240.05337164750958,6.2137931034482765,142.29885057471265,45.85057471264368,372.11494252873564,1.4858155,1.4858155,2026-10-10
2026-10-10 09:00:00,9,5,1,0.12140459770114939,240.16764942528738,6.293639846743295,157.89655172413794,44.333333333333336,381.85057471264366,1.5141271,1.5141271,2026-10-10
2026-10-10 10:00:00,10,5,1,0.12223992248062011,241.77251356589147,5.59577519379845,59.31395348837209,28.686046511627907,477.9767441860465,1.3446258,1.3446258,2026-10-10
2026-10-10 11:00:00,11,5,1,0.11853178294573641,242.60667441860463,4.306860465116279,23.96511627906977,42.36046511627907,453.2674418604651,1.0242349,1.0242349,2026-10-10
2026-10-10 12:00:00,12,5,1,0.12277209302325578,242.25845736434107,3.4916279069767437,16.290697674418606,45.68604651162791,332.8488372093023,0.8279833,0.8279833,2026-10-10
2026-10-10 13:00:00,13,5,1,0.12157248062015501,241.86182558139532,2.8550387596899225,24.8953488372093,40.093023255813954,218.2093023255814,0.6743765,0.6743765,2026-10-10
2026-10-10 14:00:00,14,5,1,0.1200519379844961,242.5761918604651,2.885387596899225,11.767441860465116,37.83720930232558,265.3953488372093,0.67043835,0.67043835,2026-10-10
2026-10-10 15:00:00,15,5,1,0.1184988372093023,242.94929651162786,2.816627906976744,29.86046511627907,38.348837209302324,222.82558139534885,0.6529643,0.6529643,2026-10-10
2026-10-10 16:00:00,16,5,1,0.117537984496124,243.00072674418604,2.745968992248062,51.86046511627907,39.94186046511628,226.1046511627907,0.63533026,0.63533026,2026-10-10
2026-10-10 17:00:00,17,5,1,0.11032751937984492,242.7553953488372,2.657325581395349,39.25581395348837,37.27906976744186,231.7325581395349,0.6154531,0.6154531,2026-10-10
2026-10-10 18:00:00,18,5,1,0.1133806201550387,242.59957945736434,3.5412403100775194,30.209302325581394,40.91860465116279,358.8255813953488,0.8268118,0.8268118,2026-10-10
2026-10-10 19:00:00,19,5,1,0.11902596899224802,240.9775251937984,6.734689922480619,10.418604651162791,59.25581395348837,727.4302325581396,1.6163734,1.6163734,2026-10-10
2026-10-10 20:00:00,20,5,1,0.11960775193798445,240.64571899224808,5.632131782945737,64.96511627906976,85.8953488372093,726.5232558139535,1.3413275,1.3413275,2026-10-10
2026-10-10 21:00:00,21,5,1,0.12838217054263562,240.35074999999998,5.55077519379845,99.15116279069767,94.16279069767442,709.4418604651163,1.3017061,1.3017061,2026-10-10
2026-10-10 22:00:00,22,5,1,0.14472480620155034,240.24197286821706,5.578682170542636,104.81395348837209,129.46511627906978,597.3255813953489,1.3036643,1.3036643,2026-10-10
2026-10-10 23:00:00,23,5,1,0.13945697674418603,240.05915310077518,6.798720930232559,128.11627906976744,141.11627906976744,689.3604651162791,1.6243871,1.6243871,2026-10-10
2026-10-11 00:00:00,0,6,1,0.1362478927203065,240.66290996168584,6.375210727969349,115.97701149425288,116.0,567.1954022988506,1.5207229,1.5207229,2026-10-11
2026-10-11 01:00:00,1,6,1,0.12679770114942523,241.8530459770115,5.173793103448276,99.65517241379311,93.14942528735632,448.71264367816093,1.2215,1.2215,2026-10-11
2026-10-11 02:00:00,2,6,1,0.12915977011494248,242.75240229885057,4.277931034482759,77.98850574712644,61.10344827586207,405.4942528735632,1.0134876,1.0134876,2026-10-11
2026-10-11 03:00:00,3,6,1,0.13923636599779202,242.6138356386778,3.854267160205208,81.80459770114942,73.88797973894408,300.80381842976817,0.897708,0.897708,2026-10-11
2026-10-11 04:00:00,4,6,1,0.13278467432950186,241.86273754789272,3.61536398467433,46.11494252873563,51.14942528735632,310.632183908046,0.85678965,0.85678965,2026-10-11
2026-10-11 05:00:00,5,6,1,0.10876628352490418,240.42335057471266,3.8024137931034483,3.8045977011494254,75.71264367816092,303.86206896551727,0.90696627,0.90696627,2026-10-11
2026-10-11 06:00:00,6,6,1,0.12766209633278594,239.54394512862615,5.158459222769568,93.3103448275862,83.54022988505747,252.43267651888343,1.2121961,1.2121961,2026-10-11
2026-10-11 07:00:00,7,6,1,0.1461113964294448,239.17569075568596,6.057851145349311,72.07850330154072,99.49425287356321,306.18684274883833,1.4363103,1.4363103,2026-10-11
2026-10-11 08:00:00,8,6,1,0.1250149425287356,240.05337164750958,6.2137931034482765,142.29885057471265,45.85057471264368,372.11494252873564,1.4845281,1.4845281,2026-10-11
2026-10-11 09:00:00,9,6,1,0.12140459770114939,240.16764942528738,6.293639846743295,157.89655172413794,44.333333333333336,381.85057471264366,1.5135317,1.5135317,2026-10-11
2026-10-11 10:00:00,10,6,1,0.12223992248062011,241.77251356589147,5.59577519379845,59.31395348837209,28.686046511627907,477.9767441860465,1.342964,1.342964,2026-10-11
2026-10-11 11:00:00,11,6,1,0.11853178294573641,242.60667441860463,4.306860465116279,23.96511627906977,42.36046511627907,453.2674418604651,1.0244217,1.0244217,2026-10-11
2026-10-11 12:00:00,12,6,1,0.12277209302325578,242.25845736434107,3.4916279069767437,16.290697674418606,45.68604651162791,332.8488372093023,0.8274782,0.8274782,2026-10-11
2026-10-11 13:00:00,13,6,1,0.12157248062015501,241.86182558139532,2.8550387596899225,24.8953488372093,40.093023255813954,218.2093023255814,0.6745633,0.6745633,2026-10-11
2026-10-11 14:00:00,14,6,1,0.1200519379844961,242.5761918604651,2.885387596899225,11.767441860465116,37.83720930232558,265.3953488372093,0.67062515,0.67062515,2026-10-11
2026-10-11 15:00:00,15,6,1,0.1184988372093023,242.94929651162786,2.816627906976744,29.86046511627907,38.348837209302324,222.82558139534885,0.6531511,0.6531511,2026-10-11
2026-10-11 16:00:00,16,6,1,0.117537984496124,243.00072674418604,2.745968992248062,51.86046511627907,39.94186046511628,226.1046511627907,0.63551706,0.63551706,2026-10-11
2026-10-11 17:00:00,17,6,1,0.11032751937984492,242.7553953488372,2.657325581395349,39.25581395348837,37.27906976744186,231.7325581395349,0.6154531,0.6154531,2026-10-11
2026-10-11 18:00:00,18,6,1,0.1133806201550387,242.59957945736434,3.5412403100775194,30.209302325581394,40.91860465116279,358.8255813953488,0.82630664,0.82630664,2026-10-11
2026-10-11 19:00:00,19,6,1,0.11902596899224802,240.9775251937984,6.734689922480619,10.418604651162791,59.25581395348837,727.4302325581396,1.6165602,1.6165602,2026-10-11
2026-10-11 20:00:00,20,6,1,0.11960775193798445,240.64571899224808,5.632131782945737,64.96511627906976,85.8953488372093,726.5232558139535,1.340409,1.340409,2026-10-11
2026-10-11 21:00:00,21,6,1,0.12838217054263562,240.35074999999998,5.55077519379845,99.15116279069767,94.16279069767442,709.4418604651163,1.2983991,1.2983991,2026-10-11
2026-10-11 22:00:00,22,6,1,0.14472480620155034,240.24197286821706,5.578682170542636,104.81395348837209,129.46511627906978,597.3255813953489,1.3003573,1.3003573,2026-10-11
2026-10-11 23:00:00,23,6,1,0.13945697674418603,240.05915310077518,6.798720930232559,128.11627906976744,141.11627906976744,689.3604651162791,1.6275355,1.6275355,2026-10-11
2026-10-12 00:00:00,0,0,0,0.1362478927203065,240.66290996168584,6.375210727969349,115.97701149425288,116.0,567.1954022988506,1.518211,1.518211,2026-10-12
2026-10-12 01:00:00,1,0,0,0.12679770114942523,241.8530459770115,5.173793103448276,99.65517241379311,93.14942528735632,448.71264367816093,1.2242202,1.2242202,2026-10-12
2026-10-12 02:00:00,2,0,0,0.12915977011494248,242.75240229885057,4.277931034482759,77.98850574712644,61.10344827586207,405.4942528735632,1.0116162,1.0116162,2026-10-12
2026-10-12 03:00:00,3,0,0,0.13923636599779202,242.6138356386778,3.854267160205208,81.80459770114942,73.88797973894408,300.80381842976817,0.895608,0.895608,2026-10-12
2026-10-12 04:00:00,4,0,0,0.13278467432950186,241.86273754789272,3.61536398467433,46.11494252873563,51.14942528735632,310.632183908046,0.85621506,0.85621506,2026-10-12
2026-10-12 05:00:00,5,0,0,0.10876628352490418,240.42335057471266,3.8024137931034483,3.8045977011494254,75.71264367816092,303.86206896551727,0.90552896,0.90552896,2026-10-12
2026-10-12 06:00:00,6,0,0,0.12766209633278594,239.54394512862615,5.158459222769568,93.3103448275862,83.54022988505747,252.43267651888343,1.2177008,1.2177008,2026-10-12
2026-10-12 07:00:00,7,0,0,0.1461113964294448,239.17569075568596,6.057851145349311,72.07850330154072,99.49425287356321,306.18684274883833,1.4366373,1.4366373,2026-10-12
2026-10-12 08:00:00,8,0,0,0.1250149425287356,240.05337164750958,6.2137931034482765,142.29885057471265,45.85057471264368,372.11494252873564,1.482959,1.482959,2026-10-12
2026-10-12 09:00:00,9,0,0,0.12140459770114939,240.16764942528738,6.293639846743295,157.89655172413794,44.333333333333336,381.85057471264366,1.5119175,1.5119175,2026-10-12
2026-10-12 10:00:00,10,0,0,0.12223992248062011,241.77251356589147,5.59577519379845,59.31395348837209,28.686046511627907,477.9767441860465,1.3423067,1.3423067,2026-10-12
2026-10-12 11:00:00,11,0,0,0.11853178294573641,242.60667441860463,4.306860465116279,23.96511627906977,42.36046511627907,453.2674418604651,1.0199611,1.0199611,2026-10-12
2026-10-12 12:00:00,12,0,0,0.12277209302325578,242.25845736434107,3.4916279069767437,16.290697674418606,45.68604651162791,332.8488372093023,0.82385486,0.82385486,2026-10-12
2026-10-12 13:00:00,13,0,0,0.12157248062015501,241.86182558139532,2.8550387596899225,24.8953488372093,40.093023255813954,218.2093023255814,0.67223954,0.67223954,2026-10-12
2026-10-12 14:00:00,14,0,0,0.1200519379844961,242.5761918604651,2.885387596899225,11.767441860465116,37.83720930232558,265.3953488372093,0.669979,0.669979,2026-10-12
2026-10-12 15:00:00,15,0,0,0.1184988372093023,242.94929651162786,2.816627906976744,29.86046511627907,38.348837209302324,222.82558139534885,0.649747,0.649747,2026-10-12
2026-10-12 16:00:00,16,0,0,0.117537984496124,243.00072674418604,2.745968992248062,51.86046511627907,39.94186046511628,226.1046511627907,0.632113,0.632113,2026-10-12
2026-10-12 17:00:00,17,0,0,0.11032751937984492,242.7553953488372,2.657325581395349,39.25581395348837,37.27906976744186,231.7325581395349,0.6158267,0.6158267,2026-10-12
2026-10-12 18:00:00,18,0,0,0.1133806201550387,242.59957945736434,3.5412403100775194,30.209302325581394,40.91860465116279,358.8255813953488,0.8258197,0.8258197,2026-10-12
2026-10-12 19:00:00,19,0,0,0.11902596899224802,240.9775251937984,6.734689922480619,10.418604651162791,59.25581395348837,727.4302325581396,1.6170511,1.6170511,2026-10-12
2026-10-12 20:00:00,20,0,0,0.11960775193798445,240.64571899224808,5.632131782945737,64.96511627906976,85.8953488372093,726.5232558139535,1.3363018,1.3363018,2026-10-12
2026-10-12 21:00:00,21,0,0,0.12838217054263562,240.35074999999998,5.55077519379845,99.15116279069767,94.16279069767442,709.4418604651163,1.2979596,1.2979596,2026-10-12
2026-10-12 22:00:00,22,0,0,0.14472480620155034,240.24197286821706,5.578682170542636,104.81395348837209,129.46511627906978,597.3255813953489,1.3015139,1.3015139,2026-10-12
2026-10-12 23:00:00,23,0,0,0.13945697674418603,240.05915310077518,6.798720930232559,128.11627906976744,141.11627906976744,689.3604651162791,1.623861,1.623861,2026-10-12
2026-10-13 00:00:00,0,1,0,0.1362478927203065,240.66290996168584,6.375210727969349,115.97701149425288,116.0,567.1954022988506,1.5174181,1.5174181,2026-10-13
2026-10-13 01:00:00,1,1,0,0.12679770114942523,241.8530459770115,5.173793103448276,99.65517241379311,93.14942528735632,448.71264367816093,1.2238103,1.2238103,2026-10-13
2026-10-13 02:00:00,2,1,0,0.12915977011494248,242.75240229885057,4.277931034482759,77.98850574712644,61.10344827586207,405.4942528735632,1.0105484,1.0105484,2026-10-13
2026-10-13 03:00:00,3,1,0,0.13923636599779202,242.6138356386778,3.854267160205208,81.80459770114942,73.88797973894408,300.80381842976817,0.8948541,0.8948541,2026-10-13
2026-10-13 04:00:00,4,1,0,0.13278467432950186,241.86273754789272,3.61536398467433,46.11494252873563,51.14942528735632,310.632183908046,0.85741645,0.85741645,2026-10-13
2026-10-13 05:00:00,5,1,0,0.10876628352490418,240.42335057471266,3.8024137931034483,3.8045977011494254,75.71264367816092,303.86206896551727,0.90584296,0.90584296,2026-10-13
2026-10-13 06:00:00,6,1,0,0.12766209633278594,239.54394512862615,5.158459222769568,93.3103448275862,83.54022988505747,252.43267651888343,1.2176093,1.2176093,2026-10-13
2026-10-13 07:00:00,7,1,0,0.1461113964294448,239.17569075568596,6.057851145349311,72.07850330154072,99.49425287356321,306.18684274883833,1.4361612,1.4361612,2026-10-13
2026-10-13 08:00:00,8,1,0,0.1250149425287356,240.05337164750958,6.2137931034482765,142.29885057471265,45.85057471264368,372.11494252873564,1.4851749,1.4851749,2026-10-13
2026-10-13 09:00:00,9,1,0,0.12140459770114939,240.16764942528738,6.293639846743295,157.89655172413794,44.333333333333336,381.85057471264366,1.5141333,1.5141333,2026-10-13
2026-10-13 10:00:00,10,1,0,0.12223992248062011,241.77251356589147,5.59577519379845,59.31395348837209,28.686046511627907,477.9767441860465,1.3438978,1.3438978,2026-10-13
2026-10-13 11:00:00,11,1,0,0.11853178294573641,242.60667441860463,4.306860465116279,23.96511627906977,42.36046511627907,453.2674418604651,1.0215522,1.0215522,2026-10-13
2026-10-13 12:00:00,12,1,0,0.12277209302325578,242.25845736434107,3.4916279069767437,16.290697674418606,45.68604651162791,332.8488372093023,0.82780933,0.82780933,2026-10-13
2026-10-13 13:00:00,13,1,0,0.12157248062015501,241.86182558139532,2.8550387596899225,24.8953488372093,40.093023255813954,218.2093023255814,0.6742719,0.6742719,2026-10-13
2026-10-13 14:00:00,14,1,0,0.1200519379844961,242.5761918604651,2.885387596899225,11.767441860465116,37.83720930232558,265.3953488372093,0.67046773,0.67046773,2026-10-13
2026-10-13 15:00:00,15,1,0,0.1184988372093023,242.94929651162786,2.816627906976744,29.86046511627907,38.348837209302324,222.82558139534885,0.65000206,0.65000206,2026-10-13
2026-10-13 16:00:00,16,1,0,0.117537984496124,243.00072674418604,2.745968992248062,51.86046511627907,39.94186046511628,226.1046511627907,0.632368,0.632368,2026-10-13
2026-10-13 17:00:00,17,1,0,0.11032751937984492,242.7553953488372,2.657325581395349,39.25581395348837,37.27906976744186,231.7325581395349,0.6158047,0.6158047,2026-10-13
2026-10-13 18:00:00,18,1,0,0.1133806201550387,242.59957945736434,3.5412403100775194,30.209302325581394,40.91860465116279,358.8255813953488,0.8257172,0.8257172,2026-10-13
2026-10-13 19:00:00,19,1,0,0.11902596899224802,240.9775251937984,6.734689922480619,10.418604651162791,59.25581395348837,727.4302325581396,1.6169161,1.6169161,2026-10-13
2026-10-13 20:00:00,20,1,0,0.11960775193798445,240.64571899224808,5.632131782945737,64.96511627906976,85.8953488372093,726.5232558139535,1.3361667,1.3361667,2026-10-13
2026-10-13 21:00:00,21,1,0,0.12838217054263562,240.35074999999998,5.55077519379845,99.15116279069767,94.16279069767442,709.4418604651163,1.2978245,1.2978245,2026-10-13
2026-10-13 22:00:00,22,1,0,0.14472480620155034,240.24197286821706,5.578682170542636,104.81395348837209,129.46511627906978,597.3255813953489,1.3013788,1.3013788,2026-10-13
2026-10-13 23:00:00,23,1,0,0.13945697674418603,240.05915310077518,6.798720930232559,128.11627906976744,141.11627906976744,689.3604651162791,1.6237259,1.6237259,2026-10-13
2026-10-14 00:00:00,0,2,0,0.1362478927203065,240.66290996168584,6.375210727969349,115.97701149425288,116.0,567.1954022988506,1.5161983,1.5161983,2026-10-14
2026-10-14 01:00:00,1,2,0,0.12679770114942523,241.8530459770115,5.173793103448276,99.65517241379311,93.14942528735632,448.71264367816093,1.2231776,1.2231776,2026-10-14
2026-10-14 02:00:00,2,2,0,0.12915977011494248,242.75240229885057,4.277931034482759,77.98850574712644,61.10344827586207,405.4942528735632,1.0097668,1.0097668,2026-10-14
2026-10-14 03:00:00,3,2,0,0.13923636599779202,242.6138356386778,3.854267160205208,81.80459770114942,73.88797973894408,300.80381842976817,0.8942213,0.8942213,2026-10-14
2026-10-14 04:00:00,4,2,0,0.13278467432950186,241.86273754789272,3.61536398467433,46.11494252873563,51.14942528735632,310.632183908046,0.8566348,0.8566348,2026-10-14
2026-10-14 05:00:00,5,2,0,0.10876628352490418,240.42335057471266,3.8024137931034483,3.8045977011494254,75.71264367816092,303.86206896551727,0.90584296,0.90584296,2026-10-14
2026-10-14 06:00:00,6,2,0,0.12766209633278594,239.54394512862615,5.158459222769568,93.3103448275862,83.54022988505747,252.43267651888343,1.2176093,1.2176093,2026-10-14
2026-10-14 07:00:00,7,2,0,0.1461113964294448,239.17569075568596,6.057851145349311,72.07850330154072,99.49425287356321,306.18684274883833,1.4361612,1.4361612,2026-10-14
2026-10-14 08:00:00,8,2,0,0.1250149425287356,240.05337164750958,6.2137931034482765,142.29885057471265,45.85057471264368,372.11494252873564,1.4851749,1.4851749,2026-10-14
2026-10-14 09:00:00,9,2,0,0.12140459770114939,240.16764942528738,6.293639846743295,157.89655172413794,44.333333333333336,381.85057471264366,1.5141333,1.5141333,2026-10-14
2026-10-14 10:00:00,10,2,0,0.12223992248062011,241.77251356589147,5.59577519379845,59.31395348837209,28.686046511627907,477.9767441860465,1.3438978,1.3438978,2026-10-14
2026-10-14 11:00:00,11,2,0,0.11853178294573641,242.60667441860463,4.306860465116279,23.96511627906977,42.36046511627907,453.2674418604651,1.0215522,1.0215522,2026-10-14
2026-10-14 12:00:00,12,2,0,0.12277209302325578,242.25845736434107,3.4916279069767437,16.290697674418606,45.68604651162791,332.8488372093023,0.8285421,0.8285421,2026-10-14
2026-10-14 13:00:00,13,2,0,0.12157248062015501,241.86182558139532,2.8550387596899225,24.8953488372093,40.093023255813954,218.2093023255814,0.6742719,0.6742719,2026-10-14
2026-10-14 14:00:00,14,2,0,0.1200519379844961,242.5761918604651,2.885387596899225,11.767441860465116,37.83720930232558,265.3953488372093,0.6712005,0.6712005,2026-10-14
2026-10-14 15:00:00,15,2,0,0.1184988372093023,242.94929651162786,2.816627906976744,29.86046511627907,38.348837209302324,222.82558139534885,0.65000206,0.65000206,2026-10-14
2026-10-14 16:00:00,16,2,0,0.117537984496124,243.00072674418604,2.745968992248062,51.86046511627907,39.94186046511628,226.1046511627907,0.632368,0.632368,2026-10-14
2026-10-14 17:00:00,17,2,0,0.11032751937984492,242.7553953488372,2.657325581395349,39.25581395348837,37.27906976744186,231.7325581395349,0.6158047,0.6158047,2026-10-14
2026-10-14 18:00:00,18,2,0,0.1133806201550387,242.59957945736434,3.5412403100775194,30.209302325581394,40.91860465116279,358.8255813953488,0.8257172,0.8257172,2026-10-14
2026-10-14 19:00:00,19,2,0,0.11902596899224802,240.9775251937984,6.734689922480619,10.418604651162791,59.25581395348837,727.4302325581396,1.6169161,1.6169161,2026-10-14
2026-10-14 20:00:00,20,2,0,0.11960775193798445,240.64571899224808,5.632131782945737,64.96511627906976,85.8953488372093,726.5232558139535,1.3361667,1.3361667,2026-10-14
2026-10-14 21:00:00,21,2,0,0.12838217054263562,240.35074999999998,5.55077519379845,99.15116279069767,94.16279069767442,709.4418604651163,1.2978245,1.2978245,2026-10-14
2026-10-14 22:00:00,22,2,0,0.14472480620155034,240.24197286821706,5.578682170542636,104.81395348837209,129.46511627906978,597.3255813953489,1.3008571,1.3008571,2026-10-14
2026-10-14 23:00:00,23,2,0,0.13945697674418603,240.05915310077518,6.798720930232559,128.11627906976744,141.11627906976744,689.3604651162791,1.6220187,1.6220187,2026-10-14
2026-10-15 00:00:00,0,3,0,0.1362478927203065,240.66290996168584,6.375210727969349,115.97701149425288,116.0,567.1954022988506,1.5182481,1.5182481,2026-10-15
2026-10-15 01:00:00,1,3,0,0.12679770114942523,241.8530459770115,5.173793103448276,99.65517241379311,93.14942528735632,448.71264367816093,1.2255787,1.2255787,2026-10-15
2026-10-15 02:00:00,2,3,0,0.12915977011494248,242.75240229885057,4.277931034482759,77.98850574712644,61.10344827586207,405.4942528735632,1.0129617,1.0129617,2026-10-15
2026-10-15 03:00:00,3,3,0,0.13923636599779202,242.6138356386778,3.854267160205208,81.80459770114942,73.88797973894408,300.80381842976817,0.8955612,0.8955612,2026-10-15
2026-10-15 04:00:00,4,3,0,0.13278467432950186,241.86273754789272,3.61536398467433,46.11494252873563,51.14942528735632,310.632183908046,0.85752666,0.85752666,2026-10-15
2026-10-15 05:00:00,5,3,0,0.10876628352490418,240.42335057471266,3.8024137931034483,3.8045977011494254,75.71264367816092,303.86206896551727,0.90584296,0.90584296,2026-10-15
2026-10-15 06:00:00,6,3,0,0.12766209633278594,239.54394512862615,5.158459222769568,93.3103448275862,83.54022988505747,252.43267651888343,1.2179393,1.2179393,2026-10-15
2026-10-15 07:00:00,7,3,0,0.1461113964294448,239.17569075568596,6.057851145349311,72.07850330154072,99.49425287356321,306.18684274883833,1.4364911,1.4364911,2026-10-15
2026-10-15 08:00:00,8,3,0,0.1250149425287356,240.05337164750958,6.2137931034482765,142.29885057471265,45.85057471264368,372.11494252873564,1.4851749,1.4851749,2026-10-15
2026-10-15 09:00:00,9,3,0,0.12140459770114939,240.16764942528738,6.293639846743295,157.89655172413794,44.333333333333336,381.85057471264366,1.5141333,1.5141333,2026-10-15
2026-10-15 10:00:00,10,3,0,0.12223992248062011,241.77251356589147,5.59577519379845,59.31395348837209,28.686046511627907,477.9767441860465,1.3446258,1.3446258,2026-10-15
2026-10-15 11:00:00,11,3,0,0.11853178294573641,242.60667441860463,4.306860465116279,23.96511627906977,42.36046511627907,453.2674418604651,1.023966,1.023966,2026-10-15
2026-10-15 12:00:00,12,3,0,0.12277209302325578,242.25845736434107,3.4916279069767437,16.290697674418606,45.68604651162791,332.8488372093023,0.82865286,0.82865286,2026-10-15
2026-10-15 13:00:00,13,3,0,0.12157248062015501,241.86182558139532,2.8550387596899225,24.8953488372093,40.093023255813954,218.2093023255814,0.6743826,0.6743826,2026-10-15
2026-10-15 14:00:00,14,3,0,0.1200519379844961,242.5761918604651,2.885387596899225,11.767441860465116,37.83720930232558,265.3953488372093,0.6711079,0.6711079,2026-10-15
2026-10-15 15:00:00,15,3,0,0.1184988372093023,242.94929651162786,2.816627906976744,29.86046511627907,38.348837209302324,222.82558139534885,0.65269536,0.65269536,2026-10-15
2026-10-15 16:00:00,16,3,0,0.117537984496124,243.00072674418604,2.745968992248062,51.86046511627907,39.94186046511628,226.1046511627907,0.6350613,0.6350613,2026-10-15
2026-10-15 17:00:00,17,3,0,0.11032751937984492,242.7553953488372,2.657325581395349,39.25581395348837,37.27906976744186,231.7325581395349,0.6159617,0.6159617,2026-10-15
2026-10-15 18:00:00,18,3,0,0.1133806201550387,242.59957945736434,3.5412403100775194,30.209302325581394,40.91860465116279,358.8255813953488,0.82654285,0.82654285,2026-10-15
2026-10-15 19:00:00,19,3,0,0.11902596899224802,240.9775251937984,6.734689922480619,10.418604651162791,59.25581395348837,727.4302325581396,1.6163796,1.6163796,2026-10-15
2026-10-15 20:00:00,20,3,0,0.11960775193798445,240.64571899224808,5.632131782945737,64.96511627906976,85.8953488372093,726.5232558139535,1.336886,1.336886,2026-10-15
2026-10-15 21:00:00,21,3,0,0.12838217054263562,240.35074999999998,5.55077519379845,99.15116279069767,94.16279069767442,709.4418604651163,1.2985438,1.2985438,2026-10-15
2026-10-15 22:00:00,22,3,0,0.14472480620155034,240.24197286821706,5.578682170542636,104.81395348837209,129.46511627906978,597.3255813953489,1.3011918,1.3011918,2026-10-15
2026-10-15 23:00:00,23,3,0,0.13945697674418603,240.05915310077518,6.798720930232559,128.11627906976744,141.11627906976744,689.3604651162791,1.6222016,1.6222016,2026-10-15
2026-10-16 00:00:00,0,4,0,0.1362478927203065,240.66290996168584,6.375210727969349,115.97701149425288,116.0,567.1954022988506,1.5236487,1.5236487,2026-10-16
2026-10-16 01:00:00,1,4,0,0.12679770114942523,241.8530459770115,5.173793103448276,99.65517241379311,93.14942528735632,448.71264367816093,1.2306633,1.2306633,2026-10-16
2026-10-16 02:00:00,2,4,0,0.12915977011494248,242.75240229885057,4.277931034482759,77.98850574712644,61.10344827586207,405.4942528735632,1.0132307,1.0132307,2026-10-16
2026-10-16 03:00:00,3,4,0,0.13923636599779202,242.6138356386778,3.854267160205208,81.80459770114942,73.88797973894408,300.80381842976817,0.8984389,0.8984389,2026-10-16
2026-10-16 04:00:00,4,4,0,0.13278467432950186,241.86273754789272,3.61536398467433,46.11494252873563,51.14942528735632,310.632183908046,0.8575205,0.8575205,2026-10-16
2026-10-16 05:00:00,5,4,0,0.10876628352490418,240.42335057471266,3.8024137931034483,3.8045977011494254,75.71264367816092,303.86206896551727,0.90769714,0.90769714,2026-10-16
2026-10-16 06:00:00,6,4,0,0.12766209633278594,239.54394512862615,5.158459222769568,93.3103448275862,83.54022988505747,252.43267651888343,1.220979,1.220979,2026-10-16
2026-10-16 07:00:00,7,4,0,0.1461113964294448,239.17569075568596,6.057851145349311,72.07850330154072,99.49425287356321,306.18684274883833,1.4395308,1.4395308,2026-10-16
2026-10-16 08:00:00,8,4,0,0.1250149425287356,240.05337164750958,6.2137931034482765,142.29885057471265,45.85057471264368,372.11494252873564,1.4848818,1.4848818,2026-10-16
2026-10-16 09:00:00,9,4,0,0.12140459770114939,240.16764942528738,6.293639846743295,157.89655172413794,44.333333333333336,381.85057471264366,1.5141271,1.5141271,2026-10-16
2026-10-16 10:00:00,10,4,0,0.12223992248062011,241.77251356589147,5.59577519379845,59.31395348837209,28.686046511627907,477.9767441860465,1.3446258,1.3446258,2026-10-16
2026-10-16 11:00:00,11,4,0,0.11853178294573641,242.60667441860463,4.306860465116279,23.96511627906977,42.36046511627907,453.2674418604651,1.0242349,1.0242349,2026-10-16
2026-10-16 12:00:00,12,4,0,0.12277209302325578,242.25845736434107,3.4916279069767437,16.290697674418606,45.68604651162791,332.8488372093023,0.8279833,0.8279833,2026-10-16
2026-10-16 13:00:00,13,4,0,0.12157248062015501,241.86182558139532,2.8550387596899225,24.8953488372093,40.093023255813954,218.2093023255814,0.6743765,0.6743765,2026-10-16
2026-10-16 14:00:00,14,4,0,0.1200519379844961,242.5761918604651,2.885387596899225,11.767441860465116,37.83720930232558,265.3953488372093,0.67043835,0.67043835,2026-10-16
2026-10-16 15:00:00,15,4,0,0.1184988372093023,242.94929651162786,2.816627906976744,29.86046511627907,38.348837209302324,222.82558139534885,0.6529643,0.6529643,2026-10-16
2026-10-16 16:00:00,16,4,0,0.117537984496124,243.00072674418604,2.745968992248062,51.86046511627907,39.94186046511628,226.1046511627907,0.63533026,0.63533026,2026-10-16
2026-10-16 17:00:00,17,4,0,0.11032751937984492,242.7553953488372,2.657325581395349,39.25581395348837,37.27906976744186,231.7325581395349,0.6154531,0.6154531,2026-10-16
2026-10-16 18:00:00,18,4,0,0.1133806201550387,242.59957945736434,3.5412403100775194,30.209302325581394,40.91860465116279,358.8255813953488,0.8268118,0.8268118,2026-10-16
2026-10-16 19:00:00,19,4,0,0.11902596899224802,240.9775251937984,6.734689922480619,10.418604651162791,59.25581395348837,727.4302325581396,1.6163734,1.6163734,2026-10-16
2026-10-16 20:00:00,20,4,0,0.11960775193798445,240.64571899224808,5.632131782945737,64.96511627906976,85.8953488372093,726.5232558139535,1.3413275,1.3413275,2026-10-16
2026-10-16 21:00:00,21,4,0,0.12838217054263562,240.35074999999998,5.55077519379845,99.15116279069767,94.16279069767442,709.4418604651163,1.3017061,1.3017061,2026-10-16
2026-10-16 22:00:00,22,4,0,0.14472480620155034,240.24197286821706,5.578682170542636,104.81395348837209,129.46511627906978,597.3255813953489,1.3036643,1.3036643,2026-10-16
2026-10-16 23:00:00,23,4,0,0.13945697674418603,240.05915310077518,6.798720930232559,128.11627906976744,141.11627906976744,689.3604651162791,1.6243871,1.6243871,2026-10-16
2026-10-17 00:00:00,0,5,1,0.1362478927203065,240.66290996168584,6.375210727969349,115.97701149425288,116.0,567.1954022988506,1.5240612,1.5240612,2026-10-17
2026-10-17 01:00:00,1,5,1,0.12679770114942523,241.8530459770115,5.173793103448276,99.65517241379311,93.14942528735632,448.71264367816093,1.2306633,1.2306633,2026-10-17
2026-10-17 02:00:00,2,5,1,0.12915977011494248,242.75240229885057,4.277931034482759,77.98850574712644,61.10344827586207,405.4942528735632,1.0132307,1.0132307,2026-10-17
2026-10-17 03:00:00,3,5,1,0.13923636599779202,242.6138356386778,3.854267160205208,81.80459770114942,73.88797973894408,300.80381842976817,0.8984389,0.8984389,2026-10-17
2026-10-17 04:00:00,4,5,1,0.13278467432950186,241.86273754789272,3.61536398467433,46.11494252873563,51.14942528735632,310.632183908046,0.8575205,0.8575205,2026-10-17
2026-10-17 05:00:00,5,5,1,0.10876628352490418,240.42335057471266,3.8024137931034483,3.8045977011494254,75.71264367816092,303.86206896551727,0.90769714,0.90769714,2026-10-17
2026-10-17 06:00:00,6,5,1,0.12766209633278594,239.54394512862615,5.158459222769568,93.3103448275862,83.54022988505747,252.43267651888343,1.220979,1.220979,2026-10-17
2026-10-17 07:00:00,7,5,1,0.1461113964294448,239.17569075568596,6.057851145349311,72.07850330154072,99.49425287356321,306.18684274883833,1.4395308,1.4395308,2026-10-17
2026-10-17 08:00:00,8,5,1,0.1250149425287356,240.05337164750958,6.2137931034482765,142.29885057471265,45.85057471264368,372.11494252873564,1.4858155,1.4858155,2026-10-17
2026-10-17 09:00:00,9,5,1,0.12140459770114939,240.16764942528738,6.293639846743295,157.89655172413794,44.333333333333336,381.85057471264366,1.5141271,1.5141271,2026-10-17
2026-10-17 10:00:00,10,5,1,0.12223992248062011,241.77251356589147,5.59577519379845,59.31395348837209,28.686046511627907,477.9767441860465,1.3446258,1.3446258,2026-10-17
2026-10-17 11:00:00,11,5,1,0.11853178294573641,242.60667441860463,4.306860465116279,23.96511627906977,42.36046511627907,453.2674418604651,1.0242349,1.0242349,2026-10-17
2026-10-17 12:00:00,12,5,1,0.12277209302325578,242.25845736434107,3.4916279069767437,16.290697674418606,45.68604651162791,332.8488372093023,0.8279833,0.8279833,2026-10-17
2026-10-17 13:00:00,13,5,1,0.12157248062015501,241.86182558139532,2.8550387596899225,24.8953488372093,40.093023255813954,218.2093023255814,0.6743765,0.6743765,2026-10-17
2026-10-17 14:00:00,14,5,1,0.1200519379844961,242.5761918604651,2.885387596899225,11.767441860465116,37.83720930232558,265.3953488372093,0.67043835,0.67043835,2026-10-17
2026-10-17 15:00:00,15,5,1,0.1184988372093023,242.94929651162786,2.816627906976744,29.86046511627907,38.348837209302324,222.82558139534885,0.6529643,0.6529643,2026-10-17
2026-10-17 16:00:00,16,5,1,0.117537984496124,243.00072674418604,2.745968992248062,51.86046511627907,39.94186046511628,226.1046511627907,0.63533026,0.63533026,2026-10-17
2026-10-17 17:00:00,17,5,1,0.11032751937984492,242.7553953488372,2.657325581395349,39.25581395348837,37.27906976744186,231.7325581395349,0.6154531,0.6154531,2026-10-17
2026-10-17 18:00:00,18,5,1,0.1133806201550387,242.59957945736434,3.5412403100775194,30.209302325581394,40.91860465116279,358.8255813953488,0.8268118,0.8268118,2026-10-17
2026-10-17 19:00:00,19,5,1,0.11902596899224802,240.9775251937984,6.734689922480619,10.418604651162791,59.25581395348837,727.4302325581396,1.6163734,1.6163734,2026-10-17
2026-10-17 20:00:00,20,5,1,0.11960775193798445,240.64571899224808,5.632131782945737,64.96511627906976,85.8953488372093,726.5232558139535,1.3413275,1.3413275,2026-10-17
2026-10-17 21:00:00,21,5,1,0.12838217054263562,240.35074999999998,5.55077519379845,99.15116279069767,94.16279069767442,709.4418604651163,1.3017061,1.3017061,2026-10-17
2026-10-17 22:00:00,22,5,1,0.14472480620155034,240.24197286821706,5.578682170542636,104.81395348837209,129.46511627906978,597.3255813953489,1.3036643,1.3036643,2026-10-17
2026-10-17 23:00:00,23,5,1,0.13945697674418603,240.05915310077518,6.798720930232559,128.11627906976744,141.11627906976744,689.3604651162791,1.6243871,1.6243871,2026-10-17
2026-10-18 00:00:00,0,6,1,0.1362478927203065,240.66290996168584,6.375210727969349,115.97701149425288,116.0,567.1954022988506,1.5207229,1.5207229,2026-10-18
2026-10-18 01:00:00,1,6,1,0.12679770114942523,241.8530459770115,5.173793103448276,99.65517241379311,93.14942528735632,448.71264367816093,1.2215,1.2215,2026-10-18
2026-10-18 02:00:00,2,6,1,0.12915977011494248,242.75240229885057,4.277931034482759,77.98850574712644,61.10344827586207,405.4942528735632,1.0134876,1.0134876,2026-10-18
2026-10-18 03:00:00,3,6,1,0.13923636599779202,242.6138356386778,3.854267160205208,81.80459770114942,73.88797973894408,300.80381842976817,0.897708,0.897708,2026-10-18
2026-10-18 04:00:00,4,6,1,0.13278467432950186,241.86273754789272,3.61536398467433,46.11494252873563,51.14942528735632,310.632183908046,0.85678965,0.85678965,2026-10-18
2026-10-18 05:00:00,5,6,1,0.10876628352490418,240.42335057471266,3.8024137931034483,3.8045977011494254,75.71264367816092,303.86206896551727,0.90696627,0.90696627,2026-10-18
2026-10-18 06:00:00,6,6,1,0.12766209633278594,239.54394512862615,5.158459222769568,93.3103448275862,83.54022988505747,252.43267651888343,1.2121961,1.2121961,2026-10-18
2026-10-18 07:00:00,7,6,1,0.1461113964294448,239.17569075568596,6.057851145349311,72.07850330154072,99.49425287356321,306.18684274883833,1.4363103,1.4363103,2026-10-18
2026-10-18 08:00:00,8,6,1,0.1250149425287356,240.05337164750958,6.2137931034482765,142.29885057471265,45.85057471264368,372.11494252873564,1.4845281,1.4845281,2026-10-18
2026-10-18 09:00:00,9,6,1,0.12140459770114939,240.16764942528738,6.293639846743295,157.89655172413794,44.333333333333336,381.85057471264366,1.5135317,1.5135317,2026-10-18
2026-10-18 10:00:00,10,6,1,0.12223992248062011,241.77251356589147,5.59577519379845,59.31395348837209,28.686046511627907,477.9767441860465,1.342964,1.342964,2026-10-18
2026-10-18 11:00:00,11,6,1,0.11853178294573641,242.60667441860463,4.306860465116279,23.96511627906977,42.36046511627907,453.2674418604651,1.0244217,1.0244217,2026-10-18
2026-10-18 12:00:00,12,6,1,0.12277209302325578,242.25845736434107,3.4916279069767437,16.290697674418606,45.68604651162791,332.8488372093023,0.8274782,0.8274782,2026-10-18
2026-10-18 13:00:00,13,6,1,0.12157248062015501,241.86182558139532,2.8550387596899225,24.8953488372093,40.093023255813954,218.2093023255814,0.6745633,0.6745633,2026-10-18
2026-10-18 14:00:00,14,6,1,0.1200519379844961,242.5761918604651,2.885387596899225,11.767441860465116,37.83720930232558,265.3953488372093,0.67062515,0.67062515,2026-10-18
2026-10-18 15:00:00,15,6,1,0.1184988372093023,242.94929651162786,2.816627906976744,29.86046511627907,38.348837209302324,222.82558139534885,0.6531511,0.6531511,2026-10-18
2026-10-18 16:00:00,16,6,1,0.117537984496124,243.00072674418604,2.745968992248062,51.86046511627907,39.94186046511628,226.1046511627907,0.63551706,0.63551706,2026-10-18
2026-10-18 17:00:00,17,6,1,0.11032751937984492,242.7553953488372,2.657325581395349,39.25581395348837,37.27906976744186,231.7325581395349,0.6154531,0.6154531,2026-10-18
2026-10-18 18:00:00,18,6,1,0.1133806201550387,242.59957945736434,3.5412403100775194,30.209302325581394,40.91860465116279,358.8255813953488,0.82630664,0.82630664,2026-10-18
2026-10-18 19:00:00,19,6,1,0.11902596899224802,240.9775251937984,6.734689922480619,10.418604651162791,59.25581395348837,727.4302325581396,1.6165602,1.6165602,2026-10-18
2026-10-18 20:00:00,20,6,1,0.11960775193798445,240.64571899224808,5.632131782945737,64.96511627906976,85.8953488372093,726.5232558139535,1.340409,1.340409,2026-10-18
2026-10-18 21:00:00,21,6,1,0.12838217054263562,240.35074999999998,5.55077519379845,99.15116279069767,94.16279069767442,709.4418604651163,1.2983991,1.2983991,2026-10-18
2026-10-18 22:00:00,22,6,1,0.14472480620155034,240.24197286821706,5.578682170542636,104.81395348837209,129.46511627906978,597.3255813953489,1.3003573,1.3003573,2026-10-18
2026-10-18 23:00:00,23,6,1,0.13945697674418603,240.05915310077518,6.798720930232559,128.11627906976744,141.11627906976744,689.3604651162791,1.6275355,1.6275355,2026-10-18
2026-10-19 00:00:00,0,0,0,0.1362478927203065,240.66290996168584,6.375210727969349,115.97701149425288,116.0,567.1954022988506,1.518211,1.518211,2026-10-19
2026-10-19 01:00:00,1,0,0,0.12679770114942523,241.8530459770115,5.173793103448276,99.65517241379311,93.14942528735632,448.71264367816093,1.2242202,1.2242202,2026-10-19
2026-10-19 02:00:00,2,0,0,0.12915977011494248,242.75240229885057,4.277931034482759,77.98850574712644,61.10344827586207,405.4942528735632,1.0116162,1.0116162,2026-10-19
2026-10-19 03:00:00,3,0,0,0.13923636599779202,242.6138356386778,3.854267160205208,81.80459770114942,73.88797973894408,300.80381842976817,0.895608,0.895608,2026-10-19
2026-10-19 04:00:00,4,0,0,0.13278467432950186,241.86273754789272,3.61536398467433,46.11494252873563,51.14942528735632,310.632183908046,0.85621506,0.85621506,2026-10-19
2026-10-19 05:00:00,5,0,0,0.10876628352490418,240.42335057471266,3.8024137931034483,3.8045977011494254,75.71264367816092,303.86206896551727,0.90552896,0.90552896,2026-10-19
2026-10-19 06:00:00,6,0,0,0.12766209633278594,239.54394512862615,5.158459222769568,93.3103448275862,83.54022988505747,252.43267651888343,1.2177008,1.2177008,2026-10-19
2026-10-19 07:00:00,7,0,0,0.1461113964294448,239.17569075568596,6.057851145349311,72.07850330154072,99.49425287356321,306.18684274883833,1.4366373,1.4366373,2026-10-19
2026-10-19 08:00:00,8,0,0,0.1250149425287356,240.05337164750958,6.2137931034482765,142.29885057471265,45.85057471264368,372.11494252873564,1.482959,1.482959,2026-10-19
2026-10-19 09:00:00,9,0,0,0.12140459770114939,240.16764942528738,6.293639846743295,157.89655172413794,44.333333333333336,381.85057471264366,1.5119175,1.5119175,2026-10-19
2026-10-19 10:00:00,10,0,0,0.12223992248062011,241.77251356589147,5.59577519379845,59.31395348837209,28.686046511627907,477.9767441860465,1.3423067,1.3423067,2026-10-19
2026-10-19 11:00:00,11,0,0,0.11853178294573641,242.60667441860463,4.306860465116279,23.96511627906977,42.36046511627907,453.2674418604651,1.0199611,1.0199611,2026-10-19
2026-10-19 12:00:00,12,0,0,0.12277209302325578,242.25845736434107,3.4916279069767437,16.290697674418606,45.68604651162791,332.8488372093023,0.82385486,0.82385486,2026-10-19
2026-10-19 13:00:00,13,0,0,0.12157248062015501,241.86182558139532,2.8550387596899225,24.8953488372093,40.093023255813954,218.2093023255814,0.67223954,0.67223954,2026-10-19
2026-10-19 14:00:00,14,0,0,0.1200519379844961,242.5761918604651,2.885387596899225,11.767441860465116,37.83720930232558,265.3953488372093,0.669979,0.669979,2026-10-19
2026-10-19 15:00:00,15,0,0,0.1184988372093023,242.94929651162786,2.816627906976744,29.86046511627907,38.348837209302324,222.82558139534885,0.649747,0.649747,2026-10-19
2026-10-19 16:00:00,16,0,0,0.117537984496124,243.00072674418604,2.745968992248062,51.86046511627907,39.94186046511628,226.1046511627907,0.632113,0.632113,2026-10-19
2026-10-19 17:00:00,17,0,0,0.11032751937984492,242.7553953488372,2.657325581395349,39.25581395348837,37.27906976744186,231.7325581395349,0.6158267,0.6158267,2026-10-19
2026-10-19 18:00:00,18,0,0,0.1133806201550387,242.59957945736434,3.5412403100775194,30.209302325581394,40.91860465116279,358.8255813953488,0.8258197,0.8258197,2026-10-19
2026-10-19 19:00:00,19,0,0,0.11902596899224802,240.9775251937984,6.734689922480619,10.418604651162791,59.25581395348837,727.4302325581396,1.6170511,1.6170511,2026-10-19
2026-10-19 20:00:00,20,0,0,0.11960775193798445,240.64571899224808,5.632131782945737,64.96511627906976,85.8953488372093,726.5232558139535,1.3363018,1.3363018,2026-10-19
2026-10-19 21:00:00,21,0,0,0.12838217054263562,240.35074999999998,5.55077519379845,99.15116279069767,94.16279069767442,709.4418604651163,1.2979596,1.2979596,2026-10-19
2026-10-19 22:00:00,22,0,0,0.14472480620155034,240.24197286821706,5.578682170542636,104.81395348837209,129.46511627906978,597.3255813953489,1.3015139,1.3015139,2026-10-19
2026-10-19 23:00:00,23,0,0,0.13945697674418603,240.05915310077518,6.798720930232559,128.11627906976744,141.11627906976744,689.3604651162791,1.623861,1.623861,2026-10-19
2026-10-20 00:00:00,0,1,0,0.1362478927203065,240.66290996168584,6.375210727969349,115.97701149425288,116.0,567.1954022988506,1.5174181,1.5174181,2026-10-20
2026-10-20 01:00:00,1,1,0,0.12679770114942523,241.8530459770115,5.173793103448276,99.65517241379311,93.14942528735632,448.71264367816093,1.2238103,1.2238103,2026-10-20
2026-10-20 02:00:00,2,1,0,0.12915977011494248,242.75240229885057,4.277931034482759,77.98850574712644,61.10344827586207,405.4942528735632,1.0105484,1.0105484,2026-10-20
2026-10-20 03:00:00,3,1,0,0.13923636599779202,242.6138356386778,3.854267160205208,81.80459770114942,73.88797973894408,300.80381842976817,0.8948541,0.8948541,2026-10-20
2026-10-20 04:00:00,4,1,0,0.13278467432950186,241.86273754789272,3.61536398467433,46.11494252873563,51.14942528735632,310.632183908046,0.85741645,0.85741645,2026-10-20
2026-10-20 05:00:00,5,1,0,0.10876628352490418,240.42335057471266,3.8024137931034483,3.8045977011494254,75.71264367816092,303.86206896551727,0.90584296,0.90584296,2026-10-20
2026-10-20 06:00:00,6,1,0,0.12766209633278594,239.54394512862615,5.158459222769568,93.3103448275862,83.54022988505747,252.43267651888343,1.2176093,1.2176093,2026-10-20
2026-10-20 07:00:00,7,1,0,0.1461113964294448,239.17569075568596,6.057851145349311,72.07850330154072,99.49425287356321,306.18684274883833,1.4361612,1.4361612,2026-10-20
2026-10-20 08:00:00,8,1,0,0.1250149425287356,240.05337164750958,6.2137931034482765,142.29885057471265,45.85057471264368,372.11494252873564,1.4851749,1.4851749,2026-10-20
2026-10-20 09:00:00,9,1,0,0.12140459770114939,240.16764942528738,6.293639846743295,157.89655172413794,44.333333333333336,381.85057471264366,1.5141333,1.5141333,2026-10-20
2026-10-20 10:00:00,10,1,0,0.12223992248062011,241.77251356589147,5.59577519379845,59.31395348837209,28.686046511627907,477.9767441860465,1.3438978,1.3438978,2026-10-20
2026-10-20 11:00:00,11,1,0,0.11853178294573641,242.60667441860463,4.306860465116279,23.96511627906977,42.36046511627907,453.2674418604651,1.0215522,1.0215522,2026-10-20
2026-10-20 12:00:00,12,1,0,0.12277209302325578,242.25845736434107,3.4916279069767437,16.290697674418606,45.68604651162791,332.8488372093023,0.82780933,0.82780933,2026-10-20
2026-10-20 13:00:00,13,1,0,0.12157248062015501,241.86182558139532,2.8550387596899225,24.8953488372093,40.093023255813954,218.2093023255814,0.6742719,0.6742719,2026-10-20
2026-10-20 14:00:00,14,1,0,0.1200519379844961,242.5761918604651,2.885387596899225,11.767441860465116,37.83720930232558,265.3953488372093,0.67046773,0.67046773,2026-10-20
2026-10-20 15:00:00,15,1,0,0.1184988372093023,242.94929651162786,2.816627906976744,29.86046511627907,38.348837209302324,222.82558139534885,0.65000206,0.65000206,2026-10-20
2026-10-20 16:00:00,16,1,0,0.117537984496124,243.00072674418604,2.745968992248062,51.86046511627907,39.94186046511628,226.1046511627907,0.632368,0.632368,2026-10-20
2026-10-20 17:00:00,17,1,0,0.11032751937984492,242.7553953488372,2.657325581395349,39.25581395348837,37.27906976744186,231.7325581395349,0.6158047,0.6158047,2026-10-20
2026-10-20 18:00:00,18,1,0,0.1133806201550387,242.59957945736434,3.5412403100775194,30.209302325581394,40.91860465116279,358.8255813953488,0.8257172,0.8257172,2026-10-20
2026-10-20 19:00:00,19,1,0,0.11902596899224802,240.9775251937984,6.734689922480619,10.418604651162791,59.25581395348837,727.4302325581396,1.6169161,1.6169161,2026-10-20
2026-10-20 20:00:00,20,1,0,0.11960775193798445,240.64571899224808,5.632131782945737,64.96511627906976,85.8953488372093,726.5232558139535,1.3361667,1.3361667,2026-10-20
2026-10-20 21:00:00,21,1,0,0.12838217054263562,240.35074999999998,5.55077519379845,99.15116279069767,94.16279069767442,709.4418604651163,1.2978245,1.2978245,2026-10-20
2026-10-20 22:00:00,22,1,0,0.14472480620155034,240.24197286821706,5.578682170542636,104.81395348837209,129.46511627906978,597.3255813953489,1.3013788,1.3013788,2026-10-20
2026-10-20 23:00:00,23,1,0,0.13945697674418603,240.05915310077518,6.798720930232559,128.11627906976744,141.11627906976744,689.3604651162791,1.6237259,1.6237259,2026-10-20
2026-10-21 00:00:00,0,2,0,0.1362478927203065,240.66290996168584,6.375210727969349,115.97701149425288,116.0,567.1954022988506,1.5161983,1.5161983,2026-10-21
2026-10-21 01:00:00,1,2,0,0.12679770114942523,241.8530459770115,5.173793103448276,99.65517241379311,93.14942528735632,448.71264367816093,1.2231776,1.2231776,2026-10-21
2026-10-21 02:00:00,2,2,0,0.12915977011494248,242.75240229885057,4.277931034482759,77.98850574712644,61.10344827586207,405.4942528735632,1.0097668,1.0097668,2026-10-21
2026-10-21 03:00:00,3,2,0,0.13923636599779202,242.6138356386778,3.854267160205208,81.80459770114942,73.88797973894408,300.80381842976817,0.8942213,0.8942213,2026-10-21
2026-10-21 04:00:00,4,2,0,0.13278467432950186,241.86273754789272,3.61536398467433,46.11494252873563,51.14942528735632,310.632183908046,0.8566348,0.8566348,2026-10-21
2026-10-21 05:00:00,5,2,0,0.10876628352490418,240.42335057471266,3.8024137931034483,3.8045977011494254,75.71264367816092,303.86206896551727,0.90584296,0.90584296,2026-10-21
2026-10-21 06:00:00,6,2,0,0.12766209633278594,239.54394512862615,5.158459222769568,93.3103448275862,83.54022988505747,252.43267651888343,1.2176093,1.2176093,2026-10-21
2026-10-21 07:00:00,7,2,0,0.1461113964294448,239.17569075568596,6.057851145349311,72.07850330154072,99.49425287356321,306.18684274883833,1.4361612,1.4361612,2026-10-21
2026-10-21 08:00:00,8,2,0,0.1250149425287356,240.05337164750958,6.2137931034482765,142.29885057471265,45.85057471264368,372.11494252873564,1.4851749,1.4851749,2026-10-21
2026-10-21 09:00:00,9,2,0,0.12140459770114939,240.16764942528738,6.293639846743295,157.89655172413794,44.333333333333336,381.85057471264366,1.5141333,1.5141333,2026-10-21
2026-10-21 10:00:00,10,2,0,0.12223992248062011,241.77251356589147,5.59577519379845,59.31395348837209,28.686046511627907,477.9767441860465,1.3438978,1.3438978,2026-10-21
2026-10-21 11:00:00,11,2,0,0.11853178294573641,242.60667441860463,4.306860465116279,23.96511627906977,42.36046511627907,453.2674418604651,1.0215522,1.0215522,2026-10-21
2026-10-21 12:00:00,12,2,0,0.12277209302325578,242.25845736434107,3.4916279069767437,16.290697674418606,45.68604651162791,332.8488372093023,0.8285421,0.8285421,2026-10-21
2026-10-21 13:00:00,13,2,0,0.12157248062015501,241.86182558139532,2.8550387596899225,24.8953488372093,40.093023255813954,218.2093023255814,0.6742719,0.6742719,2026-10-21
2026-10-21 14:00:00,14,2,0,0.1200519379844961,242.5761918604651,2.885387596899225,11.767441860465116,37.83720930232558,265.3953488372093,0.6712005,0.6712005,2026-10-21
2026-10-21 15:00:00,15,2,0,0.1184988372093023,242.94929651162786,2.816627906976744,29.86046511627907,38.348837209302324,222.82558139534885,0.65000206,0.65000206,2026-10-21
2026-10-21 16:00:00,16,2,0,0.117537984496124,243.00072674418604,2.745968992248062,51.86046511627907,39.94186046511628,226.1046511627907,0.632368,0.632368,2026-10-21
2026-10-21 17:00:00,17,2,0,0.11032751937984492,242.7553953488372,2.657325581395349,39.25581395348837,37.27906976744186,231.7325581395349,0.6158047,0.6158047,2026-10-21
2026-10-21 18:00:00,18,2,0,0.1133806201550387,242.59957945736434,3.5412403100775194,30.209302325581394,40.91860465116279,358.8255813953488,0.8257172,0.8257172,2026-10-21
2026-10-21 19:00:00,19,2,0,0.11902596899224802,240.9775251937984,6.734689922480619,10.418604651162791,59.25581395348837,727.4302325581396,1.6169161,1.6169161,2026-10-21
2026-10-21 20:00:00,20,2,0,0.11960775193798445,240.64571899224808,5.632131782945737,64.96511627906976,85.8953488372093,726.5232558139535,1.3361667,1.3361667,2026-10-21
2026-10-21 21:00:00,21,2,0,0.12838217054263562,240.35074999999998,5.55077519379845,99.15116279069767,94.16279069767442,709.4418604651163,1.2978245,1.2978245,2026-10-21
2026-10-21 22:00:00,22,2,0,0.14472480620155034,240.24197286821706,5.578682170542636,104.81395348837209,129.46511627906978,597.3255813953489,1.3008571,1.3008571,2026-10-21
2026-10-21 23:00:00,23,2,0,0.13945697674418603,240.05915310077518,6.798720930232559,128.11627906976744,141.11627906976744,689.3604651162791,1.6220187,1.6220187,2026-10-21
2026-10-22 00:00:00,0,3,0,0.1362478927203065,240.66290996168584,6.375210727969349,115.97701149425288,116.0,567.1954022988506,1.5182481,1.5182481,2026-10-22
2026-10-22 01:00:00,1,3,0,0.12679770114942523,241.8530459770115,5.173793103448276,99.65517241379311,93.14942528735632,448.71264367816093,1.2255787,1.2255787,2026-10-22
2026-10-22 02:00:00,2,3,0,0.12915977011494248,242.75240229885057,4.277931034482759,77.98850574712644,61.10344827586207,405.4942528735632,1.0129617,1.0129617,2026-10-22
2026-10-22 03:00:00,3,3,0,0.13923636599779202,242.6138356386778,3.854267160205208,81.80459770114942,73.88797973894408,300.80381842976817,0.8955612,0.8955612,2026-10-22
2026-10-22 04:00:00,4,3,0,0.13278467432950186,241.86273754789272,3.61536398467433,46.11494252873563,51.14942528735632,310.632183908046,0.85752666,0.85752666,2026-10-22
2026-10-22 05:00:00,5,3,0,0.10876628352490418,240.42335057471266,3.8024137931034483,3.8045977011494254,75.71264367816092,303.86206896551727,0.90584296,0.90584296,2026-10-22
2026-10-22 06:00:00,6,3,0,0.12766209633278594,239.54394512862615,5.158459222769568,93.3103448275862,83.54022988505747,252.43267651888343,1.2179393,1.2179393,2026-10-22
2026-10-22 07:00:00,7,3,0,0.1461113964294448,239.17569075568596,6.057851145349311,72.07850330154072,99.49425287356321,306.18684274883833,1.4364911,1.4364911,2026-10-22
2026-10-22 08:00:00,8,3,0,0.1250149425287356,240.05337164750958,6.2137931034482765,142.29885057471265,45.85057471264368,372.11494252873564,1.4851749,1.4851749,2026-10-22
2026-10-22 09:00:00,9,3,0,0.12140459770114939,240.16764942528738,6.293639846743295,157.89655172413794,44.333333333333336,381.85057471264366,1.5141333,1.5141333,2026-10-22
2026-10-22 10:00:00,10,3,0,0.12223992248062011,241.77251356589147,5.59577519379845,59.31395348837209,28.686046511627907,477.9767441860465,1.3446258,1.3446258,2026-10-22
2026-10-22 11:00:00,11,3,0,0.11853178294573641,242.60667441860463,4.306860465116279,23.96511627906977,42.36046511627907,453.2674418604651,1.023966,1.023966,2026-10-22
2026-10-22 12:00:00,12,3,0,0.12277209302325578,242.25845736434107,3.4916279069767437,16.290697674418606,45.68604651162791,332.8488372093023,0.82865286,0.82865286,2026-10-22
2026-10-22 13:00:00,13,3,0,0.12157248062015501,241.86182558139532,2.8550387596899225,24.8953488372093,40.093023255813954,218.2093023255814,0.6743826,0.6743826,2026-10-22
2026-10-22 14:00:00,14,3,0,0.1200519379844961,242.5761918604651,2.885387596899225,11.767441860465116,37.83720930232558,265.3953488372093,0.6711079,0.6711079,2026-10-22
2026-10-22 15:00:00,15,3,0,0.1184988372093023,242.94929651162786,2.816627906976744,29.86046511627907,38.348837209302324,222.82558139534885,0.65269536,0.65269536,2026-10-22
2026-10-22 16:00:00,16,3,0,0.117537984496124,243.00072674418604,2.745968992248062,51.86046511627907,39.94186046511628,226.1046511627907,0.6350613,0.6350613,2026-10-22
2026-10-22 17:00:00,17,3,0,0.11032751937984492,242.7553953488372,2.657325581395349,39.25581395348837,37.27906976744186,231.7325581395349,0.6159617,0.6159617,2026-10-22
2026-10-22 18:00:00,18,3,0,0.1133806201550387,242.59957945736434,3.5412403100775194,30.209302325581394,40.91860465116279,358.8255813953488,0.82654285,0.82654285,2026-10-22
2026-10-22 19:00:00,19,3,0,0.11902596899224802,240.9775251937984,6.734689922480619,10.418604651162791,59.25581395348837,727.4302325581396,1.6163796,1.6163796,2026-10-22
2026-10-22 20:00:00,20,3,0,0.11960775193798445,240.64571899224808,5.632131782945737,64.96511627906976,85.8953488372093,726.5232558139535,1.336886,1.336886,2026-10-22
2026-10-22 21:00:00,21,3,0,0.12838217054263562,240.35074999999998,5.55077519379845,99.15116279069767,94.16279069767442,709.4418604651163,1.2985438,1.2985438,2026-10-22
2026-10-22 22:00:00,22,3,0,0.14472480620155034,240.24197286821706,5.578682170542636,104.81395348837209,129.46511627906978,597.3255813953489,1.3011918,1.3011918,2026-10-22
2026-10-22 23:00:00,23,3,0,0.13945697674418603,240.05915310077518,6.798720930232559,128.11627906976744,141.11627906976744,689.3604651162791,1.6222016,1.6222016,2026-10-22
2026-10-23 00:00:00,0,4,0,0.1362478927203065,240.66290996168584,6.375210727969349,115.97701149425288,116.0,567.1954022988506,1.5236487,1.5236487,2026-10-23
2026-10-23 01:00:00,1,4,0,0.12679770114942523,241.8530459770115,5.173793103448276,99.65517241379311,93.14942528735632,448.71264367816093,1.2306633,1.2306633,2026-10-23
2026-10-23 02:00:00,2,4,0,0.12915977011494248,242.75240229885057,4.277931034482759,77.98850574712644,61.10344827586207,405.4942528735632,1.0132307,1.0132307,2026-10-23
2026-10-23 03:00:00,3,4,0,0.13923636599779202,242.6138356386778,3.854267160205208,81.80459770114942,73.88797973894408,300.80381842976817,0.8984389,0.8984389,2026-10-23
2026-10-23 04:00:00,4,4,0,0.13278467432950186,241.86273754789272,3.61536398467433,46.11494252873563,51.14942528735632,310.632183908046,0.8575205,0.8575205,2026-10-23
2026-10-23 05:00:00,5,4,0,0.10876628352490418,240.42335057471266,3.8024137931034483,3.8045977011494254,75.71264367816092,303.86206896551727,0.90769714,0.90769714,2026-10-23
2026-10-23 06:00:00,6,4,0,0.12766209633278594,239.54394512862615,5.158459222769568,93.3103448275862,83.54022988505747,252.43267651888343,1.220979,1.220979,2026-10-23
2026-10-23 07:00:00,7,4,0,0.1461113964294448,239.17569075568596,6.057851145349311,72.07850330154072,99.49425287356321,306.18684274883833,1.4395308,1.4395308,2026-10-23
2026-10-23 08:00:00,8,4,0,0.1250149425287356,240.05337164750958,6.2137931034482765,142.29885057471265,45.85057471264368,372.11494252873564,1.4848818,1.4848818,2026-10-23
2026-10-23 09:00:00,9,4,0,0.12140459770114939,240.16764942528738,6.293639846743295,157.89655172413794,44.333333333333336,381.85057471264366,1.5141271,1.5141271,2026-10-23
2026-10-23 10:00:00,10,4,0,0.12223992248062011,241.77251356589147,5.59577519379845,59.31395348837209,28.686046511627907,477.9767441860465,1.3446258,1.3446258,2026-10-23
2026-10-23 11:00:00,11,4,0,0.11853178294573641,242.60667441860463,4.306860465116279,23.96511627906977,42.36046511627907,453.2674418604651,1.0242349,1.0242349,2026-10-23
2026-10-23 12:00:00,12,4,0,0.12277209302325578,242.25845736434107,3.4916279069767437,16.290697674418606,45.68604651162791,332.8488372093023,0.8279833,0.8279833,2026-10-23
2026-10-23 13:00:00,13,4,0,0.12157248062015501,241.86182558139532,2.8550387596899225,24.8953488372093,40.093023255813954,218.2093023255814,0.6743765,0.6743765,2026-10-23
2026-10-23 14:00:00,14,4,0,0.1200519379844961,242.5761918604651,2.885387596899225,11.767441860465116,37.83720930232558,265.3953488372093,0.67043835,0.67043835,2026-10-23
2026-10-23 15:00:00,15,4,0,0.1184988372093023,242.94929651162786,2.816627906976744,29.86046511627907,38.348837209302324,222.82558139534885,0.6529643,0.6529643,2026-10-23
2026-10-23 16:00:00,16,4,0,0.117537984496124,243.00072674418604,2.745968992248062,51.86046511627907,39.94186046511628,226.1046511627907,0.63533026,0.63533026,2026-10-23
2026-10-23 17:00:00,17,4,0,0.11032751937984492,242.7553953488372,2.657325581395349,39.25581395348837,37.27906976744186,231.7325581395349,0.6154531,0.6154531,2026-10-23
2026-10-23 18:00:00,18,4,0,0.1133806201550387,242.59957945736434,3.5412403100775194,30.209302325581394,40.91860465116279,358.8255813953488,0.8268118,0.8268118,2026-10-23
2026-10-23 19:00:00,19,4,0,0.11902596899224802,240.9775251937984,6.734689922480619,10.418604651162791,59.25581395348837,727.4302325581396,1.6163734,1.6163734,2026-10-23
2026-10-23 20:00:00,20,4,0,0.11960775193798445,240.64571899224808,5.632131782945737,64.96511627906976,85.8953488372093,726.5232558139535,1.3413275,1.3413275,2026-10-23
2026-10-23 21:00:00,21,4,0,0.12838217054263562,240.35074999999998,5.55077519379845,99.15116279069767,94.16279069767442,709.4418604651163,1.3017061,1.3017061,2026-10-23
2026-10-23 22:00:00,22,4,0,0.14472480620155034,240.24197286821706,5.578682170542636,104.81395348837209,129.46511627906978,597.3255813953489,1.3036643,1.3036643,2026-10-23
2026-10-23 23:00:00,23,4,0,0.13945697674418603,240.05915310077518,6.798720930232559,128.11627906976744,141.11627906976744,689.3604651162791,1.6243871,1.6243871,2026-10-23
2026-10-24 00:00:00,0,5,1,0.1362478927203065,240.66290996168584,6.375210727969349,115.97701149425288,116.0,567.1954022988506,1.5240612,1.5240612,2026-10-24
2026-10-24 01:00:00,1,5,1,0.12679770114942523,241.8530459770115,5.173793103448276,99.65517241379311,93.14942528735632,448.71264367816093,1.2306633,1.2306633,2026-10-24
2026-10-24 02:00:00,2,5,1,0.12915977011494248,242.75240229885057,4.277931034482759,77.98850574712644,61.10344827586207,405.4942528735632,1.0132307,1.0132307,2026-10-24
2026-10-24 03:00:00,3,5,1,0.13923636599779202,242.6138356386778,3.854267160205208,81.80459770114942,73.88797973894408,300.80381842976817,0.8984389,0.8984389,2026-10-24
2026-10-24 04:00:00,4,5,1,0.13278467432950186,241.86273754789272,3.61536398467433,46.11494252873563,51.14942528735632,310.632183908046,0.8575205,0.8575205,2026-10-24
2026-10-24 05:00:00,5,5,1,0.10876628352490418,240.42335057471266,3.8024137931034483,3.8045977011494254,75.71264367816092,303.86206896551727,0.90769714,0.90769714,2026-10-24
2026-10-24 06:00:00,6,5,1,0.12766209633278594,239.54394512862615,5.158459222769568,93.3103448275862,83.54022988505747,252.43267651888343,1.220979,1.220979,2026-10-24
2026-10-24 07:00:00,7,5,1,0.1461113964294448,239.17569075568596,6.057851145349311,72.07850330154072,99.49425287356321,306.18684274883833,1.4395308,1.4395308,2026-10-24
2026-10-24 08:00:00,8,5,1,0.1250149425287356,240.05337164750958,6.2137931034482765,142.29885057471265,45.85057471264368,372.11494252873564,1.4858155,1.4858155,2026-10-24
2026-10-24 09:00:00,9,5,1,0.12140459770114939,240.16764942528738,6.293639846743295,157.89655172413794,44.333333333333336,381.85057471264366,1.5141271,1.5141271,2026-10-24
2026-10-24 10:00:00,10,5,1,0.12223992248062011,241.77251356589147,5.59577519379845,59.31395348837209,28.686046511627907,477.9767441860465,1.3446258,1.3446258,2026-10-24
2026-10-24 11:00:00,11,5,1,0.11853178294573641,242.60667441860463,4.306860465116279,23.96511627906977,42.36046511627907,453.2674418604651,1.0242349,1.0242349,2026-10-24
2026-10-24 12:00:00,12,5,1,0.12277209302325578,242.25845736434107,3.4916279069767437,16.290697674418606,45.68604651162791,332.8488372093023,0.8279833,0.8279833,2026-10-24
2026-10-24 13:00:00,13,5,1,0.12157248062015501,241.86182558139532,2.8550387596899225,24.8953488372093,40.093023255813954,218.2093023255814,0.6743765,0.6743765,2026-10-24
2026-10-24 14:00:00,14,5,1,0.1200519379844961,242.5761918604651,2.885387596899225,11.767441860465116,37.83720930232558,265.3953488372093,0.67043835,0.67043835,2026-10-24
2026-10-24 15:00:00,15,5,1,0.1184988372093023,242.94929651162786,2.816627906976744,29.86046511627907,38.348837209302324,222.82558139534885,0.6529643,0.6529643,2026-10-24
2026-10-24 16:00:00,16,5,1,0.117537984496124,243.00072674418604,2.745968992248062,51.86046511627907,39.94186046511628,226.1046511627907,0.63533026,0.63533026,2026-10-24
2026-10-24 17:00:00,17,5,1,0.11032751937984492,242.7553953488372,2.657325581395349,39.25581395348837,37.27906976744186,231.7325581395349,0.6154531,0.6154531,2026-10-24
2026-10-24 18:00:00,18,5,1,0.1133806201550387,242.59957945736434,3.5412403100775194,30.209302325581394,40.91860465116279,358.8255813953488,0.8268118,0.8268118,2026-10-24
2026-10-24 19:00:00,19,5,1,0.11902596899224802,240.9775251937984,6.734689922480619,10.418604651162791,59.25581395348837,727.4302325581396,1.6163734,1.6163734,2026-10-24
2026-10-24 20:00:00,20,5,1,0.11960775193798445,240.64571899224808,5.632131782945737,64.96511627906976,85.8953488372093,726.5232558139535,1.3413275,1.3413275,2026-10-24
2026-10-24 21:00:00,21,5,1,0.12838217054263562,240.35074999999998,5.55077519379845,99.15116279069767,94.16279069767442,709.4418604651163,1.3017061,1.3017061,2026-10-24
2026-10-24 22:00:00,22,5,1,0.14472480620155034,240.24197286821706,5.578682170542636,104.81395348837209,129.46511627906978,597.3255813953489,1.3036643,1.3036643,2026-10-24
2026-10-24 23:00:00,23,5,1,0.13945697674418603,240.05915310077518,6.798720930232559,128.11627906976744,141.11627906976744,689.3604651162791,1.6243871,1.6243871,2026-10-24
2026-10-25 00:00:00,0,6,1,0.1362478927203065,240.66290996168584,6.375210727969349,115.97701149425288,116.0,567.1954022988506,1.5207229,1.5207229,2026-10-25
2026-10-25 01:00:00,1,6,1,0.12679770114942523,241.8530459770115,5.173793103448276,99.65517241379311,93.14942528735632,448.71264367816093,1.2215,1.2215,2026-10-25
2026-10-25 02:00:00,2,6,1,0.12915977011494248,242.75240229885057,4.277931034482759,77.98850574712644,61.10344827586207,405.4942528735632,1.0134876,1.0134876,2026-10-25
2026-10-25 03:00:00,3,6,1,0.13923636599779202,242.6138356386778,3.854267160205208,81.80459770114942,73.88797973894408,300.80381842976817,0.897708,0.897708,2026-10-25
2026-10-25 04:00:00,4,6,1,0.13278467432950186,241.86273754789272,3.61536398467433,46.11494252873563,51.14942528735632,310.632183908046,0.85678965,0.85678965,2026-10-25
2026-10-25 05:00:00,5,6,1,0.10876628352490418,240.42335057471266,3.8024137931034483,3.8045977011494254,75.71264367816092,303.86206896551727,0.90696627,0.90696627,2026-10-25
2026-10-25 06:00:00,6,6,1,0.12766209633278594,239.54394512862615,5.158459222769568,93.3103448275862,83.54022988505747,252.43267651888343,1.2121961,1.2121961,2026-10-25
2026-10-25 07:00:00,7,6,1,0.1461113964294448,239.17569075568596,6.057851145349311,72.07850330154072,99.49425287356321,306.18684274883833,1.4363103,1.4363103,2026-10-25
2026-10-25 08:00:00,8,6,1,0.1250149425287356,240.05337164750958,6.2137931034482765,142.29885057471265,45.85057471264368,372.11494252873564,1.4845281,1.4845281,2026-10-25
2026-10-25 09:00:00,9,6,1,0.12140459770114939,240.16764942528738,6.293639846743295,157.89655172413794,44.333333333333336,381.85057471264366,1.5135317,1.5135317,2026-10-25
2026-10-25 10:00:00,10,6,1,0.12223992248062011,241.77251356589147,5.59577519379845,59.31395348837209,28.686046511627907,477.9767441860465,1.342964,1.342964,2026-10-25
2026-10-25 11:00:00,11,6,1,0.11853178294573641,242.60667441860463,4.306860465116279,23.96511627906977,42.36046511627907,453.2674418604651,1.0244217,1.0244217,2026-10-25
2026-10-25 12:00:00,12,6,1,0.12277209302325578,242.25845736434107,3.4916279069767437,16.290697674418606,45.68604651162791,332.8488372093023,0.8274782,0.8274782,2026-10-25
2026-10-25 13:00:00,13,6,1,0.12157248062015501,241.86182558139532,2.8550387596899225,24.8953488372093,40.093023255813954,218.2093023255814,0.6745633,0.6745633,2026-10-25
2026-10-25 14:00:00,14,6,1,0.1200519379844961,242.5761918604651,2.885387596899225,11.767441860465116,37.83720930232558,265.3953488372093,0.67062515,0.67062515,2026-10-25
2026-10-25 15:00:00,15,6,1,0.1184988372093023,242.94929651162786,2.816627906976744,29.86046511627907,38.348837209302324,222.82558139534885,0.6531511,0.6531511,2026-10-25
2026-10-25 16:00:00,16,6,1,0.117537984496124,243.00072674418604,2.745968992248062,51.86046511627907,39.94186046511628,226.1046511627907,0.63551706,0.63551706,2026-10-25
2026-10-25 17:00:00,17,6,1,0.11032751937984492,242.7553953488372,2.657325581395349,39.25581395348837,37.27906976744186,231.7325581395349,0.6154531,0.6154531,2026-10-25
2026-10-25 18:00:00,18,6,1,0.1133806201550387,242.59957945736434,3.5412403100775194,30.209302325581394,40.91860465116279,358.8255813953488,0.82630664,0.82630664,2026-10-25
2026-10-25 19:00:00,19,6,1,0.11902596899224802,240.9775251937984,6.734689922480619,10.418604651162791,59.25581395348837,727.4302325581396,1.6165602,1.6165602,2026-10-25
2026-10-25 20:00:00,20,6,1,0.11960775193798445,240.64571899224808,5.632131782945737,64.96511627906976,85.8953488372093,726.5232558139535,1.340409,1.340409,2026-10-25
2026-10-25 21:00:00,21,6,1,0.12838217054263562,240.35074999999998,5.55077519379845,99.15116279069767,94.16279069767442,709.4418604651163,1.2983991,1.2983991,2026-10-25
2026-10-25 22:00:00,22,6,1,0.14472480620155034,240.24197286821706,5.578682170542636,104.81395348837209,129.46511627906978,597.3255813953489,1.3003573,1.3003573,2026-10-25
2026-10-25 23:00:00,23,6,1,0.13945697674418603,240.05915310077518,6.798720930232559,128.11627906976744,141.11627906976744,689.3604651162791,1.6275355,1.6275355,2026-10-25
2026-10-26 00:00:00,0,0,0,0.1362478927203065,240.66290996168584,6.375210727969349,115.97701149425288,116.0,567.1954022988506,1.518211,1.518211,2026-10-26
2026-10-26 01:00:00,1,0,0,0.12679770114942523,241.8530459770115,5.173793103448276,99.65517241379311,93.14942528735632,448.71264367816093,1.2242202,1.2242202,2026-10-26
2026-10-26 02:00:00,2,0,0,0.12915977011494248,242.75240229885057,4.277931034482759,77.98850574712644,61.10344827586207,405.4942528735632,1.0116162,1.0116162,2026-10-26
2026-10-26 03:00:00,3,0,0,0.13923636599779202,242.6138356386778,3.854267160205208,81.80459770114942,73.88797973894408,300.80381842976817,0.895608,0.895608,2026-10-26
2026-10-26 04:00:00,4,0,0,0.13278467432950186,241.86273754789272,3.61536398467433,46.11494252873563,51.14942528735632,310.632183908046,0.85621506,0.85621506,2026-10-26
2026-10-26 05:00:00,5,0,0,0.10876628352490418,240.42335057471266,3.8024137931034483,3.8045977011494254,75.71264367816092,303.86206896551727,0.90552896,0.90552896,2026-10-26
2026-10-26 06:00:00,6,0,0,0.12766209633278594,239.54394512862615,5.158459222769568,93.3103448275862,83.54022988505747,252.43267651888343,1.2177008,1.2177008,2026-10-26
2026-10-26 07:00:00,7,0,0,0.1461113964294448,239.17569075568596,6.057851145349311,72.07850330154072,99.49425287356321,306.18684274883833,1.4366373,1.4366373,2026-10-26
2026-10-26 08:00:00,8,0,0,0.1250149425287356,240.05337164750958,6.2137931034482765,142.29885057471265,45.85057471264368,372.11494252873564,1.482959,1.482959,2026-10-26
2026-10-26 09:00:00,9,0,0,0.12140459770114939,240.16764942528738,6.293639846743295,157.89655172413794,44.333333333333336,381.85057471264366,1.5119175,1.5119175,2026-10-26
2026-10-26 10:00:00,10,0,0,0.12223992248062011,241.77251356589147,5.59577519379845,59.31395348837209,28.686046511627907,477.9767441860465,1.3423067,1.3423067,2026-10-26
2026-10-26 11:00:00,11,0,0,0.11853178294573641,242.60667441860463,4.306860465116279,23.96511627906977,42.36046511627907,453.2674418604651,1.0199611,1.0199611,2026-10-26
2026-10-26 12:00:00,12,0,0,0.12277209302325578,242.25845736434107,3.4916279069767437,16.290697674418606,45.68604651162791,332.8488372093023,0.82385486,0.82385486,2026-10-26
2026-10-26 13:00:00,13,0,0,0.12157248062015501,241.86182558139532,2.8550387596899225,24.8953488372093,40.093023255813954,218.2093023255814,0.67223954,0.67223954,2026-10-26
2026-10-26 14:00:00,14,0,0,0.1200519379844961,242.5761918604651,2.885387596899225,11.767441860465116,37.83720930232558,265.3953488372093,0.669979,0.669979,2026-10-26
2026-10-26 15:00:00,15,0,0,0.1184988372093023,242.94929651162786,2.816627906976744,29.86046511627907,38.348837209302324,222.82558139534885,0.649747,0.649747,2026-10-26
2026-10-26 16:00:00,16,0,0,0.117537984496124,243.00072674418604,2.745968992248062,51.86046511627907,39.94186046511628,226.1046511627907,0.632113,0.632113,2026-10-26
2026-10-26 17:00:00,17,0,0,0.11032751937984492,242.7553953488372,2.657325581395349,39.25581395348837,37.27906976744186,231.7325581395349,0.6158267,0.6158267,2026-10-26
2026-10-26 18:00:00,18,0,0,0.1133806201550387,242.59957945736434,3.5412403100775194,30.209302325581394,40.91860465116279,358.8255813953488,0.8258197,0.8258197,2026-10-26
2026-10-26 19:00:00,19,0,0,0.11902596899224802,240.9775251937984,6.734689922480619,10.418604651162791,59.25581395348837,727.4302325581396,1.6170511,1.6170511,2026-10-26
2026-10-26 20:00:00,20,0,0,0.11960775193798445,240.64571899224808,5.632131782945737,64.96511627906976,85.8953488372093,726.5232558139535,1.3363018,1.3363018,2026-10-26
2026-10-26 21:00:00,21,0,0,0.12838217054263562,240.35074999999998,5.55077519379845,99.15116279069767,94.16279069767442,709.4418604651163,1.2979596,1.2979596,2026-10-26
2026-10-26 22:00:00,22,0,0,0.14472480620155034,240.24197286821706,5.578682170542636,104.81395348837209,129.46511627906978,597.3255813953489,1.3015139,1.3015139,2026-10-26
2026-10-26 23:00:00,23,0,0,0.13945697674418603,240.05915310077518,6.798720930232559,128.11627906976744,141.11627906976744,689.3604651162791,1.623861,1.623861,2026-10-26
2026-10-27 00:00:00,0,1,0,0.1362478927203065,240.66290996168584,6.375210727969349,115.97701149425288,116.0,567.1954022988506,1.5174181,1.5174181,2026-10-27
2026-10-27 01:00:00,1,1,0,0.12679770114942523,241.8530459770115,5.173793103448276,99.65517241379311,93.14942528735632,448.71264367816093,1.2238103,1.2238103,2026-10-27
2026-10-27 02:00:00,2,1,0,0.12915977011494248,242.75240229885057,4.277931034482759,77.98850574712644,61.10344827586207,405.4942528735632,1.0105484,1.0105484,2026-10-27
2026-10-27 03:00:00,3,1,0,0.13923636599779202,242.6138356386778,3.854267160205208,81.80459770114942,73.88797973894408,300.80381842976817,0.8948541,0.8948541,2026-10-27
2026-10-27 04:00:00,4,1,0,0.13278467432950186,241.86273754789272,3.61536398467433,46.11494252873563,51.14942528735632,310.632183908046,0.85741645,0.85741645,2026-10-27
2026-10-27 05:00:00,5,1,0,0.10876628352490418,240.42335057471266,3.8024137931034483,3.8045977011494254,75.71264367816092,303.86206896551727,0.90584296,0.90584296,2026-10-27
2026-10-27 06:00:00,6,1,0,0.12766209633278594,239.54394512862615,5.158459222769568,93.3103448275862,83.54022988505747,252.43267651888343,1.2176093,1.2176093,2026-10-27
2026-10-27 07:00:00,7,1,0,0.1461113964294448,239.17569075568596,6.057851145349311,72.07850330154072,99.49425287356321,306.18684274883833,1.4361612,1.4361612,2026-10-27
2026-10-27 08:00:00,8,1,0,0.1250149425287356,240.05337164750958,6.2137931034482765,142.29885057471265,45.85057471264368,372.11494252873564,1.4851749,1.4851749,2026-10-27
2026-10-27 09:00:00,9,1,0,0.12140459770114939,240.16764942528738,6.293639846743295,157.89655172413794,44.333333333333336,381.85057471264366,1.5141333,1.5141333,2026-10-27
2026-10-27 10:00:00,10,1,0,0.12223992248062011,241.77251356589147,5.59577519379845,59.31395348837209,28.686046511627907,477.9767441860465,1.3438978,1.3438978,2026-10-27
2026-10-27 11:00:00,11,1,0,0.11853178294573641,242.60667441860463,4.306860465116279,23.96511627906977,42.36046511627907,453.2674418604651,1.0215522,1.0215522,2026-10-27
2026-10-27 12:00:00,12,1,0,0.12277209302325578,242.25845736434107,3.4916279069767437,16.290697674418606,45.68604651162791,332.8488372093023,0.82780933,0.82780933,2026-10-27
2026-10-27 13:00:00,13,1,0,0.12157248062015501,241.86182558139532,2.8550387596899225,24.8953488372093,40.093023255813954,218.2093023255814,0.6742719,0.6742719,2026-10-27
2026-10-27 14:00:00,14,1,0,0.1200519379844961,242.5761918604651,2.885387596899225,11.767441860465116,37.83720930232558,265.3953488372093,0.67046773,0.67046773,2026-10-27
2026-10-27 15:00:00,15,1,0,0.1184988372093023,242.94929651162786,2.816627906976744,29.86046511627907,38.348837209302324,222.82558139534885,0.65000206,0.65000206,2026-10-27
2026-10-27 16:00:00,16,1,0,0.117537984496124,243.00072674418604,2.745968992248062,51.86046511627907,39.94186046511628,226.1046511627907,0.632368,0.632368,2026-10-27
2026-10-27 17:00:00,17,1,0,0.11032751937984492,242.7553953488372,2.657325581395349,39.25581395348837,37.27906976744186,231.7325581395349,0.6158047,0.6158047,2026-10-27
2026-10-27 18:00:00,18,1,0,0.1133806201550387,242.59957945736434,3.5412403100775194,30.209302325581394,40.91860465116279,358.8255813953488,0.8257172,0.8257172,2026-10-27
2026-10-27 19:00:00,19,1,0,0.11902596899224802,240.9775251937984,6.734689922480619,10.418604651162791,59.25581395348837,727.4302325581396,1.6169161,1.6169161,2026-10-27
2026-10-27 20:00:00,20,1,0,0.11960775193798445,240.64571899224808,5.632131782945737,64.96511627906976,85.8953488372093,726.5232558139535,1.3361667,1.3361667,2026-10-27
2026-10-27 21:00:00,21,1,0,0.12838217054263562,240.35074999999998,5.55077519379845,99.15116279069767,94.16279069767442,709.4418604651163,1.2978245,1.2978245,2026-10-27
2026-10-27 22:00:00,22,1,0,0.14472480620155034,240.24197286821706,5.578682170542636,104.81395348837209,129.46511627906978,597.3255813953489,1.3013788,1.3013788,2026-10-27
2026-10-27 23:00:00,23,1,0,0.13945697674418603,240.05915310077518,6.798720930232559,128.11627906976744,141.11627906976744,689.3604651162791,1.6237259,1.6237259,2026-10-27
2026-10-28 00:00:00,0,2,0,0.1362478927203065,240.66290996168584,6.375210727969349,115.97701149425288,116.0,567.1954022988506,1.5161983,1.5161983,2026-10-28
2026-10-28 01:00:00,1,2,0,0.12679770114942523,241.8530459770115,5.173793103448276,99.65517241379311,93.14942528735632,448.71264367816093,1.2231776,1.2231776,2026-10-28
2026-10-28 02:00:00,2,2,0,0.12915977011494248,242.75240229885057,4.277931034482759,77.98850574712644,61.10344827586207,405.4942528735632,1.0097668,1.0097668,2026-10-28
2026-10-28 03:00:00,3,2,0,0.13923636599779202,242.6138356386778,3.854267160205208,81.80459770114942,73.88797973894408,300.80381842976817,0.8942213,0.8942213,2026-10-28
2026-10-28 04:00:00,4,2,0,0.13278467432950186,241.86273754789272,3.61536398467433,46.11494252873563,51.14942528735632,310.632183908046,0.8566348,0.8566348,2026-10-28
2026-10-28 05:00:00,5,2,0,0.10876628352490418,240.42335057471266,3.8024137931034483,3.8045977011494254,75.71264367816092,303.86206896551727,0.90584296,0.90584296,2026-10-28
2026-10-28 06:00:00,6,2,0,0.12766209633278594,239.54394512862615,5.158459222769568,93.3103448275862,83.54022988505747,252.43267651888343,1.2176093,1.2176093,2026-10-28
2026-10-28 07:00:00,7,2,0,0.1461113964294448,239.17569075568596,6.057851145349311,72.07850330154072,99.49425287356321,306.18684274883833,1.4361612,1.4361612,2026-10-28
2026-10-28 08:00:00,8,2,0,0.1250149425287356,240.05337164750958,6.2137931034482765,142.29885057471265,45.85057471264368,372.11494252873564,1.4851749,1.4851749,2026-10-28
2026-10-28 09:00:00,9,2,0,0.12140459770114939,240.16764942528738,6.293639846743295,157.89655172413794,44.333333333333336,381.85057471264366,1.5141333,1.5141333,2026-10-28
2026-10-28 10:00:00,10,2,0,0.12223992248062011,241.77251356589147,5.59577519379845,59.31395348837209,28.686046511627907,477.9767441860465,1.3438978,1.3438978,2026-10-28
2026-10-28 11:00:00,11,2,0,0.11853178294573641,242.60667441860463,4.306860465116279,23.96511627906977,42.36046511627907,453.2674418604651,1.0215522,1.0215522,2026-10-28
2026-10-28 12:00:00,12,2,0,0.12277209302325578,242.25845736434107,3.4916279069767437,16.290697674418606,45.68604651162791,332.8488372093023,0.8285421,0.8285421,2026-10-28
2026-10-28 13:00:00,13,2,0,0.12157248062015501,241.86182558139532,2.8550387596899225,24.8953488372093,40.093023255813954,218.2093023255814,0.6742719,0.6742719,2026-10-28
2026-10-28 14:00:00,14,2,0,0.1200519379844961,242.5761918604651,2.885387596899225,11.767441860465116,37.83720930232558,265.3953488372093,0.6712005,0.6712005,2026-10-28
2026-10-28 15:00:00,15,2,0,0.1184988372093023,242.94929651162786,2.816627906976744,29.86046511627907,38.348837209302324,222.82558139534885,0.65000206,0.65000206,2026-10-28
2026-10-28 16:00:00,16,2,0,0.117537984496124,243.00072674418604,2.745968992248062,51.86046511627907,39.94186046511628,226.1046511627907,0.632368,0.632368,2026-10-28
2026-10-28 17:00:00,17,2,0,0.11032751937984492,242.7553953488372,2.657325581395349,39.25581395348837,37.27906976744186,231.7325581395349,0.6158047,0.6158047,2026-10-28
2026-10-28 18:00:00,18,2,0,0.1133806201550387,242.59957945736434,3.5412403100775194,30.209302325581394,40.91860465116279,358.8255813953488,0.8257172,0.8257172,2026-10-28
2026-10-28 19:00:00,19,2,0,0.11902596899224802,240.9775251937984,6.734689922480619,10.418604651162791,59.25581395348837,727.4302325581396,1.6169161,1.6169161,2026-10-28
2026-10-28 20:00:00,20,2,0,0.11960775193798445,240.64571899224808,5.632131782945737,64.96511627906976,85.8953488372093,726.5232558139535,1.3361667,1.3361667,2026-10-28
2026-10-28 21:00:00,21,2,0,0.12838217054263562,240.35074999999998,5.55077519379845,99.15116279069767,94.16279069767442,709.4418604651163,1.2978245,1.2978245,2026-10-28
2026-10-28 22:00:00,22,2,0,0.14472480620155034,240.24197286821706,5.578682170542636,104.81395348837209,129.46511627906978,597.3255813953489,1.3008571,1.3008571,2026-10-28
2026-10-28 23:00:00,23,2,0,0.13945697674418603,240.05915310077518,6.798720930232559,128.11627906976744,141.11627906976744,689.3604651162791,1.6220187,1.6220187,2026-10-28
2026-10-29 00:00:00,0,3,0,0.1362478927203065,240.66290996168584,6.375210727969349,115.97701149425288,116.0,567.1954022988506,1.5182481,1.5182481,2026-10-29
2026-10-29 01:00:00,1,3,0,0.12679770114942523,241.8530459770115,5.173793103448276,99.65517241379311,93.14942528735632,448.71264367816093,1.2255787,1.2255787,2026-10-29
2026-10-29 02:00:00,2,3,0,0.12915977011494248,242.75240229885057,4.277931034482759,77.98850574712644,61.10344827586207,405.4942528735632,1.0129617,1.0129617,2026-10-29
2026-10-29 03:00:00,3,3,0,0.13923636599779202,242.6138356386778,3.854267160205208,81.80459770114942,73.88797973894408,300.80381842976817,0.8955612,0.8955612,2026-10-29
2026-10-29 04:00:00,4,3,0,0.13278467432950186,241.86273754789272,3.61536398467433,46.11494252873563,51.14942528735632,310.632183908046,0.85752666,0.85752666,2026-10-29
2026-10-29 05:00:00,5,3,0,0.10876628352490418,240.42335057471266,3.8024137931034483,3.8045977011494254,75.71264367816092,303.86206896551727,0.90584296,0.90584296,2026-10-29
2026-10-29 06:00:00,6,3,0,0.12766209633278594,239.54394512862615,5.158459222769568,93.3103448275862,83.54022988505747,252.43267651888343,1.2179393,1.2179393,2026-10-29
2026-10-29 07:00:00,7,3,0,0.1461113964294448,239.17569075568596,6.057851145349311,72.07850330154072,99.49425287356321,306.18684274883833,1.4364911,1.4364911,2026-10-29
2026-10-29 08:00:00,8,3,0,0.1250149425287356,240.05337164750958,6.2137931034482765,142.29885057471265,45.85057471264368,372.11494252873564,1.4851749,1.4851749,2026-10-29
2026-10-29 09:00:00,9,3,0,0.12140459770114939,240.16764942528738,6.293639846743295,157.89655172413794,44.333333333333336,381.85057471264366,1.5141333,1.5141333,2026-10-29
2026-10-29 10:00:00,10,3,0,0.12223992248062011,241.77251356589147,5.59577519379845,59.31395348837209,28.686046511627907,477.9767441860465,1.3446258,1.3446258,2026-10-29
2026-10-29 11:00:00,11,3,0,0.11853178294573641,242.60667441860463,4.306860465116279,23.96511627906977,42.36046511627907,453.2674418604651,1.023966,1.023966,2026-10-29
2026-10-29 12:00:00,12,3,0,0.12277209302325578,242.25845736434107,3.4916279069767437,16.290697674418606,45.68604651162791,332.8488372093023,0.82865286,0.82865286,2026-10-29
2026-10-29 13:00:00,13,3,0,0.12157248062015501,241.86182558139532,2.8550387596899225,24.8953488372093,40.093023255813954,218.2093023255814,0.6743826,0.6743826,2026-10-29
2026-10-29 14:00:00,14,3,0,0.1200519379844961,242.5761918604651,2.885387596899225,11.767441860465116,37.83720930232558,265.3953488372093,0.6711079,0.6711079,2026-10-29
2026-10-29 15:00:00,15,3,0,0.1184988372093023,242.94929651162786,2.816627906976744,29.86046511627907,38.348837209302324,222.82558139534885,0.65269536,0.65269536,2026-10-29
2026-10-29 16:00:00,16,3,0,0.117537984496124,243.00072674418604,2.745968992248062,51.86046511627907,39.94186046511628,226.1046511627907,0.6350613,0.6350613,2026-10-29
2026-10-29 17:00:00,17,3,0,0.11032751937984492,242.7553953488372,2.657325581395349,39.25581395348837,37.27906976744186,231.7325581395349,0.6159617,0.6159617,2026-10-29
2026-10-29 18:00:00,18,3,0,0.1133806201550387,242.59957945736434,3.5412403100775194,30.209302325581394,40.91860465116279,358.8255813953488,0.82654285,0.82654285,2026-10-29
2026-10-29 19:00:00,19,3,0,0.11902596899224802,240.9775251937984,6.734689922480619,10.418604651162791,59.25581395348837,727.4302325581396,1.6163796,1.6163796,2026-10-29
2026-10-29 20:00:00,20,3,0,0.11960775193798445,240.64571899224808,5.632131782945737,64.96511627906976,85.8953488372093,726.5232558139535,1.336886,1.336886,2026-10-29
2026-10-29 21:00:00,21,3,0,0.12838217054263562,240.35074999999998,5.55077519379845,99.15116279069767,94.16279069767442,709.4418604651163,1.2985438,1.2985438,2026-10-29
2026-10-29 22:00:00,22,3,0,0.14472480620155034,240.24197286821706,5.578682170542636,104.81395348837209,129.46511627906978,597.3255813953489,1.3011918,1.3011918,2026-10-29
2026-10-29 23:00:00,23,3,0,0.13945697674418603,240.05915310077518,6.798720930232559,128.11627906976744,141.11627906976744,689.3604651162791,1.6222016,1.6222016,2026-10-29
2026-10-30 00:00:00,0,4,0,0.1362478927203065,240.66290996168584,6.375210727969349,115.97701149425288,116.0,567.1954022988506,1.5236487,1.5236487,2026-10-30
2026-10-30 01:00:00,1,4,0,0.12679770114942523,241.8530459770115,5.173793103448276,99.65517241379311,93.14942528735632,448.71264367816093,1.2306633,1.2306633,2026-10-30
2026-10-30 02:00:00,2,4,0,0.12915977011494248,242.75240229885057,4.277931034482759,77.98850574712644,61.10344827586207,405.4942528735632,1.0132307,1.0132307,2026-10-30
2026-10-30 03:00:00,3,4,0,0.13923636599779202,242.6138356386778,3.854267160205208,81.80459770114942,73.88797973894408,300.80381842976817,0.8984389,0.8984389,2026-10-30
2026-10-30 04:00:00,4,4,0,0.13278467432950186,241.86273754789272,3.61536398467433,46.11494252873563,51.14942528735632,310.632183908046,0.8575205,0.8575205,2026-10-30
2026-10-30 05:00:00,5,4,0,0.10876628352490418,240.42335057471266,3.8024137931034483,3.8045977011494254,75.71264367816092,303.86206896551727,0.90769714,0.90769714,2026-10-30
2026-10-30 06:00:00,6,4,0,0.12766209633278594,239.54394512862615,5.158459222769568,93.3103448275862,83.54022988505747,252.43267651888343,1.220979,1.220979,2026-10-30
2026-10-30 07:00:00,7,4,0,0.1461113964294448,239.17569075568596,6.057851145349311,72.07850330154072,99.49425287356321,306.18684274883833,1.4395308,1.4395308,2026-10-30
2026-10-30 08:00:00,8,4,0,0.1250149425287356,240.05337164750958,6.2137931034482765,142.29885057471265,45.85057471264368,372.11494252873564,1.4848818,1.4848818,2026-10-30
2026-10-30 09:00:00,9,4,0,0.12140459770114939,240.16764942528738,6.293639846743295,157.89655172413794,44.333333333333336,381.85057471264366,1.5141271,1.5141271,2026-10-30
2026-10-30 10:00:00,10,4,0,0.12223992248062011,241.77251356589147,5.59577519379845,59.31395348837209,28.686046511627907,477.9767441860465,1.3446258,1.3446258,2026-10-30
2026-10-30 11:00:00,11,4,0,0.11853178294573641,242.60667441860463,4.306860465116279,23.96511627906977,42.36046511627907,453.2674418604651,1.0242349,1.0242349,2026-10-30
2026-10-30 12:00:00,12,4,0,0.12277209302325578,242.25845736434107,3.4916279069767437,16.290697674418606,45.68604651162791,332.8488372093023,0.8279833,0.8279833,2026-10-30
2026-10-30 13:00:00,13,4,0,0.12157248062015501,241.86182558139532,2.8550387596899225,24.8953488372093,40.093023255813954,218.2093023255814,0.6743765,0.6743765,2026-10-30
2026-10-30 14:00:00,14,4,0,0.1200519379844961,242.5761918604651,2.885387596899225,11.767441860465116,37.83720930232558,265.3953488372093,0.67043835,0.67043835,2026-10-30
2026-10-30 15:00:00,15,4,0,0.1184988372093023,242.94929651162786,2.816627906976744,29.86046511627907,38.348837209302324,222.82558139534885,0.6529643,0.6529643,2026-10-30
2026-10-30 16:00:00,16,4,0,0.117537984496124,243.00072674418604,2.745968992248062,51.86046511627907,39.94186046511628,226.1046511627907,0.63533026,0.63533026,2026-10-30
2026-10-30 17:00:00,17,4,0,0.11032751937984492,242.7553953488372,2.657325581395349,39.25581395348837,37.27906976744186,231.7325581395349,0.6154531,0.6154531,2026-10-30
2026-10-30 18:00:00,18,4,0,0.1133806201550387,242.59957945736434,3.5412403100775194,30.209302325581394,40.91860465116279,358.8255813953488,0.8268118,0.8268118,2026-10-30
2026-10-30 19:00:00,19,4,0,0.11902596899224802,240.9775251937984,6.734689922480619,10.418604651162791,59.25581395348837,727.4302325581396,1.6163734,1.6163734,2026-10-30
2026-10-30 20:00:00,20,4,0,0.11960775193798445,240.64571899224808,5.632131782945737,64.96511627906976,85.8953488372093,726.5232558139535,1.3413275,1.3413275,2026-10-30
2026-10-30 21:00:00,21,4,0,0.12838217054263562,240.35074999999998,5.55077519379845,99.15116279069767,94.16279069767442,709.4418604651163,1.3017061,1.3017061,2026-10-30
2026-10-30 22:00:00,22,4,0,0.14472480620155034,240.24197286821706,5.578682170542636,104.81395348837209,129.46511627906978,597.3255813953489,1.3036643,1.3036643,2026-10-30
2026-10-30 23:00:00,23,4,0,0.13945697674418603,240.05915310077518,6.798720930232559,128.11627906976744,141.11627906976744,689.3604651162791,1.6243871,1.6243871,2026-10-30
2026-10-31 00:00:00,0,5,1,0.1362478927203065,240.66290996168584,6.375210727969349,115.97701149425288,116.0,567.1954022988506,1.5240612,1.5240612,2026-10-31
2026-10-31 01:00:00,1,5,1,0.12679770114942523,241.8530459770115,5.173793103448276,99.65517241379311,93.14942528735632,448.71264367816093,1.2306633,1.2306633,2026-10-31
2026-10-31 02:00:00,2,5,1,0.12915977011494248,242.75240229885057,4.277931034482759,77.98850574712644,61.10344827586207,405.4942528735632,1.0132307,1.0132307,2026-10-31
2026-10-31 03:00:00,3,5,1,0.13923636599779202,242.6138356386778,3.854267160205208,81.80459770114942,73.88797973894408,300.80381842976817,0.8984389,0.8984389,2026-10-31
2026-10-31 04:00:00,4,5,1,0.13278467432950186,241.86273754789272,3.61536398467433,46.11494252873563,51.14942528735632,310.632183908046,0.8575205,0.8575205,2026-10-31
2026-10-31 05:00:00,5,5,1,0.10876628352490418,240.42335057471266,3.8024137931034483,3.8045977011494254,75.71264367816092,303.86206896551727,0.90769714,0.90769714,2026-10-31
2026-10-31 06:00:00,6,5,1,0.12766209633278594,239.54394512862615,5.158459222769568,93.3103448275862,83.54022988505747,252.43267651888343,1.220979,1.220979,2026-10-31
2026-10-31 07:00:00,7,5,1,0.1461113964294448,239.17569075568596,6.057851145349311,72.07850330154072,99.49425287356321,306.18684274883833,1.4395308,1.4395308,2026-10-31
2026-10-31 08:00:00,8,5,1,0.1250149425287356,240.05337164750958,6.2137931034482765,142.29885057471265,45.85057471264368,372.11494252873564,1.4858155,1.4858155,2026-10-31
2026-10-31 09:00:00,9,5,1,0.12140459770114939,240.16764942528738,6.293639846743295,157.89655172413794,44.333333333333336,381.85057471264366,1.5141271,1.5141271,2026-10-31
2026-10-31 10:00:00,10,5,1,0.12223992248062011,241.77251356589147,5.59577519379845,59.31395348837209,28.686046511627907,477.9767441860465,1.3446258,1.3446258,2026-10-31
2026-10-31 11:00:00,11,5,1,0.11853178294573641,242.60667441860463,4.306860465116279,23.96511627906977,42.36046511627907,453.2674418604651,1.0242349,1.0242349,2026-10-31
2026-10-31 12:00:00,12,5,1,0.12277209302325578,242.25845736434107,3.4916279069767437,16.290697674418606,45.68604651162791,332.8488372093023,0.8279833,0.8279833,2026-10-31
2026-10-31 13:00:00,13,5,1,0.12157248062015501,241.86182558139532,2.8550387596899225,24.8953488372093,40.093023255813954,218.2093023255814,0.6743765,0.6743765,2026-10-31
2026-10-31 14:00:00,14,5,1,0.1200519379844961,242.5761918604651,2.885387596899225,11.767441860465116,37.83720930232558,265.3953488372093,0.67043835,0.67043835,2026-10-31
2026-10-31 15:00:00,15,5,1,0.1184988372093023,242.94929651162786,2.816627906976744,29.86046511627907,38.348837209302324,222.82558139534885,0.6529643,0.6529643,2026-10-31
2026-10-31 16:00:00,16,5,1,0.117537984496124,243.00072674418604,2.745968992248062,51.86046511627907,39.94186046511628,226.1046511627907,0.63533026,0.63533026,2026-10-31
2026-10-31 17:00:00,17,5,1,0.11032751937984492,242.7553953488372,2.657325581395349,39.25581395348837,37.27906976744186,231.7325581395349,0.6154531,0.6154531,2026-10-31
2026-10-31 18:00:00,18,5,1,0.1133806201550387,242.59957945736434,3.5412403100775194,30.209302325581394,40.91860465116279,358.8255813953488,0.8268118,0.8268118,2026-10-31
2026-10-31 19:00:00,19,5,1,0.11902596899224802,240.9775251937984,6.734689922480619,10.418604651162791,59.25581395348837,727.4302325581396,1.6163734,1.6163734,2026-10-31
2026-10-31 20:00:00,20,5,1,0.11960775193798445,240.64571899224808,5.632131782945737,64.96511627906976,85.8953488372093,726.5232558139535,1.3413275,1.3413275,2026-10-31
2026-10-31 21:00:00,21,5,1,0.12838217054263562,240.35074999999998,5.55077519379845,99.15116279069767,94.16279069767442,709.4418604651163,1.3017061,1.3017061,2026-10-31
2026-10-31 22:00:00,22,5,1,0.14472480620155034,240.24197286821706,5.578682170542636,104.81395348837209,129.46511627906978,597.3255813953489,1.3036643,1.3036643,2026-10-31
2026-10-31 23:00:00,23,5,1,0.13945697674418603,240.05915310077518,6.798720930232559,128.11627906976744,141.11627906976744,689.3604651162791,1.6243871,1.6243871,2026-10-31
